timestamp_utc,frequency_hz,power_db_smoothed
2026-07-14T01:47:57.296595+00:00,1418605800,-86.592
2026-07-14T01:47:57.296595+00:00,1418607264,-86.532
2026-07-14T01:47:57.296595+00:00,1418608729,-86.642
2026-07-14T01:47:57.296595+00:00,1418610194,-86.627
2026-07-14T01:47:57.296595+00:00,1418611659,-86.614
2026-07-14T01:47:57.296595+00:00,1418613124,-86.714
2026-07-14T01:47:57.296595+00:00,1418614589,-86.769
2026-07-14T01:47:57.296595+00:00,1418616053,-86.719
2026-07-14T01:47:57.296595+00:00,1418617518,-86.622
2026-07-14T01:47:57.296595+00:00,1418618983,-86.64
2026-07-14T01:47:57.296595+00:00,1418620448,-86.681
2026-07-14T01:47:57.296595+00:00,1418621913,-86.659
2026-07-14T01:47:57.296595+00:00,1418623378,-86.712
2026-07-14T01:47:57.296595+00:00,1418624842,-86.764
2026-07-14T01:47:57.296595+00:00,1418626307,-86.767
2026-07-14T01:47:57.296595+00:00,1418627772,-86.734
2026-07-14T01:47:57.296595+00:00,1418629237,-86.692
2026-07-14T01:47:57.296595+00:00,1418630702,-86.682
2026-07-14T01:47:57.296595+00:00,1418632167,-86.74
2026-07-14T01:47:57.296595+00:00,1418633632,-86.809
2026-07-14T01:47:57.296595+00:00,1418635096,-86.787
2026-07-14T01:47:57.296595+00:00,1418636561,-86.814
2026-07-14T01:47:57.296595+00:00,1418638026,-86.778
2026-07-14T01:47:57.296595+00:00,1418639491,-86.82
2026-07-14T01:47:57.296595+00:00,1418640956,-86.827
2026-07-14T01:47:57.296595+00:00,1418642421,-86.826
2026-07-14T01:47:57.296595+00:00,1418643885,-86.868
2026-07-14T01:47:57.296595+00:00,1418645350,-86.851
2026-07-14T01:47:57.296595+00:00,1418646815,-86.872
2026-07-14T01:47:57.296595+00:00,1418648280,-86.846
2026-07-14T01:47:57.296595+00:00,1418649745,-86.861
2026-07-14T01:47:57.296595+00:00,1418651210,-86.901
2026-07-14T01:47:57.296595+00:00,1418652675,-86.97
2026-07-14T01:47:57.296595+00:00,1418654139,-86.922
2026-07-14T01:47:57.296595+00:00,1418655604,-86.984
2026-07-14T01:47:57.296595+00:00,1418657069,-86.951
2026-07-14T01:47:57.296595+00:00,1418658534,-87.041
2026-07-14T01:47:57.296595+00:00,1418659999,-87.031
2026-07-14T01:47:57.296595+00:00,1418661464,-86.998
2026-07-14T01:47:57.296595+00:00,1418662928,-87.056
2026-07-14T01:47:57.296595+00:00,1418664393,-87.14
2026-07-14T01:47:57.296595+00:00,1418665858,-87.149
2026-07-14T01:47:57.296595+00:00,1418667323,-87.178
2026-07-14T01:47:57.296595+00:00,1418668788,-87.176
2026-07-14T01:47:57.296595+00:00,1418670253,-87.135
2026-07-14T01:47:57.296595+00:00,1418671717,-87.218
2026-07-14T01:47:57.296595+00:00,1418673182,-87.303
2026-07-14T01:47:57.296595+00:00,1418674647,-87.351
2026-07-14T01:47:57.296595+00:00,1418676112,-87.386
2026-07-14T01:47:57.296595+00:00,1418677577,-87.454
2026-07-14T01:47:57.296595+00:00,1418679042,-87.477
2026-07-14T01:47:57.296595+00:00,1418680507,-87.466
2026-07-14T01:47:57.296595+00:00,1418681971,-87.569
2026-07-14T01:47:57.296595+00:00,1418683436,-87.574
2026-07-14T01:47:57.296595+00:00,1418684901,-87.608
2026-07-14T01:47:57.296595+00:00,1418686366,-87.597
2026-07-14T01:47:57.296595+00:00,1418687831,-87.613
2026-07-14T01:47:57.296595+00:00,1418689296,-87.706
2026-07-14T01:47:57.296595+00:00,1418690760,-87.822
2026-07-14T01:47:57.296595+00:00,1418692225,-87.819
2026-07-14T01:47:57.296595+00:00,1418693690,-87.867
2026-07-14T01:47:57.296595+00:00,1418695155,-87.905
2026-07-14T01:47:57.296595+00:00,1418696620,-87.923
2026-07-14T01:47:57.296595+00:00,1418698085,-88.001
2026-07-14T01:47:57.296595+00:00,1418699550,-88.08
2026-07-14T01:47:57.296595+00:00,1418701014,-88.105
2026-07-14T01:47:57.296595+00:00,1418702479,-88.203
2026-07-14T01:47:57.296595+00:00,1418703944,-88.266
2026-07-14T01:47:57.296595+00:00,1418705409,-88.287
2026-07-14T01:47:57.296595+00:00,1418706874,-88.333
2026-07-14T01:47:57.296595+00:00,1418708339,-88.38
2026-07-14T01:47:57.296595+00:00,1418709803,-88.391
2026-07-14T01:47:57.296595+00:00,1418711268,-88.457
2026-07-14T01:47:57.296595+00:00,1418712733,-88.535
2026-07-14T01:47:57.296595+00:00,1418714198,-88.553
2026-07-14T01:47:57.296595+00:00,1418715663,-88.656
2026-07-14T01:47:57.296595+00:00,1418717128,-88.782
2026-07-14T01:47:57.296595+00:00,1418718592,-88.849
2026-07-14T01:47:57.296595+00:00,1418720057,-88.918
2026-07-14T01:47:57.296595+00:00,1418721522,-88.964
2026-07-14T01:47:57.296595+00:00,1418722987,-89.047
2026-07-14T01:47:57.296595+00:00,1418724452,-89.054
2026-07-14T01:47:57.296595+00:00,1418725917,-89.106
2026-07-14T01:47:57.296595+00:00,1418727382,-89.162
2026-07-14T01:47:57.296595+00:00,1418728846,-89.304
2026-07-14T01:47:57.296595+00:00,1418730311,-89.36
2026-07-14T01:47:57.296595+00:00,1418731776,-89.364
2026-07-14T01:47:57.296595+00:00,1418733241,-89.468
2026-07-14T01:47:57.296595+00:00,1418734706,-89.496
2026-07-14T01:47:57.296595+00:00,1418736171,-89.565
2026-07-14T01:47:57.296595+00:00,1418737635,-89.64
2026-07-14T01:47:57.296595+00:00,1418739100,-89.743
2026-07-14T01:47:57.296595+00:00,1418740565,-89.761
2026-07-14T01:47:57.296595+00:00,1418742030,-89.82
2026-07-14T01:47:57.296595+00:00,1418743495,-89.939
2026-07-14T01:47:57.296595+00:00,1418744960,-89.961
2026-07-14T01:47:57.296595+00:00,1418746425,-89.939
2026-07-14T01:47:57.296595+00:00,1418747889,-89.966
2026-07-14T01:47:57.296595+00:00,1418749354,-90.108
2026-07-14T01:47:57.296595+00:00,1418750819,-90.148
2026-07-14T01:47:57.296595+00:00,1418752284,-90.221
2026-07-14T01:47:57.296595+00:00,1418753749,-90.219
2026-07-14T01:47:57.296595+00:00,1418755214,-90.211
2026-07-14T01:47:57.296595+00:00,1418756678,-90.231
2026-07-14T01:47:57.296595+00:00,1418758143,-90.265
2026-07-14T01:47:57.296595+00:00,1418759608,-90.341
2026-07-14T01:47:57.296595+00:00,1418761073,-90.316
2026-07-14T01:47:57.296595+00:00,1418762538,-90.371
2026-07-14T01:47:57.296595+00:00,1418764003,-90.278
2026-07-14T01:47:57.296595+00:00,1418765467,-90.299
2026-07-14T01:47:57.296595+00:00,1418766932,-90.318
2026-07-14T01:47:57.296595+00:00,1418768397,-90.169
2026-07-14T01:47:57.296595+00:00,1418769862,-90.109
2026-07-14T01:47:57.296595+00:00,1418771327,-90.051
2026-07-14T01:47:57.296595+00:00,1418772792,-90.04
2026-07-14T01:47:57.296595+00:00,1418774257,-89.947
2026-07-14T01:47:57.296595+00:00,1418775721,-89.875
2026-07-14T01:47:57.296595+00:00,1418777186,-89.766
2026-07-14T01:47:57.296595+00:00,1418778651,-89.683
2026-07-14T01:47:57.296595+00:00,1418780116,-89.546
2026-07-14T01:47:57.296595+00:00,1418781581,-89.432
2026-07-14T01:47:57.296595+00:00,1418783046,-89.309
2026-07-14T01:47:57.296595+00:00,1418784510,-89.213
2026-07-14T01:47:57.296595+00:00,1418785975,-89.026
2026-07-14T01:47:57.296595+00:00,1418787440,-88.931
2026-07-14T01:47:57.296595+00:00,1418788905,-88.816
2026-07-14T01:47:57.296595+00:00,1418790370,-88.6
2026-07-14T01:47:57.296595+00:00,1418791835,-88.452
2026-07-14T01:47:57.296595+00:00,1418793300,-88.296
2026-07-14T01:47:57.296595+00:00,1418794764,-88.166
2026-07-14T01:47:57.296595+00:00,1418796229,-87.954
2026-07-14T01:47:57.296595+00:00,1418797694,-87.848
2026-07-14T01:47:57.296595+00:00,1418799159,-87.697
2026-07-14T01:47:57.296595+00:00,1418800624,-87.495
2026-07-14T01:47:57.296595+00:00,1418802089,-87.308
2026-07-14T01:47:57.296595+00:00,1418803553,-87.028
2026-07-14T01:47:57.296595+00:00,1418805018,-86.839
2026-07-14T01:47:57.296595+00:00,1418806483,-86.69
2026-07-14T01:47:57.296595+00:00,1418807948,-86.501
2026-07-14T01:47:57.296595+00:00,1418809413,-86.271
2026-07-14T01:47:57.296595+00:00,1418810878,-86.059
2026-07-14T01:47:57.296595+00:00,1418812342,-85.832
2026-07-14T01:47:57.296595+00:00,1418813807,-85.644
2026-07-14T01:47:57.296595+00:00,1418815272,-85.489
2026-07-14T01:47:57.296595+00:00,1418816737,-85.421
2026-07-14T01:47:57.296595+00:00,1418818202,-85.155
2026-07-14T01:47:57.296595+00:00,1418819667,-84.932
2026-07-14T01:47:57.296595+00:00,1418821132,-84.783
2026-07-14T01:47:57.296595+00:00,1418822596,-84.606
2026-07-14T01:47:57.296595+00:00,1418824061,-84.415
2026-07-14T01:47:57.296595+00:00,1418825526,-84.208
2026-07-14T01:47:57.296595+00:00,1418826991,-84.047
2026-07-14T01:47:57.296595+00:00,1418828456,-83.826
2026-07-14T01:47:57.296595+00:00,1418829921,-83.662
2026-07-14T01:47:57.296595+00:00,1418831385,-83.449
2026-07-14T01:47:57.296595+00:00,1418832850,-83.256
2026-07-14T01:47:57.296595+00:00,1418834315,-83.052
2026-07-14T01:47:57.296595+00:00,1418835780,-82.9
2026-07-14T01:47:57.296595+00:00,1418837245,-82.805
2026-07-14T01:47:57.296595+00:00,1418838710,-82.639
2026-07-14T01:47:57.296595+00:00,1418840175,-82.368
2026-07-14T01:47:57.296595+00:00,1418841639,-82.223
2026-07-14T01:47:57.296595+00:00,1418843104,-81.964
2026-07-14T01:47:57.296595+00:00,1418844569,-81.795
2026-07-14T01:47:57.296595+00:00,1418846034,-81.637
2026-07-14T01:47:57.296595+00:00,1418847499,-81.465
2026-07-14T01:47:57.296595+00:00,1418848964,-81.333
2026-07-14T01:47:57.296595+00:00,1418850428,-81.249
2026-07-14T01:47:57.296595+00:00,1418851893,-81.09
2026-07-14T01:47:57.296595+00:00,1418853358,-80.913
2026-07-14T01:47:57.296595+00:00,1418854823,-80.721
2026-07-14T01:47:57.296595+00:00,1418856288,-80.625
2026-07-14T01:47:57.296595+00:00,1418857753,-80.491
2026-07-14T01:47:57.296595+00:00,1418859217,-80.286
2026-07-14T01:47:57.296595+00:00,1418860682,-80.141
2026-07-14T01:47:57.296595+00:00,1418862147,-79.98
2026-07-14T01:47:57.296595+00:00,1418863612,-79.836
2026-07-14T01:47:57.296595+00:00,1418865077,-79.701
2026-07-14T01:47:57.296595+00:00,1418866542,-79.532
2026-07-14T01:47:57.296595+00:00,1418868007,-79.332
2026-07-14T01:47:57.296595+00:00,1418869471,-79.212
2026-07-14T01:47:57.296595+00:00,1418870936,-79.113
2026-07-14T01:47:57.296595+00:00,1418872401,-79.017
2026-07-14T01:47:57.296595+00:00,1418873866,-78.749
2026-07-14T01:47:57.296595+00:00,1418875331,-78.625
2026-07-14T01:47:57.296595+00:00,1418876796,-78.564
2026-07-14T01:47:57.296595+00:00,1418878260,-78.464
2026-07-14T01:47:57.296595+00:00,1418879725,-78.31
2026-07-14T01:47:57.296595+00:00,1418881190,-78.104
2026-07-14T01:47:57.296595+00:00,1418882655,-78.01
2026-07-14T01:47:57.296595+00:00,1418884120,-77.891
2026-07-14T01:47:57.296595+00:00,1418885585,-77.777
2026-07-14T01:47:57.296595+00:00,1418887050,-77.592
2026-07-14T01:47:57.296595+00:00,1418888514,-77.465
2026-07-14T01:47:57.296595+00:00,1418889979,-77.362
2026-07-14T01:47:57.296595+00:00,1418891444,-77.287
2026-07-14T01:47:57.296595+00:00,1418892909,-77.095
2026-07-14T01:47:57.296595+00:00,1418894374,-76.994
2026-07-14T01:47:57.296595+00:00,1418895839,-76.936
2026-07-14T01:47:57.296595+00:00,1418897303,-76.841
2026-07-14T01:47:57.296595+00:00,1418898768,-76.741
2026-07-14T01:47:57.296595+00:00,1418900233,-76.484
2026-07-14T01:47:57.296595+00:00,1418901698,-76.442
2026-07-14T01:47:57.296595+00:00,1418903163,-76.356
2026-07-14T01:47:57.296595+00:00,1418904628,-76.24
2026-07-14T01:47:57.296595+00:00,1418906092,-76.098
2026-07-14T01:47:57.296595+00:00,1418907557,-76.043
2026-07-14T01:47:57.296595+00:00,1418909022,-75.922
2026-07-14T01:47:57.296595+00:00,1418910487,-75.846
2026-07-14T01:47:57.296595+00:00,1418911952,-75.717
2026-07-14T01:47:57.296595+00:00,1418913417,-75.597
2026-07-14T01:47:57.296595+00:00,1418914882,-75.554
2026-07-14T01:47:57.296595+00:00,1418916346,-75.435
2026-07-14T01:47:57.296595+00:00,1418917811,-75.305
2026-07-14T01:47:57.296595+00:00,1418919276,-75.211
2026-07-14T01:47:57.296595+00:00,1418920741,-75.148
2026-07-14T01:47:57.296595+00:00,1418922206,-75.059
2026-07-14T01:47:57.296595+00:00,1418923671,-74.958
2026-07-14T01:47:57.296595+00:00,1418925135,-74.885
2026-07-14T01:47:57.296595+00:00,1418926600,-74.754
2026-07-14T01:47:57.296595+00:00,1418928065,-74.684
2026-07-14T01:47:57.296595+00:00,1418929530,-74.632
2026-07-14T01:47:57.296595+00:00,1418930995,-74.524
2026-07-14T01:47:57.296595+00:00,1418932460,-74.449
2026-07-14T01:47:57.296595+00:00,1418933925,-74.309
2026-07-14T01:47:57.296595+00:00,1418935389,-74.251
2026-07-14T01:47:57.296595+00:00,1418936854,-74.169
2026-07-14T01:47:57.296595+00:00,1418938319,-74.025
2026-07-14T01:47:57.296595+00:00,1418939784,-73.982
2026-07-14T01:47:57.296595+00:00,1418941249,-73.849
2026-07-14T01:47:57.296595+00:00,1418942714,-73.806
2026-07-14T01:47:57.296595+00:00,1418944178,-73.776
2026-07-14T01:47:57.296595+00:00,1418945643,-73.599
2026-07-14T01:47:57.296595+00:00,1418947108,-73.521
2026-07-14T01:47:57.296595+00:00,1418948573,-73.473
2026-07-14T01:47:57.296595+00:00,1418950038,-73.438
2026-07-14T01:47:57.296595+00:00,1418951503,-73.439
2026-07-14T01:47:57.296595+00:00,1418952967,-73.359
2026-07-14T01:47:57.296595+00:00,1418954432,-73.239
2026-07-14T01:47:57.296595+00:00,1418955897,-73.204
2026-07-14T01:47:57.296595+00:00,1418957362,-73.07
2026-07-14T01:47:57.296595+00:00,1418958827,-72.985
2026-07-14T01:47:57.296595+00:00,1418960292,-72.935
2026-07-14T01:47:57.296595+00:00,1418961757,-72.868
2026-07-14T01:47:57.296595+00:00,1418963221,-72.835
2026-07-14T01:47:57.296595+00:00,1418964686,-72.744
2026-07-14T01:47:57.296595+00:00,1418966151,-72.693
2026-07-14T01:47:57.296595+00:00,1418967616,-72.653
2026-07-14T01:47:57.296595+00:00,1418969081,-72.539
2026-07-14T01:47:57.296595+00:00,1418970546,-72.424
2026-07-14T01:47:57.296595+00:00,1418972010,-72.427
2026-07-14T01:47:57.296595+00:00,1418973475,-72.371
2026-07-14T01:47:57.296595+00:00,1418974940,-72.342
2026-07-14T01:47:57.296595+00:00,1418976405,-72.287
2026-07-14T01:47:57.296595+00:00,1418977870,-72.237
2026-07-14T01:47:57.296595+00:00,1418979335,-72.161
2026-07-14T01:47:57.296595+00:00,1418980800,-72.141
2026-07-14T01:47:57.296595+00:00,1418982264,-72.064
2026-07-14T01:47:57.296595+00:00,1418983729,-71.946
2026-07-14T01:47:57.296595+00:00,1418985194,-71.897
2026-07-14T01:47:57.296595+00:00,1418986659,-71.815
2026-07-14T01:47:57.296595+00:00,1418988124,-71.812
2026-07-14T01:47:57.296595+00:00,1418989589,-71.706
2026-07-14T01:47:57.296595+00:00,1418991053,-71.698
2026-07-14T01:47:57.296595+00:00,1418992518,-71.655
2026-07-14T01:47:57.296595+00:00,1418993983,-71.618
2026-07-14T01:47:57.296595+00:00,1418995448,-71.559
2026-07-14T01:47:57.296595+00:00,1418996913,-71.509
2026-07-14T01:47:57.296595+00:00,1418998378,-71.415
2026-07-14T01:47:57.296595+00:00,1418999842,-71.425
2026-07-14T01:47:57.296595+00:00,1419001307,-71.411
2026-07-14T01:47:57.296595+00:00,1419002772,-71.337
2026-07-14T01:47:57.296595+00:00,1419004237,-71.286
2026-07-14T01:47:57.296595+00:00,1419005702,-71.216
2026-07-14T01:47:57.296595+00:00,1419007167,-71.151
2026-07-14T01:47:57.296595+00:00,1419008632,-71.152
2026-07-14T01:47:57.296595+00:00,1419010096,-71.085
2026-07-14T01:47:57.296595+00:00,1419011561,-71.049
2026-07-14T01:47:57.296595+00:00,1419013026,-71.047
2026-07-14T01:47:57.296595+00:00,1419014491,-70.968
2026-07-14T01:47:57.296595+00:00,1419015956,-70.905
2026-07-14T01:47:57.296595+00:00,1419017421,-70.884
2026-07-14T01:47:57.296595+00:00,1419018885,-70.893
2026-07-14T01:47:57.296595+00:00,1419020350,-70.835
2026-07-14T01:47:57.296595+00:00,1419021815,-70.7
2026-07-14T01:47:57.296595+00:00,1419023280,-70.736
2026-07-14T01:47:57.296595+00:00,1419024745,-70.719
2026-07-14T01:47:57.296595+00:00,1419026210,-70.78
2026-07-14T01:47:57.296595+00:00,1419027675,-70.731
2026-07-14T01:47:57.296595+00:00,1419029139,-70.58
2026-07-14T01:47:57.296595+00:00,1419030604,-70.583
2026-07-14T01:47:57.296595+00:00,1419032069,-70.553
2026-07-14T01:47:57.296595+00:00,1419033534,-70.551
2026-07-14T01:47:57.296595+00:00,1419034999,-70.531
2026-07-14T01:47:57.296595+00:00,1419036464,-70.509
2026-07-14T01:47:57.296595+00:00,1419037928,-70.484
2026-07-14T01:47:57.296595+00:00,1419039393,-70.409
2026-07-14T01:47:57.296595+00:00,1419040858,-70.323
2026-07-14T01:47:57.296595+00:00,1419042323,-70.297
2026-07-14T01:47:57.296595+00:00,1419043788,-70.333
2026-07-14T01:47:57.296595+00:00,1419045253,-70.292
2026-07-14T01:47:57.296595+00:00,1419046717,-70.231
2026-07-14T01:47:57.296595+00:00,1419048182,-70.233
2026-07-14T01:47:57.296595+00:00,1419049647,-70.188
2026-07-14T01:47:57.296595+00:00,1419051112,-70.219
2026-07-14T01:47:57.296595+00:00,1419052577,-70.187
2026-07-14T01:47:57.296595+00:00,1419054042,-70.112
2026-07-14T01:47:57.296595+00:00,1419055507,-70.075
2026-07-14T01:47:57.296595+00:00,1419056971,-70.084
2026-07-14T01:47:57.296595+00:00,1419058436,-70.092
2026-07-14T01:47:57.296595+00:00,1419059901,-70.04
2026-07-14T01:47:57.296595+00:00,1419061366,-69.986
2026-07-14T01:47:57.296595+00:00,1419062831,-69.95
2026-07-14T01:47:57.296595+00:00,1419064296,-69.938
2026-07-14T01:47:57.296595+00:00,1419065760,-69.966
2026-07-14T01:47:57.296595+00:00,1419067225,-69.94
2026-07-14T01:47:57.296595+00:00,1419068690,-69.869
2026-07-14T01:47:57.296595+00:00,1419070155,-69.908
2026-07-14T01:47:57.296595+00:00,1419071620,-69.938
2026-07-14T01:47:57.296595+00:00,1419073085,-69.888
2026-07-14T01:47:57.296595+00:00,1419074550,-69.895
2026-07-14T01:47:57.296595+00:00,1419076014,-69.821
2026-07-14T01:47:57.296595+00:00,1419077479,-69.842
2026-07-14T01:47:57.296595+00:00,1419078944,-69.805
2026-07-14T01:47:57.296595+00:00,1419080409,-69.812
2026-07-14T01:47:57.296595+00:00,1419081874,-69.756
2026-07-14T01:47:57.296595+00:00,1419083339,-69.735
2026-07-14T01:47:57.296595+00:00,1419084803,-69.755
2026-07-14T01:47:57.296595+00:00,1419086268,-69.702
2026-07-14T01:47:57.296595+00:00,1419087733,-69.652
2026-07-14T01:47:57.296595+00:00,1419089198,-69.708
2026-07-14T01:47:57.296595+00:00,1419090663,-69.61
2026-07-14T01:47:57.296595+00:00,1419092128,-69.677
2026-07-14T01:47:57.296595+00:00,1419093592,-69.66
2026-07-14T01:47:57.296595+00:00,1419095057,-69.597
2026-07-14T01:47:57.296595+00:00,1419096522,-69.592
2026-07-14T01:47:57.296595+00:00,1419097987,-69.633
2026-07-14T01:47:57.296595+00:00,1419099452,-69.603
2026-07-14T01:47:57.296595+00:00,1419100917,-69.624
2026-07-14T01:47:57.296595+00:00,1419102382,-69.626
2026-07-14T01:47:57.296595+00:00,1419103846,-69.578
2026-07-14T01:47:57.296595+00:00,1419105311,-69.6
2026-07-14T01:47:57.296595+00:00,1419106776,-69.569
2026-07-14T01:47:57.296595+00:00,1419108241,-69.5
2026-07-14T01:47:57.296595+00:00,1419109706,-69.446
2026-07-14T01:47:57.296595+00:00,1419111171,-69.446
2026-07-14T01:47:57.296595+00:00,1419112635,-69.498
2026-07-14T01:47:57.296595+00:00,1419114100,-69.51
2026-07-14T01:47:57.296595+00:00,1419115565,-69.494
2026-07-14T01:47:57.296595+00:00,1419117030,-69.513
2026-07-14T01:47:57.296595+00:00,1419118495,-69.523
2026-07-14T01:47:57.296595+00:00,1419119960,-69.478
2026-07-14T01:47:57.296595+00:00,1419121425,-69.488
2026-07-14T01:47:57.296595+00:00,1419122889,-69.434
2026-07-14T01:47:57.296595+00:00,1419124354,-69.441
2026-07-14T01:47:57.296595+00:00,1419125819,-69.508
2026-07-14T01:47:57.296595+00:00,1419127284,-69.474
2026-07-14T01:47:57.296595+00:00,1419128749,-69.411
2026-07-14T01:47:57.296595+00:00,1419130214,-69.489
2026-07-14T01:47:57.296595+00:00,1419131678,-69.503
2026-07-14T01:47:57.296595+00:00,1419133143,-69.493
2026-07-14T01:47:57.296595+00:00,1419134608,-69.45
2026-07-14T01:47:57.296595+00:00,1419136073,-69.428
2026-07-14T01:47:57.296595+00:00,1419137538,-69.433
2026-07-14T01:47:57.296595+00:00,1419139003,-69.438
2026-07-14T01:47:57.296595+00:00,1419140467,-69.446
2026-07-14T01:47:57.296595+00:00,1419141932,-69.509
2026-07-14T01:47:57.296595+00:00,1419143397,-69.506
2026-07-14T01:47:57.296595+00:00,1419144862,-69.422
2026-07-14T01:47:57.296595+00:00,1419146327,-69.42
2026-07-14T01:47:57.296595+00:00,1419147792,-69.482
2026-07-14T01:47:57.296595+00:00,1419149257,-69.479
2026-07-14T01:47:57.296595+00:00,1419150721,-69.411
2026-07-14T01:47:57.296595+00:00,1419152186,-69.432
2026-07-14T01:47:57.296595+00:00,1419153651,-69.429
2026-07-14T01:47:57.296595+00:00,1419155116,-69.437
2026-07-14T01:47:57.296595+00:00,1419156581,-69.41
2026-07-14T01:47:57.296595+00:00,1419158046,-69.482
2026-07-14T01:47:57.296595+00:00,1419159510,-69.445
2026-07-14T01:47:57.296595+00:00,1419160975,-69.398
2026-07-14T01:47:57.296595+00:00,1419162440,-69.482
2026-07-14T01:47:57.296595+00:00,1419163905,-69.516
2026-07-14T01:47:57.296595+00:00,1419165370,-69.529
2026-07-14T01:47:57.296595+00:00,1419166835,-69.506
2026-07-14T01:47:57.296595+00:00,1419168300,-69.507
2026-07-14T01:47:57.296595+00:00,1419169764,-69.462
2026-07-14T01:47:57.296595+00:00,1419171229,-69.409
2026-07-14T01:47:57.296595+00:00,1419172694,-69.469
2026-07-14T01:47:57.296595+00:00,1419174159,-69.476
2026-07-14T01:47:57.296595+00:00,1419175624,-69.522
2026-07-14T01:47:57.296595+00:00,1419177089,-69.486
2026-07-14T01:47:57.296595+00:00,1419178553,-69.47
2026-07-14T01:47:57.296595+00:00,1419180018,-69.543
2026-07-14T01:47:57.296595+00:00,1419181483,-69.466
2026-07-14T01:47:57.296595+00:00,1419182948,-69.504
2026-07-14T01:47:57.296595+00:00,1419184413,-69.576
2026-07-14T01:47:57.296595+00:00,1419185878,-69.574
2026-07-14T01:47:57.296595+00:00,1419187342,-69.507
2026-07-14T01:47:57.296595+00:00,1419188807,-69.533
2026-07-14T01:47:57.296595+00:00,1419190272,-69.509
2026-07-14T01:47:57.296595+00:00,1419191737,-69.534
2026-07-14T01:47:57.296595+00:00,1419193202,-69.502
2026-07-14T01:47:57.296595+00:00,1419194667,-69.611
2026-07-14T01:47:57.296595+00:00,1419196132,-69.612
2026-07-14T01:47:57.296595+00:00,1419197596,-69.63
2026-07-14T01:47:57.296595+00:00,1419199061,-69.596
2026-07-14T01:47:57.296595+00:00,1419200526,-69.569
2026-07-14T01:47:57.296595+00:00,1419201991,-69.588
2026-07-14T01:47:57.296595+00:00,1419203456,-69.603
2026-07-14T01:47:57.296595+00:00,1419204921,-69.536
2026-07-14T01:47:57.296595+00:00,1419206385,-69.586
2026-07-14T01:47:57.296595+00:00,1419207850,-69.531
2026-07-14T01:47:57.296595+00:00,1419209315,-69.569
2026-07-14T01:47:57.296595+00:00,1419210780,-69.653
2026-07-14T01:47:57.296595+00:00,1419212245,-69.659
2026-07-14T01:47:57.296595+00:00,1419213710,-69.641
2026-07-14T01:47:57.296595+00:00,1419215175,-69.625
2026-07-14T01:47:57.296595+00:00,1419216639,-69.627
2026-07-14T01:47:57.296595+00:00,1419218104,-69.602
2026-07-14T01:47:57.296595+00:00,1419219569,-69.624
2026-07-14T01:47:57.296595+00:00,1419221034,-69.592
2026-07-14T01:47:57.296595+00:00,1419222499,-69.515
2026-07-14T01:47:57.296595+00:00,1419223964,-69.615
2026-07-14T01:47:57.296595+00:00,1419225428,-69.661
2026-07-14T01:47:57.296595+00:00,1419226893,-69.669
2026-07-14T01:47:57.296595+00:00,1419228358,-69.711
2026-07-14T01:47:57.296595+00:00,1419229823,-69.652
2026-07-14T01:47:57.296595+00:00,1419231288,-69.651
2026-07-14T01:47:57.296595+00:00,1419232753,-69.702
2026-07-14T01:47:57.296595+00:00,1419234217,-69.718
2026-07-14T01:47:57.296595+00:00,1419235682,-69.702
2026-07-14T01:47:57.296595+00:00,1419237147,-69.683
2026-07-14T01:47:57.296595+00:00,1419238612,-69.694
2026-07-14T01:47:57.296595+00:00,1419240077,-69.761
2026-07-14T01:47:57.296595+00:00,1419241542,-69.78
2026-07-14T01:47:57.296595+00:00,1419243007,-69.794
2026-07-14T01:47:57.296595+00:00,1419244471,-69.785
2026-07-14T01:47:57.296595+00:00,1419245936,-69.767
2026-07-14T01:47:57.296595+00:00,1419247401,-69.807
2026-07-14T01:47:57.296595+00:00,1419248866,-69.855
2026-07-14T01:47:57.296595+00:00,1419250331,-69.82
2026-07-14T01:47:57.296595+00:00,1419251796,-69.813
2026-07-14T01:47:57.296595+00:00,1419253260,-69.817
2026-07-14T01:47:57.296595+00:00,1419254725,-69.896
2026-07-14T01:47:57.296595+00:00,1419256190,-69.889
2026-07-14T01:47:57.296595+00:00,1419257655,-69.785
2026-07-14T01:47:57.296595+00:00,1419259120,-69.827
2026-07-14T01:47:57.296595+00:00,1419260585,-69.867
2026-07-14T01:47:57.296595+00:00,1419262050,-69.837
2026-07-14T01:47:57.296595+00:00,1419263514,-69.838
2026-07-14T01:47:57.296595+00:00,1419264979,-69.82
2026-07-14T01:47:57.296595+00:00,1419266444,-69.896
2026-07-14T01:47:57.296595+00:00,1419267909,-69.92
2026-07-14T01:47:57.296595+00:00,1419269374,-69.854
2026-07-14T01:47:57.296595+00:00,1419270839,-69.817
2026-07-14T01:47:57.296595+00:00,1419272303,-69.848
2026-07-14T01:47:57.296595+00:00,1419273768,-69.902
2026-07-14T01:47:57.296595+00:00,1419275233,-69.899
2026-07-14T01:47:57.296595+00:00,1419276698,-69.922
2026-07-14T01:47:57.296595+00:00,1419278163,-69.862
2026-07-14T01:47:57.296595+00:00,1419279628,-69.826
2026-07-14T01:47:57.296595+00:00,1419281092,-69.979
2026-07-14T01:47:57.296595+00:00,1419282557,-69.913
2026-07-14T01:47:57.296595+00:00,1419284022,-69.946
2026-07-14T01:47:57.296595+00:00,1419285487,-69.929
2026-07-14T01:47:57.296595+00:00,1419286952,-69.945
2026-07-14T01:47:57.296595+00:00,1419288417,-69.884
2026-07-14T01:47:57.296595+00:00,1419289882,-69.871
2026-07-14T01:47:57.296595+00:00,1419291346,-69.897
2026-07-14T01:47:57.296595+00:00,1419292811,-69.965
2026-07-14T01:47:57.296595+00:00,1419294276,-70.004
2026-07-14T01:47:57.296595+00:00,1419295741,-69.97
2026-07-14T01:47:57.296595+00:00,1419297206,-69.958
2026-07-14T01:47:57.296595+00:00,1419298671,-70.048
2026-07-14T01:47:57.296595+00:00,1419300135,-69.935
2026-07-14T01:47:57.296595+00:00,1419301600,-69.943
2026-07-14T01:47:57.296595+00:00,1419303065,-69.998
2026-07-14T01:47:57.296595+00:00,1419304530,-70.003
2026-07-14T01:47:57.296595+00:00,1419305995,-70.012
2026-07-14T01:47:57.296595+00:00,1419307460,-70.055
2026-07-14T01:47:57.296595+00:00,1419308925,-69.978
2026-07-14T01:47:57.296595+00:00,1419310389,-70.043
2026-07-14T01:47:57.296595+00:00,1419311854,-69.988
2026-07-14T01:47:57.296595+00:00,1419313319,-70.011
2026-07-14T01:47:57.296595+00:00,1419314784,-70.0
2026-07-14T01:47:57.296595+00:00,1419316249,-70.023
2026-07-14T01:47:57.296595+00:00,1419317714,-70.004
2026-07-14T01:47:57.296595+00:00,1419319178,-70.014
2026-07-14T01:47:57.296595+00:00,1419320643,-69.987
2026-07-14T01:47:57.296595+00:00,1419322108,-70.001
2026-07-14T01:47:57.296595+00:00,1419323573,-69.959
2026-07-14T01:47:57.296595+00:00,1419325038,-70.052
2026-07-14T01:47:57.296595+00:00,1419326503,-70.032
2026-07-14T01:47:57.296595+00:00,1419327967,-70.072
2026-07-14T01:47:57.296595+00:00,1419329432,-70.088
2026-07-14T01:47:57.296595+00:00,1419330897,-70.029
2026-07-14T01:47:57.296595+00:00,1419332362,-70.028
2026-07-14T01:47:57.296595+00:00,1419333827,-70.06
2026-07-14T01:47:57.296595+00:00,1419335292,-70.07
2026-07-14T01:47:57.296595+00:00,1419336757,-70.032
2026-07-14T01:47:57.296595+00:00,1419338221,-69.993
2026-07-14T01:47:57.296595+00:00,1419339686,-70.038
2026-07-14T01:47:57.296595+00:00,1419341151,-70.037
2026-07-14T01:47:57.296595+00:00,1419342616,-69.987
2026-07-14T01:47:57.296595+00:00,1419344081,-70.053
2026-07-14T01:47:57.296595+00:00,1419345546,-70.043
2026-07-14T01:47:57.296595+00:00,1419347010,-69.995
2026-07-14T01:47:57.296595+00:00,1419348475,-69.944
2026-07-14T01:47:57.296595+00:00,1419349940,-69.978
2026-07-14T01:47:57.296595+00:00,1419351405,-70.028
2026-07-14T01:47:57.296595+00:00,1419352870,-70.023
2026-07-14T01:47:57.296595+00:00,1419354335,-70.021
2026-07-14T01:47:57.296595+00:00,1419355800,-70.064
2026-07-14T01:47:57.296595+00:00,1419357264,-70.07
2026-07-14T01:47:57.296595+00:00,1419358729,-69.997
2026-07-14T01:47:57.296595+00:00,1419360194,-69.974
2026-07-14T01:47:57.296595+00:00,1419361659,-70.014
2026-07-14T01:47:57.296595+00:00,1419363124,-70.002
2026-07-14T01:47:57.296595+00:00,1419364589,-70.038
2026-07-14T01:47:57.296595+00:00,1419366053,-70.048
2026-07-14T01:47:57.296595+00:00,1419367518,-69.967
2026-07-14T01:47:57.296595+00:00,1419368983,-69.977
2026-07-14T01:47:57.296595+00:00,1419370448,-70.017
2026-07-14T01:47:57.296595+00:00,1419371913,-69.988
2026-07-14T01:47:57.296595+00:00,1419373378,-70.056
2026-07-14T01:47:57.296595+00:00,1419374842,-70.062
2026-07-14T01:47:57.296595+00:00,1419376307,-70.003
2026-07-14T01:47:57.296595+00:00,1419377772,-69.975
2026-07-14T01:47:57.296595+00:00,1419379237,-69.985
2026-07-14T01:47:57.296595+00:00,1419380702,-69.957
2026-07-14T01:47:57.296595+00:00,1419382167,-69.95
2026-07-14T01:47:57.296595+00:00,1419383632,-69.986
2026-07-14T01:47:57.296595+00:00,1419385096,-70.002
2026-07-14T01:47:57.296595+00:00,1419386561,-69.968
2026-07-14T01:47:57.296595+00:00,1419388026,-69.933
2026-07-14T01:47:57.296595+00:00,1419389491,-69.898
2026-07-14T01:47:57.296595+00:00,1419390956,-69.896
2026-07-14T01:47:57.296595+00:00,1419392421,-69.853
2026-07-14T01:47:57.296595+00:00,1419393885,-69.899
2026-07-14T01:47:57.296595+00:00,1419395350,-69.912
2026-07-14T01:47:57.296595+00:00,1419396815,-69.912
2026-07-14T01:47:57.296595+00:00,1419398280,-69.853
2026-07-14T01:47:57.296595+00:00,1419399745,-69.911
2026-07-14T01:47:57.296595+00:00,1419401210,-69.895
2026-07-14T01:47:57.296595+00:00,1419402675,-69.896
2026-07-14T01:47:57.296595+00:00,1419404139,-69.938
2026-07-14T01:47:57.296595+00:00,1419405604,-69.969
2026-07-14T01:47:57.296595+00:00,1419407069,-69.895
2026-07-14T01:47:57.296595+00:00,1419408534,-69.852
2026-07-14T01:47:57.296595+00:00,1419409999,-69.954
2026-07-14T01:47:57.296595+00:00,1419411464,-69.908
2026-07-14T01:47:57.296595+00:00,1419412928,-69.9
2026-07-14T01:47:57.296595+00:00,1419414393,-69.897
2026-07-14T01:47:57.296595+00:00,1419415858,-69.846
2026-07-14T01:47:57.296595+00:00,1419417323,-69.856
2026-07-14T01:47:57.296595+00:00,1419418788,-69.841
2026-07-14T01:47:57.296595+00:00,1419420253,-69.91
2026-07-14T01:47:57.296595+00:00,1419421717,-69.805
2026-07-14T01:47:57.296595+00:00,1419423182,-69.81
2026-07-14T01:47:57.296595+00:00,1419424647,-69.828
2026-07-14T01:47:57.296595+00:00,1419426112,-69.78
2026-07-14T01:47:57.296595+00:00,1419427577,-69.784
2026-07-14T01:47:57.296595+00:00,1419429042,-69.816
2026-07-14T01:47:57.296595+00:00,1419430507,-69.869
2026-07-14T01:47:57.296595+00:00,1419431971,-69.836
2026-07-14T01:47:57.296595+00:00,1419433436,-69.807
2026-07-14T01:47:57.296595+00:00,1419434901,-69.849
2026-07-14T01:47:57.296595+00:00,1419436366,-69.841
2026-07-14T01:47:57.296595+00:00,1419437831,-69.783
2026-07-14T01:47:57.296595+00:00,1419439296,-69.733
2026-07-14T01:47:57.296595+00:00,1419440760,-69.742
2026-07-14T01:47:57.296595+00:00,1419442225,-69.709
2026-07-14T01:47:57.296595+00:00,1419443690,-69.759
2026-07-14T01:47:57.296595+00:00,1419445155,-69.717
2026-07-14T01:47:57.296595+00:00,1419446620,-69.688
2026-07-14T01:47:57.296595+00:00,1419448085,-69.739
2026-07-14T01:47:57.296595+00:00,1419449550,-69.729
2026-07-14T01:47:57.296595+00:00,1419451014,-69.705
2026-07-14T01:47:57.296595+00:00,1419452479,-69.712
2026-07-14T01:47:57.296595+00:00,1419453944,-69.735
2026-07-14T01:47:57.296595+00:00,1419455409,-69.711
2026-07-14T01:47:57.296595+00:00,1419456874,-69.648
2026-07-14T01:47:57.296595+00:00,1419458339,-69.629
2026-07-14T01:47:57.296595+00:00,1419459803,-69.666
2026-07-14T01:47:57.296595+00:00,1419461268,-69.69
2026-07-14T01:47:57.296595+00:00,1419462733,-69.683
2026-07-14T01:47:57.296595+00:00,1419464198,-69.622
2026-07-14T01:47:57.296595+00:00,1419465663,-69.547
2026-07-14T01:47:57.296595+00:00,1419467128,-69.559
2026-07-14T01:47:57.296595+00:00,1419468592,-69.652
2026-07-14T01:47:57.296595+00:00,1419470057,-69.633
2026-07-14T01:47:57.296595+00:00,1419471522,-69.691
2026-07-14T01:47:57.296595+00:00,1419472987,-69.632
2026-07-14T01:47:57.296595+00:00,1419474452,-69.578
2026-07-14T01:47:57.296595+00:00,1419475917,-69.63
2026-07-14T01:47:57.296595+00:00,1419477382,-69.596
2026-07-14T01:47:57.296595+00:00,1419478846,-69.616
2026-07-14T01:47:57.296595+00:00,1419480311,-69.595
2026-07-14T01:47:57.296595+00:00,1419481776,-69.588
2026-07-14T01:47:57.296595+00:00,1419483241,-69.528
2026-07-14T01:47:57.296595+00:00,1419484706,-69.582
2026-07-14T01:47:57.296595+00:00,1419486171,-69.564
2026-07-14T01:47:57.296595+00:00,1419487635,-69.471
2026-07-14T01:47:57.296595+00:00,1419489100,-69.572
2026-07-14T01:47:57.296595+00:00,1419490565,-69.486
2026-07-14T01:47:57.296595+00:00,1419492030,-69.477
2026-07-14T01:47:57.296595+00:00,1419493495,-69.522
2026-07-14T01:47:57.296595+00:00,1419494960,-69.564
2026-07-14T01:47:57.296595+00:00,1419496425,-69.576
2026-07-14T01:47:57.296595+00:00,1419497889,-69.506
2026-07-14T01:47:57.296595+00:00,1419499354,-69.46
2026-07-14T01:47:57.296595+00:00,1419500819,-69.403
2026-07-14T01:47:57.296595+00:00,1419502284,-69.462
2026-07-14T01:47:57.296595+00:00,1419503749,-69.531
2026-07-14T01:47:57.296595+00:00,1419505214,-69.462
2026-07-14T01:47:57.296595+00:00,1419506678,-69.446
2026-07-14T01:47:57.296595+00:00,1419508143,-69.377
2026-07-14T01:47:57.296595+00:00,1419509608,-69.4
2026-07-14T01:47:57.296595+00:00,1419511073,-69.494
2026-07-14T01:47:57.296595+00:00,1419512538,-69.512
2026-07-14T01:47:57.296595+00:00,1419514003,-69.438
2026-07-14T01:47:57.296595+00:00,1419515467,-69.495
2026-07-14T01:47:57.296595+00:00,1419516932,-69.501
2026-07-14T01:47:57.296595+00:00,1419518397,-69.385
2026-07-14T01:47:57.296595+00:00,1419519862,-69.363
2026-07-14T01:47:57.296595+00:00,1419521327,-69.446
2026-07-14T01:47:57.296595+00:00,1419522792,-69.392
2026-07-14T01:47:57.296595+00:00,1419524257,-69.378
2026-07-14T01:47:57.296595+00:00,1419525721,-69.359
2026-07-14T01:47:57.296595+00:00,1419527186,-69.394
2026-07-14T01:47:57.296595+00:00,1419528651,-69.33
2026-07-14T01:47:57.296595+00:00,1419530116,-69.35
2026-07-14T01:47:57.296595+00:00,1419531581,-69.392
2026-07-14T01:47:57.296595+00:00,1419533046,-69.323
2026-07-14T01:47:57.296595+00:00,1419534510,-69.307
2026-07-14T01:47:57.296595+00:00,1419535975,-69.321
2026-07-14T01:47:57.296595+00:00,1419537440,-69.294
2026-07-14T01:47:57.296595+00:00,1419538905,-69.297
2026-07-14T01:47:57.296595+00:00,1419540370,-69.343
2026-07-14T01:47:57.296595+00:00,1419541835,-69.308
2026-07-14T01:47:57.296595+00:00,1419543300,-69.362
2026-07-14T01:47:57.296595+00:00,1419544764,-69.306
2026-07-14T01:47:57.296595+00:00,1419546229,-69.317
2026-07-14T01:47:57.296595+00:00,1419547694,-69.32
2026-07-14T01:47:57.296595+00:00,1419549159,-69.261
2026-07-14T01:47:57.296595+00:00,1419550624,-69.267
2026-07-14T01:47:57.296595+00:00,1419552089,-69.269
2026-07-14T01:47:57.296595+00:00,1419553553,-69.315
2026-07-14T01:47:57.296595+00:00,1419555018,-69.294
2026-07-14T01:47:57.296595+00:00,1419556483,-69.296
2026-07-14T01:47:57.296595+00:00,1419557948,-69.208
2026-07-14T01:47:57.296595+00:00,1419559413,-69.215
2026-07-14T01:47:57.296595+00:00,1419560878,-69.224
2026-07-14T01:47:57.296595+00:00,1419562342,-69.228
2026-07-14T01:47:57.296595+00:00,1419563807,-69.249
2026-07-14T01:47:57.296595+00:00,1419565272,-69.251
2026-07-14T01:47:57.296595+00:00,1419566737,-69.218
2026-07-14T01:47:57.296595+00:00,1419568202,-69.251
2026-07-14T01:47:57.296595+00:00,1419569667,-69.236
2026-07-14T01:47:57.296595+00:00,1419571132,-69.178
2026-07-14T01:47:57.296595+00:00,1419572596,-69.173
2026-07-14T01:47:57.296595+00:00,1419574061,-69.169
2026-07-14T01:47:57.296595+00:00,1419575526,-69.167
2026-07-14T01:47:57.296595+00:00,1419576991,-69.162
2026-07-14T01:47:57.296595+00:00,1419578456,-69.2
2026-07-14T01:47:57.296595+00:00,1419579921,-69.233
2026-07-14T01:47:57.296595+00:00,1419581385,-69.216
2026-07-14T01:47:57.296595+00:00,1419582850,-69.222
2026-07-14T01:47:57.296595+00:00,1419584315,-69.2
2026-07-14T01:47:57.296595+00:00,1419585780,-69.192
2026-07-14T01:47:57.296595+00:00,1419587245,-69.166
2026-07-14T01:47:57.296595+00:00,1419588710,-69.143
2026-07-14T01:47:57.296595+00:00,1419590175,-69.121
2026-07-14T01:47:57.296595+00:00,1419591639,-69.176
2026-07-14T01:47:57.296595+00:00,1419593104,-69.123
2026-07-14T01:47:57.296595+00:00,1419594569,-69.157
2026-07-14T01:47:57.296595+00:00,1419596034,-69.153
2026-07-14T01:47:57.296595+00:00,1419597499,-69.083
2026-07-14T01:47:57.296595+00:00,1419598964,-69.116
2026-07-14T01:47:57.296595+00:00,1419600428,-69.152
2026-07-14T01:47:57.296595+00:00,1419601893,-69.171
2026-07-14T01:47:57.296595+00:00,1419603358,-69.119
2026-07-14T01:47:57.296595+00:00,1419604823,-69.177
2026-07-14T01:47:57.296595+00:00,1419606288,-69.176
2026-07-14T01:47:57.296595+00:00,1419607753,-69.097
2026-07-14T01:47:57.296595+00:00,1419609217,-69.066
2026-07-14T01:47:57.296595+00:00,1419610682,-69.112
2026-07-14T01:47:57.296595+00:00,1419612147,-69.12
2026-07-14T01:47:57.296595+00:00,1419613612,-69.068
2026-07-14T01:47:57.296595+00:00,1419615077,-69.083
2026-07-14T01:47:57.296595+00:00,1419616542,-69.069
2026-07-14T01:47:57.296595+00:00,1419618007,-69.117
2026-07-14T01:47:57.296595+00:00,1419619471,-69.051
2026-07-14T01:47:57.296595+00:00,1419620936,-69.068
2026-07-14T01:47:57.296595+00:00,1419622401,-69.082
2026-07-14T01:47:57.296595+00:00,1419623866,-68.989
2026-07-14T01:47:57.296595+00:00,1419625331,-69.045
2026-07-14T01:47:57.296595+00:00,1419626796,-69.056
2026-07-14T01:47:57.296595+00:00,1419628260,-69.054
2026-07-14T01:47:57.296595+00:00,1419629725,-68.999
2026-07-14T01:47:57.296595+00:00,1419631190,-69.06
2026-07-14T01:47:57.296595+00:00,1419632655,-69.074
2026-07-14T01:47:57.296595+00:00,1419634120,-69.027
2026-07-14T01:47:57.296595+00:00,1419635585,-69.066
2026-07-14T01:47:57.296595+00:00,1419637050,-69.087
2026-07-14T01:47:57.296595+00:00,1419638514,-69.05
2026-07-14T01:47:57.296595+00:00,1419639979,-68.991
2026-07-14T01:47:57.296595+00:00,1419641444,-68.996
2026-07-14T01:47:57.296595+00:00,1419642909,-69.018
2026-07-14T01:47:57.296595+00:00,1419644374,-68.96
2026-07-14T01:47:57.296595+00:00,1419645839,-68.993
2026-07-14T01:47:57.296595+00:00,1419647303,-69.017
2026-07-14T01:47:57.296595+00:00,1419648768,-68.985
2026-07-14T01:47:57.296595+00:00,1419650233,-68.987
2026-07-14T01:47:57.296595+00:00,1419651698,-68.956
2026-07-14T01:47:57.296595+00:00,1419653163,-69.02
2026-07-14T01:47:57.296595+00:00,1419654628,-69.045
2026-07-14T01:47:57.296595+00:00,1419656092,-69.076
2026-07-14T01:47:57.296595+00:00,1419657557,-69.024
2026-07-14T01:47:57.296595+00:00,1419659022,-69.001
2026-07-14T01:47:57.296595+00:00,1419660487,-68.949
2026-07-14T01:47:57.296595+00:00,1419661952,-68.98
2026-07-14T01:47:57.296595+00:00,1419663417,-68.928
2026-07-14T01:47:57.296595+00:00,1419664882,-68.98
2026-07-14T01:47:57.296595+00:00,1419666346,-69.038
2026-07-14T01:47:57.296595+00:00,1419667811,-69.002
2026-07-14T01:47:57.296595+00:00,1419669276,-68.971
2026-07-14T01:47:57.296595+00:00,1419670741,-68.902
2026-07-14T01:47:57.296595+00:00,1419672206,-68.934
2026-07-14T01:47:57.296595+00:00,1419673671,-68.884
2026-07-14T01:47:57.296595+00:00,1419675135,-68.914
2026-07-14T01:47:57.296595+00:00,1419676600,-68.91
2026-07-14T01:47:57.296595+00:00,1419678065,-68.936
2026-07-14T01:47:57.296595+00:00,1419679530,-68.994
2026-07-14T01:47:57.296595+00:00,1419680995,-68.985
2026-07-14T01:47:57.296595+00:00,1419682460,-68.914
2026-07-14T01:47:57.296595+00:00,1419683925,-68.895
2026-07-14T01:47:57.296595+00:00,1419685389,-68.926
2026-07-14T01:47:57.296595+00:00,1419686854,-68.951
2026-07-14T01:47:57.296595+00:00,1419688319,-68.934
2026-07-14T01:47:57.296595+00:00,1419689784,-68.95
2026-07-14T01:47:57.296595+00:00,1419691249,-68.897
2026-07-14T01:47:57.296595+00:00,1419692714,-68.842
2026-07-14T01:47:57.296595+00:00,1419694178,-68.784
2026-07-14T01:47:57.296595+00:00,1419695643,-68.832
2026-07-14T01:47:57.296595+00:00,1419697108,-68.835
2026-07-14T01:47:57.296595+00:00,1419698573,-68.762
2026-07-14T01:47:57.296595+00:00,1419700038,-68.789
2026-07-14T01:47:57.296595+00:00,1419701503,-68.75
2026-07-14T01:47:57.296595+00:00,1419702967,-68.831
2026-07-14T01:47:57.296595+00:00,1419704432,-68.881
2026-07-14T01:47:57.296595+00:00,1419705897,-68.885
2026-07-14T01:47:57.296595+00:00,1419707362,-68.932
2026-07-14T01:47:57.296595+00:00,1419708827,-68.806
2026-07-14T01:47:57.296595+00:00,1419710292,-68.812
2026-07-14T01:47:57.296595+00:00,1419711757,-68.889
2026-07-14T01:47:57.296595+00:00,1419713221,-68.957
2026-07-14T01:47:57.296595+00:00,1419714686,-68.96
2026-07-14T01:47:57.296595+00:00,1419716151,-68.946
2026-07-14T01:47:57.296595+00:00,1419717616,-68.845
2026-07-14T01:47:57.296595+00:00,1419719081,-68.89
2026-07-14T01:47:57.296595+00:00,1419720546,-68.866
2026-07-14T01:47:57.296595+00:00,1419722010,-68.892
2026-07-14T01:47:57.296595+00:00,1419723475,-68.913
2026-07-14T01:47:57.296595+00:00,1419724940,-68.865
2026-07-14T01:47:57.296595+00:00,1419726405,-68.895
2026-07-14T01:47:57.296595+00:00,1419727870,-68.845
2026-07-14T01:47:57.296595+00:00,1419729335,-68.851
2026-07-14T01:47:57.296595+00:00,1419730800,-68.857
2026-07-14T01:47:57.296595+00:00,1419732264,-68.839
2026-07-14T01:47:57.296595+00:00,1419733729,-68.849
2026-07-14T01:47:57.296595+00:00,1419735194,-68.885
2026-07-14T01:47:57.296595+00:00,1419736659,-68.851
2026-07-14T01:47:57.296595+00:00,1419738124,-68.777
2026-07-14T01:47:57.296595+00:00,1419739589,-68.75
2026-07-14T01:47:57.296595+00:00,1419741053,-68.818
2026-07-14T01:47:57.296595+00:00,1419742518,-68.914
2026-07-14T01:47:57.296595+00:00,1419743983,-68.872
2026-07-14T01:47:57.296595+00:00,1419745448,-68.796
2026-07-14T01:47:57.296595+00:00,1419746913,-68.894
2026-07-14T01:47:57.296595+00:00,1419748378,-68.843
2026-07-14T01:47:57.296595+00:00,1419749842,-68.793
2026-07-14T01:47:57.296595+00:00,1419751307,-68.733
2026-07-14T01:47:57.296595+00:00,1419752772,-68.7
2026-07-14T01:47:57.296595+00:00,1419754237,-68.74
2026-07-14T01:47:57.296595+00:00,1419755702,-68.689
2026-07-14T01:47:57.296595+00:00,1419757167,-68.728
2026-07-14T01:47:57.296595+00:00,1419758632,-68.823
2026-07-14T01:47:57.296595+00:00,1419760096,-68.812
2026-07-14T01:47:57.296595+00:00,1419761561,-68.789
2026-07-14T01:47:57.296595+00:00,1419763026,-68.86
2026-07-14T01:47:57.296595+00:00,1419764491,-68.83
2026-07-14T01:47:57.296595+00:00,1419765956,-68.768
2026-07-14T01:47:57.296595+00:00,1419767421,-68.777
2026-07-14T01:47:57.296595+00:00,1419768885,-68.779
2026-07-14T01:47:57.296595+00:00,1419770350,-68.81
2026-07-14T01:47:57.296595+00:00,1419771815,-68.803
2026-07-14T01:47:57.296595+00:00,1419773280,-68.783
2026-07-14T01:47:57.296595+00:00,1419774745,-68.805
2026-07-14T01:47:57.296595+00:00,1419776210,-68.749
2026-07-14T01:47:57.296595+00:00,1419777675,-68.731
2026-07-14T01:47:57.296595+00:00,1419779139,-68.71
2026-07-14T01:47:57.296595+00:00,1419780604,-68.797
2026-07-14T01:47:57.296595+00:00,1419782069,-68.825
2026-07-14T01:47:57.296595+00:00,1419783534,-68.758
2026-07-14T01:47:57.296595+00:00,1419784999,-68.748
2026-07-14T01:47:57.296595+00:00,1419786464,-68.755
2026-07-14T01:47:57.296595+00:00,1419787928,-68.757
2026-07-14T01:47:57.296595+00:00,1419789393,-68.723
2026-07-14T01:47:57.296595+00:00,1419790858,-68.747
2026-07-14T01:47:57.296595+00:00,1419792323,-68.764
2026-07-14T01:47:57.296595+00:00,1419793788,-68.777
2026-07-14T01:47:57.296595+00:00,1419795253,-68.79
2026-07-14T01:47:57.296595+00:00,1419796717,-68.772
2026-07-14T01:47:57.296595+00:00,1419798182,-68.765
2026-07-14T01:47:57.296595+00:00,1419799647,-68.738
2026-07-14T01:47:57.296595+00:00,1419801112,-68.766
2026-07-14T01:47:57.296595+00:00,1419802577,-68.668
2026-07-14T01:47:57.296595+00:00,1419804042,-68.662
2026-07-14T01:47:57.296595+00:00,1419805507,-68.737
2026-07-14T01:47:57.296595+00:00,1419806971,-68.72
2026-07-14T01:47:57.296595+00:00,1419808436,-68.698
2026-07-14T01:47:57.296595+00:00,1419809901,-68.69
2026-07-14T01:47:57.296595+00:00,1419811366,-68.781
2026-07-14T01:47:57.296595+00:00,1419812831,-68.76
2026-07-14T01:47:57.296595+00:00,1419814296,-68.75
2026-07-14T01:47:57.296595+00:00,1419815760,-68.781
2026-07-14T01:47:57.296595+00:00,1419817225,-68.734
2026-07-14T01:47:57.296595+00:00,1419818690,-68.736
2026-07-14T01:47:57.296595+00:00,1419820155,-68.658
2026-07-14T01:47:57.296595+00:00,1419821620,-68.676
2026-07-14T01:47:57.296595+00:00,1419823085,-68.734
2026-07-14T01:47:57.296595+00:00,1419824550,-68.732
2026-07-14T01:47:57.296595+00:00,1419826014,-68.731
2026-07-14T01:47:57.296595+00:00,1419827479,-68.721
2026-07-14T01:47:57.296595+00:00,1419828944,-68.741
2026-07-14T01:47:57.296595+00:00,1419830409,-68.746
2026-07-14T01:47:57.296595+00:00,1419831874,-68.7
2026-07-14T01:47:57.296595+00:00,1419833339,-68.704
2026-07-14T01:47:57.296595+00:00,1419834803,-68.763
2026-07-14T01:47:57.296595+00:00,1419836268,-68.747
2026-07-14T01:47:57.296595+00:00,1419837733,-68.749
2026-07-14T01:47:57.296595+00:00,1419839198,-68.698
2026-07-14T01:47:57.296595+00:00,1419840663,-68.677
2026-07-14T01:47:57.296595+00:00,1419842128,-68.684
2026-07-14T01:47:57.296595+00:00,1419843592,-68.715
2026-07-14T01:47:57.296595+00:00,1419845057,-68.665
2026-07-14T01:47:57.296595+00:00,1419846522,-68.666
2026-07-14T01:47:57.296595+00:00,1419847987,-68.683
2026-07-14T01:47:57.296595+00:00,1419849452,-68.686
2026-07-14T01:47:57.296595+00:00,1419850917,-68.707
2026-07-14T01:47:57.296595+00:00,1419852382,-68.726
2026-07-14T01:47:57.296595+00:00,1419853846,-68.766
2026-07-14T01:47:57.296595+00:00,1419855311,-68.773
2026-07-14T01:47:57.296595+00:00,1419856776,-68.723
2026-07-14T01:47:57.296595+00:00,1419858241,-68.672
2026-07-14T01:47:57.296595+00:00,1419859706,-68.733
2026-07-14T01:47:57.296595+00:00,1419861171,-68.68
2026-07-14T01:47:57.296595+00:00,1419862635,-68.666
2026-07-14T01:47:57.296595+00:00,1419864100,-68.734
2026-07-14T01:47:57.296595+00:00,1419865565,-68.728
2026-07-14T01:47:57.296595+00:00,1419867030,-68.718
2026-07-14T01:47:57.296595+00:00,1419868495,-68.725
2026-07-14T01:47:57.296595+00:00,1419869960,-68.657
2026-07-14T01:47:57.296595+00:00,1419871425,-68.649
2026-07-14T01:47:57.296595+00:00,1419872889,-68.647
2026-07-14T01:47:57.296595+00:00,1419874354,-68.666
2026-07-14T01:47:57.296595+00:00,1419875819,-68.679
2026-07-14T01:47:57.296595+00:00,1419877284,-68.664
2026-07-14T01:47:57.296595+00:00,1419878749,-68.679
2026-07-14T01:47:57.296595+00:00,1419880214,-68.682
2026-07-14T01:47:57.296595+00:00,1419881678,-68.626
2026-07-14T01:47:57.296595+00:00,1419883143,-68.634
2026-07-14T01:47:57.296595+00:00,1419884608,-68.745
2026-07-14T01:47:57.296595+00:00,1419886073,-68.765
2026-07-14T01:47:57.296595+00:00,1419887538,-68.715
2026-07-14T01:47:57.296595+00:00,1419889003,-68.711
2026-07-14T01:47:57.296595+00:00,1419890467,-68.743
2026-07-14T01:47:57.296595+00:00,1419891932,-68.67
2026-07-14T01:47:57.296595+00:00,1419893397,-68.649
2026-07-14T01:47:57.296595+00:00,1419894862,-68.694
2026-07-14T01:47:57.296595+00:00,1419896327,-68.672
2026-07-14T01:47:57.296595+00:00,1419897792,-68.659
2026-07-14T01:47:57.296595+00:00,1419899257,-68.705
2026-07-14T01:47:57.296595+00:00,1419900721,-68.665
2026-07-14T01:47:57.296595+00:00,1419902186,-68.688
2026-07-14T01:47:57.296595+00:00,1419903651,-68.705
2026-07-14T01:47:57.296595+00:00,1419905116,-68.728
2026-07-14T01:47:57.296595+00:00,1419906581,-68.708
2026-07-14T01:47:57.296595+00:00,1419908046,-68.714
2026-07-14T01:47:57.296595+00:00,1419909510,-68.719
2026-07-14T01:47:57.296595+00:00,1419910975,-68.716
2026-07-14T01:47:57.296595+00:00,1419912440,-68.724
2026-07-14T01:47:57.296595+00:00,1419913905,-68.721
2026-07-14T01:47:57.296595+00:00,1419915370,-68.788
2026-07-14T01:47:57.296595+00:00,1419916835,-68.748
2026-07-14T01:47:57.296595+00:00,1419918300,-68.709
2026-07-14T01:47:57.296595+00:00,1419919764,-68.701
2026-07-14T01:47:57.296595+00:00,1419921229,-68.709
2026-07-14T01:47:57.296595+00:00,1419922694,-68.752
2026-07-14T01:47:57.296595+00:00,1419924159,-68.692
2026-07-14T01:47:57.296595+00:00,1419925624,-68.668
2026-07-14T01:47:57.296595+00:00,1419927089,-68.62
2026-07-14T01:47:57.296595+00:00,1419928553,-68.651
2026-07-14T01:47:57.296595+00:00,1419930018,-68.69
2026-07-14T01:47:57.296595+00:00,1419931483,-68.702
2026-07-14T01:47:57.296595+00:00,1419932948,-68.713
2026-07-14T01:47:57.296595+00:00,1419934413,-68.738
2026-07-14T01:47:57.296595+00:00,1419935878,-68.693
2026-07-14T01:47:57.296595+00:00,1419937342,-68.692
2026-07-14T01:47:57.296595+00:00,1419938807,-68.731
2026-07-14T01:47:57.296595+00:00,1419940272,-68.729
2026-07-14T01:47:57.296595+00:00,1419941737,-68.702
2026-07-14T01:47:57.296595+00:00,1419943202,-68.738
2026-07-14T01:47:57.296595+00:00,1419944667,-68.785
2026-07-14T01:47:57.296595+00:00,1419946132,-68.735
2026-07-14T01:47:57.296595+00:00,1419947596,-68.715
2026-07-14T01:47:57.296595+00:00,1419949061,-68.733
2026-07-14T01:47:57.296595+00:00,1419950526,-68.692
2026-07-14T01:47:57.296595+00:00,1419951991,-68.677
2026-07-14T01:47:57.296595+00:00,1419953456,-68.714
2026-07-14T01:47:57.296595+00:00,1419954921,-68.77
2026-07-14T01:47:57.296595+00:00,1419956385,-68.725
2026-07-14T01:47:57.296595+00:00,1419957850,-68.699
2026-07-14T01:47:57.296595+00:00,1419959315,-68.75
2026-07-14T01:47:57.296595+00:00,1419960780,-68.698
2026-07-14T01:47:57.296595+00:00,1419962245,-68.694
2026-07-14T01:47:57.296595+00:00,1419963710,-68.717
2026-07-14T01:47:57.296595+00:00,1419965175,-68.744
2026-07-14T01:47:57.296595+00:00,1419966639,-68.749
2026-07-14T01:47:57.296595+00:00,1419968104,-68.754
2026-07-14T01:47:57.296595+00:00,1419969569,-68.792
2026-07-14T01:47:57.296595+00:00,1419971034,-68.761
2026-07-14T01:47:57.296595+00:00,1419972499,-68.786
2026-07-14T01:47:57.296595+00:00,1419973964,-68.791
2026-07-14T01:47:57.296595+00:00,1419975428,-68.774
2026-07-14T01:47:57.296595+00:00,1419976893,-68.741
2026-07-14T01:47:57.296595+00:00,1419978358,-68.715
2026-07-14T01:47:57.296595+00:00,1419979823,-68.77
2026-07-14T01:47:57.296595+00:00,1419981288,-68.764
2026-07-14T01:47:57.296595+00:00,1419982753,-68.742
2026-07-14T01:47:57.296595+00:00,1419984217,-68.733
2026-07-14T01:47:57.296595+00:00,1419985682,-68.756
2026-07-14T01:47:57.296595+00:00,1419987147,-68.771
2026-07-14T01:47:57.296595+00:00,1419988612,-68.755
2026-07-14T01:47:57.296595+00:00,1419990077,-68.74
2026-07-14T01:47:57.296595+00:00,1419991542,-68.723
2026-07-14T01:47:57.296595+00:00,1419993007,-68.746
2026-07-14T01:47:57.296595+00:00,1419994471,-68.824
2026-07-14T01:47:57.296595+00:00,1419995936,-68.767
2026-07-14T01:47:57.296595+00:00,1419997401,-68.757
2026-07-14T01:47:57.296595+00:00,1419998866,-68.726
2026-07-14T01:47:57.296595+00:00,1420000331,-68.759
2026-07-14T01:47:57.296595+00:00,1420001796,-68.789
2026-07-14T01:47:57.296595+00:00,1420003260,-68.835
2026-07-14T01:47:57.296595+00:00,1420004725,-68.77
2026-07-14T01:47:57.296595+00:00,1420006190,-68.779
2026-07-14T01:47:57.296595+00:00,1420007655,-68.782
2026-07-14T01:47:57.296595+00:00,1420009120,-68.781
2026-07-14T01:47:57.296595+00:00,1420010585,-68.749
2026-07-14T01:47:57.296595+00:00,1420012050,-68.767
2026-07-14T01:47:57.296595+00:00,1420013514,-68.784
2026-07-14T01:47:57.296595+00:00,1420014979,-68.788
2026-07-14T01:47:57.296595+00:00,1420016444,-68.736
2026-07-14T01:47:57.296595+00:00,1420017909,-68.711
2026-07-14T01:47:57.296595+00:00,1420019374,-68.732
2026-07-14T01:47:57.296595+00:00,1420020839,-68.715
2026-07-14T01:47:57.296595+00:00,1420022303,-68.724
2026-07-14T01:47:57.296595+00:00,1420023768,-68.76
2026-07-14T01:47:57.296595+00:00,1420025233,-68.761
2026-07-14T01:47:57.296595+00:00,1420026698,-68.866
2026-07-14T01:47:57.296595+00:00,1420028163,-68.799
2026-07-14T01:47:57.296595+00:00,1420029628,-68.787
2026-07-14T01:47:57.296595+00:00,1420031092,-68.786
2026-07-14T01:47:57.296595+00:00,1420032557,-68.814
2026-07-14T01:47:57.296595+00:00,1420034022,-68.812
2026-07-14T01:47:57.296595+00:00,1420035487,-68.834
2026-07-14T01:47:57.296595+00:00,1420036952,-68.836
2026-07-14T01:47:57.296595+00:00,1420038417,-68.712
2026-07-14T01:47:57.296595+00:00,1420039882,-68.758
2026-07-14T01:47:57.296595+00:00,1420041346,-68.737
2026-07-14T01:47:57.296595+00:00,1420042811,-68.714
2026-07-14T01:47:57.296595+00:00,1420044276,-68.686
2026-07-14T01:47:57.296595+00:00,1420045741,-68.761
2026-07-14T01:47:57.296595+00:00,1420047206,-68.72
2026-07-14T01:47:57.296595+00:00,1420048671,-68.696
2026-07-14T01:47:57.296595+00:00,1420050135,-68.703
2026-07-14T01:47:57.296595+00:00,1420051600,-68.758
2026-07-14T01:47:57.296595+00:00,1420053065,-68.799
2026-07-14T01:47:57.296595+00:00,1420054530,-68.714
2026-07-14T01:47:57.296595+00:00,1420055995,-68.793
2026-07-14T01:47:57.296595+00:00,1420057460,-68.745
2026-07-14T01:47:57.296595+00:00,1420058925,-68.76
2026-07-14T01:47:57.296595+00:00,1420060389,-68.708
2026-07-14T01:47:57.296595+00:00,1420061854,-68.761
2026-07-14T01:47:57.296595+00:00,1420063319,-68.763
2026-07-14T01:47:57.296595+00:00,1420064784,-68.774
2026-07-14T01:47:57.296595+00:00,1420066249,-68.797
2026-07-14T01:47:57.296595+00:00,1420067714,-68.731
2026-07-14T01:47:57.296595+00:00,1420069178,-68.672
2026-07-14T01:47:57.296595+00:00,1420070643,-68.678
2026-07-14T01:47:57.296595+00:00,1420072108,-68.791
2026-07-14T01:47:57.296595+00:00,1420073573,-68.759
2026-07-14T01:47:57.296595+00:00,1420075038,-68.693
2026-07-14T01:47:57.296595+00:00,1420076503,-68.727
2026-07-14T01:47:57.296595+00:00,1420077967,-68.807
2026-07-14T01:47:57.296595+00:00,1420079432,-68.698
2026-07-14T01:47:57.296595+00:00,1420080897,-68.722
2026-07-14T01:47:57.296595+00:00,1420082362,-68.717
2026-07-14T01:47:57.296595+00:00,1420083827,-68.721
2026-07-14T01:47:57.296595+00:00,1420085292,-68.699
2026-07-14T01:47:57.296595+00:00,1420086757,-68.703
2026-07-14T01:47:57.296595+00:00,1420088221,-68.701
2026-07-14T01:47:57.296595+00:00,1420089686,-68.742
2026-07-14T01:47:57.296595+00:00,1420091151,-68.769
2026-07-14T01:47:57.296595+00:00,1420092616,-68.732
2026-07-14T01:47:57.296595+00:00,1420094081,-68.782
2026-07-14T01:47:57.296595+00:00,1420095546,-68.7
2026-07-14T01:47:57.296595+00:00,1420097010,-68.637
2026-07-14T01:47:57.296595+00:00,1420098475,-68.76
2026-07-14T01:47:57.296595+00:00,1420099940,-68.723
2026-07-14T01:47:57.296595+00:00,1420101405,-68.663
2026-07-14T01:47:57.296595+00:00,1420102870,-68.767
2026-07-14T01:47:57.296595+00:00,1420104335,-68.789
2026-07-14T01:47:57.296595+00:00,1420105800,-68.626
2026-07-14T01:47:57.296595+00:00,1420107264,-68.687
2026-07-14T01:47:57.296595+00:00,1420108729,-68.735
2026-07-14T01:47:57.296595+00:00,1420110194,-68.673
2026-07-14T01:47:57.296595+00:00,1420111659,-68.625
2026-07-14T01:47:57.296595+00:00,1420113124,-68.618
2026-07-14T01:47:57.296595+00:00,1420114589,-68.681
2026-07-14T01:47:57.296595+00:00,1420116053,-68.684
2026-07-14T01:47:57.296595+00:00,1420117518,-68.729
2026-07-14T01:47:57.296595+00:00,1420118983,-68.772
2026-07-14T01:47:57.296595+00:00,1420120448,-68.719
2026-07-14T01:47:57.296595+00:00,1420121913,-68.755
2026-07-14T01:47:57.296595+00:00,1420123378,-68.717
2026-07-14T01:47:57.296595+00:00,1420124842,-68.741
2026-07-14T01:47:57.296595+00:00,1420126307,-68.763
2026-07-14T01:47:57.296595+00:00,1420127772,-68.776
2026-07-14T01:47:57.296595+00:00,1420129237,-68.758
2026-07-14T01:47:57.296595+00:00,1420130702,-68.696
2026-07-14T01:47:57.296595+00:00,1420132167,-68.73
2026-07-14T01:47:57.296595+00:00,1420133632,-68.734
2026-07-14T01:47:57.296595+00:00,1420135096,-68.719
2026-07-14T01:47:57.296595+00:00,1420136561,-68.725
2026-07-14T01:47:57.296595+00:00,1420138026,-68.764
2026-07-14T01:47:57.296595+00:00,1420139491,-68.746
2026-07-14T01:47:57.296595+00:00,1420140956,-68.785
2026-07-14T01:47:57.296595+00:00,1420142421,-68.764
2026-07-14T01:47:57.296595+00:00,1420143885,-68.731
2026-07-14T01:47:57.296595+00:00,1420145350,-68.767
2026-07-14T01:47:57.296595+00:00,1420146815,-68.769
2026-07-14T01:47:57.296595+00:00,1420148280,-68.758
2026-07-14T01:47:57.296595+00:00,1420149745,-68.687
2026-07-14T01:47:57.296595+00:00,1420151210,-68.687
2026-07-14T01:47:57.296595+00:00,1420152675,-68.71
2026-07-14T01:47:57.296595+00:00,1420154139,-68.743
2026-07-14T01:47:57.296595+00:00,1420155604,-68.714
2026-07-14T01:47:57.296595+00:00,1420157069,-68.672
2026-07-14T01:47:57.296595+00:00,1420158534,-68.663
2026-07-14T01:47:57.296595+00:00,1420159999,-68.72
2026-07-14T01:47:57.296595+00:00,1420161464,-68.756
2026-07-14T01:47:57.296595+00:00,1420162928,-68.741
2026-07-14T01:47:57.296595+00:00,1420164393,-68.633
2026-07-14T01:47:57.296595+00:00,1420165858,-68.572
2026-07-14T01:47:57.296595+00:00,1420167323,-68.709
2026-07-14T01:47:57.296595+00:00,1420168788,-68.732
2026-07-14T01:47:57.296595+00:00,1420170253,-68.776
2026-07-14T01:47:57.296595+00:00,1420171717,-68.73
2026-07-14T01:47:57.296595+00:00,1420173182,-68.687
2026-07-14T01:47:57.296595+00:00,1420174647,-68.657
2026-07-14T01:47:57.296595+00:00,1420176112,-68.668
2026-07-14T01:47:57.296595+00:00,1420177577,-68.673
2026-07-14T01:47:57.296595+00:00,1420179042,-68.707
2026-07-14T01:47:57.296595+00:00,1420180507,-68.699
2026-07-14T01:47:57.296595+00:00,1420181971,-68.665
2026-07-14T01:47:57.296595+00:00,1420183436,-68.712
2026-07-14T01:47:57.296595+00:00,1420184901,-68.716
2026-07-14T01:47:57.296595+00:00,1420186366,-68.776
2026-07-14T01:47:57.296595+00:00,1420187831,-68.753
2026-07-14T01:47:57.296595+00:00,1420189296,-68.698
2026-07-14T01:47:57.296595+00:00,1420190760,-68.689
2026-07-14T01:47:57.296595+00:00,1420192225,-68.75
2026-07-14T01:47:57.296595+00:00,1420193690,-68.679
2026-07-14T01:47:57.296595+00:00,1420195155,-68.719
2026-07-14T01:47:57.296595+00:00,1420196620,-68.657
2026-07-14T01:47:57.296595+00:00,1420198085,-68.688
2026-07-14T01:47:57.296595+00:00,1420199550,-68.73
2026-07-14T01:47:57.296595+00:00,1420201014,-68.672
2026-07-14T01:47:57.296595+00:00,1420202479,-68.72
2026-07-14T01:47:57.296595+00:00,1420203944,-68.725
2026-07-14T01:47:57.296595+00:00,1420205409,-68.709
2026-07-14T01:47:57.296595+00:00,1420206874,-68.756
2026-07-14T01:47:57.296595+00:00,1420208339,-68.741
2026-07-14T01:47:57.296595+00:00,1420209803,-68.711
2026-07-14T01:47:57.296595+00:00,1420211268,-68.741
2026-07-14T01:47:57.296595+00:00,1420212733,-68.648
2026-07-14T01:47:57.296595+00:00,1420214198,-68.625
2026-07-14T01:47:57.296595+00:00,1420215663,-68.709
2026-07-14T01:47:57.296595+00:00,1420217128,-68.704
2026-07-14T01:47:57.296595+00:00,1420218592,-68.693
2026-07-14T01:47:57.296595+00:00,1420220057,-68.679
2026-07-14T01:47:57.296595+00:00,1420221522,-68.691
2026-07-14T01:47:57.296595+00:00,1420222987,-68.74
2026-07-14T01:47:57.296595+00:00,1420224452,-68.719
2026-07-14T01:47:57.296595+00:00,1420225917,-68.684
2026-07-14T01:47:57.296595+00:00,1420227382,-68.644
2026-07-14T01:47:57.296595+00:00,1420228846,-68.628
2026-07-14T01:47:57.296595+00:00,1420230311,-68.723
2026-07-14T01:47:57.296595+00:00,1420231776,-68.78
2026-07-14T01:47:57.296595+00:00,1420233241,-68.668
2026-07-14T01:47:57.296595+00:00,1420234706,-68.686
2026-07-14T01:47:57.296595+00:00,1420236171,-68.714
2026-07-14T01:47:57.296595+00:00,1420237635,-68.715
2026-07-14T01:47:57.296595+00:00,1420239100,-68.731
2026-07-14T01:47:57.296595+00:00,1420240565,-68.724
2026-07-14T01:47:57.296595+00:00,1420242030,-68.786
2026-07-14T01:47:57.296595+00:00,1420243495,-68.698
2026-07-14T01:47:57.296595+00:00,1420244960,-68.719
2026-07-14T01:47:57.296595+00:00,1420246425,-68.692
2026-07-14T01:47:57.296595+00:00,1420247889,-68.717
2026-07-14T01:47:57.296595+00:00,1420249354,-68.758
2026-07-14T01:47:57.296595+00:00,1420250819,-68.8
2026-07-14T01:47:57.296595+00:00,1420252284,-68.733
2026-07-14T01:47:57.296595+00:00,1420253749,-68.737
2026-07-14T01:47:57.296595+00:00,1420255214,-68.693
2026-07-14T01:47:57.296595+00:00,1420256678,-68.68
2026-07-14T01:47:57.296595+00:00,1420258143,-68.756
2026-07-14T01:47:57.296595+00:00,1420259608,-68.727
2026-07-14T01:47:57.296595+00:00,1420261073,-68.697
2026-07-14T01:47:57.296595+00:00,1420262538,-68.729
2026-07-14T01:47:57.296595+00:00,1420264003,-68.734
2026-07-14T01:47:57.296595+00:00,1420265467,-68.753
2026-07-14T01:47:57.296595+00:00,1420266932,-68.684
2026-07-14T01:47:57.296595+00:00,1420268397,-68.759
2026-07-14T01:47:57.296595+00:00,1420269862,-68.7
2026-07-14T01:47:57.296595+00:00,1420271327,-68.72
2026-07-14T01:47:57.296595+00:00,1420272792,-68.752
2026-07-14T01:47:57.296595+00:00,1420274257,-68.75
2026-07-14T01:47:57.296595+00:00,1420275721,-68.719
2026-07-14T01:47:57.296595+00:00,1420277186,-68.735
2026-07-14T01:47:57.296595+00:00,1420278651,-68.793
2026-07-14T01:47:57.296595+00:00,1420280116,-68.738
2026-07-14T01:47:57.296595+00:00,1420281581,-68.687
2026-07-14T01:47:57.296595+00:00,1420283046,-68.754
2026-07-14T01:47:57.296595+00:00,1420284510,-68.743
2026-07-14T01:47:57.296595+00:00,1420285975,-68.736
2026-07-14T01:47:57.296595+00:00,1420287440,-68.787
2026-07-14T01:47:57.296595+00:00,1420288905,-68.801
2026-07-14T01:47:57.296595+00:00,1420290370,-68.714
2026-07-14T01:47:57.296595+00:00,1420291835,-68.732
2026-07-14T01:47:57.296595+00:00,1420293300,-68.729
2026-07-14T01:47:57.296595+00:00,1420294764,-68.725
2026-07-14T01:47:57.296595+00:00,1420296229,-68.754
2026-07-14T01:47:57.296595+00:00,1420297694,-68.721
2026-07-14T01:47:57.296595+00:00,1420299159,-68.754
2026-07-14T01:47:57.296595+00:00,1420300624,-68.751
2026-07-14T01:47:57.296595+00:00,1420302089,-68.747
2026-07-14T01:47:57.296595+00:00,1420303553,-68.826
2026-07-14T01:47:57.296595+00:00,1420305018,-68.823
2026-07-14T01:47:57.296595+00:00,1420306483,-68.778
2026-07-14T01:47:57.296595+00:00,1420307948,-68.722
2026-07-14T01:47:57.296595+00:00,1420309413,-68.762
2026-07-14T01:47:57.296595+00:00,1420310878,-68.829
2026-07-14T01:47:57.296595+00:00,1420312342,-68.834
2026-07-14T01:47:57.296595+00:00,1420313807,-68.797
2026-07-14T01:47:57.296595+00:00,1420315272,-68.804
2026-07-14T01:47:57.296595+00:00,1420316737,-68.855
2026-07-14T01:47:57.296595+00:00,1420318202,-68.775
2026-07-14T01:47:57.296595+00:00,1420319667,-68.765
2026-07-14T01:47:57.296595+00:00,1420321132,-68.784
2026-07-14T01:47:57.296595+00:00,1420322596,-68.766
2026-07-14T01:47:57.296595+00:00,1420324061,-68.807
2026-07-14T01:47:57.296595+00:00,1420325526,-68.764
2026-07-14T01:47:57.296595+00:00,1420326991,-68.776
2026-07-14T01:47:57.296595+00:00,1420328456,-68.881
2026-07-14T01:47:57.296595+00:00,1420329921,-68.869
2026-07-14T01:47:57.296595+00:00,1420331385,-68.816
2026-07-14T01:47:57.296595+00:00,1420332850,-68.786
2026-07-14T01:47:57.296595+00:00,1420334315,-68.763
2026-07-14T01:47:57.296595+00:00,1420335780,-68.719
2026-07-14T01:47:57.296595+00:00,1420337245,-68.756
2026-07-14T01:47:57.296595+00:00,1420338710,-68.738
2026-07-14T01:47:57.296595+00:00,1420340175,-68.82
2026-07-14T01:47:57.296595+00:00,1420341639,-68.829
2026-07-14T01:47:57.296595+00:00,1420343104,-68.849
2026-07-14T01:47:57.296595+00:00,1420344569,-68.855
2026-07-14T01:47:57.296595+00:00,1420346034,-68.842
2026-07-14T01:47:57.296595+00:00,1420347499,-68.818
2026-07-14T01:47:57.296595+00:00,1420348964,-68.894
2026-07-14T01:47:57.296595+00:00,1420350428,-68.891
2026-07-14T01:47:57.296595+00:00,1420351893,-68.845
2026-07-14T01:47:57.296595+00:00,1420353358,-68.815
2026-07-14T01:47:57.296595+00:00,1420354823,-68.79
2026-07-14T01:47:57.296595+00:00,1420356288,-68.794
2026-07-14T01:47:57.296595+00:00,1420357753,-68.851
2026-07-14T01:47:57.296595+00:00,1420359217,-68.912
2026-07-14T01:47:57.296595+00:00,1420360682,-68.881
2026-07-14T01:47:57.296595+00:00,1420362147,-68.85
2026-07-14T01:47:57.296595+00:00,1420363612,-68.791
2026-07-14T01:47:57.296595+00:00,1420365077,-68.826
2026-07-14T01:47:57.296595+00:00,1420366542,-68.819
2026-07-14T01:47:57.296595+00:00,1420368007,-68.813
2026-07-14T01:47:57.296595+00:00,1420369471,-68.821
2026-07-14T01:47:57.296595+00:00,1420370936,-68.803
2026-07-14T01:47:57.296595+00:00,1420372401,-68.843
2026-07-14T01:47:57.296595+00:00,1420373866,-68.855
2026-07-14T01:47:57.296595+00:00,1420375331,-68.812
2026-07-14T01:47:57.296595+00:00,1420376796,-68.775
2026-07-14T01:47:57.296595+00:00,1420378260,-68.87
2026-07-14T01:47:57.296595+00:00,1420379725,-68.899
2026-07-14T01:47:57.296595+00:00,1420381190,-68.901
2026-07-14T01:47:57.296595+00:00,1420382655,-68.88
2026-07-14T01:47:57.296595+00:00,1420384120,-68.856
2026-07-14T01:47:57.296595+00:00,1420385585,-68.862
2026-07-14T01:47:57.296595+00:00,1420387050,-68.837
2026-07-14T01:47:57.296595+00:00,1420388514,-68.886
2026-07-14T01:47:57.296595+00:00,1420389979,-68.794
2026-07-14T01:47:57.296595+00:00,1420391444,-68.804
2026-07-14T01:47:57.296595+00:00,1420392909,-68.795
2026-07-14T01:47:57.296595+00:00,1420394374,-68.81
2026-07-14T01:47:57.296595+00:00,1420395839,-68.824
2026-07-14T01:47:57.296595+00:00,1420397303,-68.876
2026-07-14T01:47:57.296595+00:00,1420398768,-68.902
2026-07-14T01:47:57.296595+00:00,1420400233,-68.915
2026-07-14T01:47:57.296595+00:00,1420401698,-68.909
2026-07-14T01:47:57.296595+00:00,1420403163,-68.921
2026-07-14T01:47:57.296595+00:00,1420404628,-68.817
2026-07-14T01:47:57.296595+00:00,1420406092,-68.8
2026-07-14T01:47:57.296595+00:00,1420407557,-68.919
2026-07-14T01:47:57.296595+00:00,1420409022,-68.931
2026-07-14T01:47:57.296595+00:00,1420410487,-68.86
2026-07-14T01:47:57.296595+00:00,1420411952,-68.916
2026-07-14T01:47:57.296595+00:00,1420413417,-68.867
2026-07-14T01:47:57.296595+00:00,1420414882,-68.842
2026-07-14T01:47:57.296595+00:00,1420416346,-68.833
2026-07-14T01:47:57.296595+00:00,1420417811,-68.825
2026-07-14T01:47:57.296595+00:00,1420419276,-68.86
2026-07-14T01:47:57.296595+00:00,1420420741,-68.839
2026-07-14T01:47:57.296595+00:00,1420422206,-68.863
2026-07-14T01:47:57.296595+00:00,1420423671,-68.938
2026-07-14T01:47:57.296595+00:00,1420425135,-68.925
2026-07-14T01:47:57.296595+00:00,1420426600,-68.857
2026-07-14T01:47:57.296595+00:00,1420428065,-68.882
2026-07-14T01:47:57.296595+00:00,1420429530,-68.876
2026-07-14T01:47:57.296595+00:00,1420430995,-68.881
2026-07-14T01:47:57.296595+00:00,1420432460,-68.868
2026-07-14T01:47:57.296595+00:00,1420433925,-68.886
2026-07-14T01:47:57.296595+00:00,1420435389,-68.879
2026-07-14T01:47:57.296595+00:00,1420436854,-68.888
2026-07-14T01:47:57.296595+00:00,1420438319,-68.904
2026-07-14T01:47:57.296595+00:00,1420439784,-68.88
2026-07-14T01:47:57.296595+00:00,1420441249,-68.853
2026-07-14T01:47:57.296595+00:00,1420442714,-68.869
2026-07-14T01:47:57.296595+00:00,1420444178,-68.821
2026-07-14T01:47:57.296595+00:00,1420445643,-68.926
2026-07-14T01:47:57.296595+00:00,1420447108,-68.901
2026-07-14T01:47:57.296595+00:00,1420448573,-68.87
2026-07-14T01:47:57.296595+00:00,1420450038,-68.882
2026-07-14T01:47:57.296595+00:00,1420451503,-68.871
2026-07-14T01:47:57.296595+00:00,1420452967,-68.945
2026-07-14T01:47:57.296595+00:00,1420454432,-68.944
2026-07-14T01:47:57.296595+00:00,1420455897,-68.933
2026-07-14T01:47:57.296595+00:00,1420457362,-68.924
2026-07-14T01:47:57.296595+00:00,1420458827,-68.934
2026-07-14T01:47:57.296595+00:00,1420460292,-68.935
2026-07-14T01:47:57.296595+00:00,1420461757,-68.896
2026-07-14T01:47:57.296595+00:00,1420463221,-68.878
2026-07-14T01:47:57.296595+00:00,1420464686,-68.878
2026-07-14T01:47:57.296595+00:00,1420466151,-68.93
2026-07-14T01:47:57.296595+00:00,1420467616,-68.906
2026-07-14T01:47:57.296595+00:00,1420469081,-68.897
2026-07-14T01:47:57.296595+00:00,1420470546,-68.904
2026-07-14T01:47:57.296595+00:00,1420472010,-68.878
2026-07-14T01:47:57.296595+00:00,1420473475,-68.906
2026-07-14T01:47:57.296595+00:00,1420474940,-68.854
2026-07-14T01:47:57.296595+00:00,1420476405,-68.848
2026-07-14T01:47:57.296595+00:00,1420477870,-68.867
2026-07-14T01:47:57.296595+00:00,1420479335,-68.908
2026-07-14T01:47:57.296595+00:00,1420480800,-68.907
2026-07-14T01:47:57.296595+00:00,1420482264,-68.949
2026-07-14T01:47:57.296595+00:00,1420483729,-68.98
2026-07-14T01:47:57.296595+00:00,1420485194,-68.928
2026-07-14T01:47:57.296595+00:00,1420486659,-68.928
2026-07-14T01:47:57.296595+00:00,1420488124,-68.916
2026-07-14T01:47:57.296595+00:00,1420489589,-68.925
2026-07-14T01:47:57.296595+00:00,1420491053,-68.879
2026-07-14T01:47:57.296595+00:00,1420492518,-68.866
2026-07-14T01:47:57.296595+00:00,1420493983,-68.882
2026-07-14T01:47:57.296595+00:00,1420495448,-68.938
2026-07-14T01:47:57.296595+00:00,1420496913,-68.915
2026-07-14T01:47:57.296595+00:00,1420498378,-68.908
2026-07-14T01:47:57.296595+00:00,1420499842,-68.912
2026-07-14T01:47:57.296595+00:00,1420501307,-68.923
2026-07-14T01:47:57.296595+00:00,1420502772,-68.987
2026-07-14T01:47:57.296595+00:00,1420504237,-68.974
2026-07-14T01:47:57.296595+00:00,1420505702,-68.919
2026-07-14T01:47:57.296595+00:00,1420507167,-68.92
2026-07-14T01:47:57.296595+00:00,1420508632,-68.979
2026-07-14T01:47:57.296595+00:00,1420510096,-68.975
2026-07-14T01:47:57.296595+00:00,1420511561,-68.895
2026-07-14T01:47:57.296595+00:00,1420513026,-68.918
2026-07-14T01:47:57.296595+00:00,1420514491,-68.936
2026-07-14T01:47:57.296595+00:00,1420515956,-68.929
2026-07-14T01:47:57.296595+00:00,1420517421,-68.912
2026-07-14T01:47:57.296595+00:00,1420518885,-68.946
2026-07-14T01:47:57.296595+00:00,1420520350,-68.894
2026-07-14T01:47:57.296595+00:00,1420521815,-68.98
2026-07-14T01:47:57.296595+00:00,1420523280,-68.926
2026-07-14T01:47:57.296595+00:00,1420524745,-68.971
2026-07-14T01:47:57.296595+00:00,1420526210,-68.924
2026-07-14T01:47:57.296595+00:00,1420527675,-68.943
2026-07-14T01:47:57.296595+00:00,1420529139,-68.975
2026-07-14T01:47:57.296595+00:00,1420530604,-68.962
2026-07-14T01:47:57.296595+00:00,1420532069,-68.975
2026-07-14T01:47:57.296595+00:00,1420533534,-68.935
2026-07-14T01:47:57.296595+00:00,1420534999,-68.906
2026-07-14T01:47:57.296595+00:00,1420536464,-68.858
2026-07-14T01:47:57.296595+00:00,1420537928,-68.923
2026-07-14T01:47:57.296595+00:00,1420539393,-69.013
2026-07-14T01:47:57.296595+00:00,1420540858,-69.017
2026-07-14T01:47:57.296595+00:00,1420542323,-68.983
2026-07-14T01:47:57.296595+00:00,1420543788,-68.979
2026-07-14T01:47:57.296595+00:00,1420545253,-68.893
2026-07-14T01:47:57.296595+00:00,1420546717,-68.929
2026-07-14T01:47:57.296595+00:00,1420548182,-68.946
2026-07-14T01:47:57.296595+00:00,1420549647,-68.983
2026-07-14T01:47:57.296595+00:00,1420551112,-68.955
2026-07-14T01:47:57.296595+00:00,1420552577,-68.864
2026-07-14T01:47:57.296595+00:00,1420554042,-68.947
2026-07-14T01:47:57.296595+00:00,1420555507,-68.996
2026-07-14T01:47:57.296595+00:00,1420556971,-69.005
2026-07-14T01:47:57.296595+00:00,1420558436,-68.969
2026-07-14T01:47:57.296595+00:00,1420559901,-69.005
2026-07-14T01:47:57.296595+00:00,1420561366,-68.934
2026-07-14T01:47:57.296595+00:00,1420562831,-68.926
2026-07-14T01:47:57.296595+00:00,1420564296,-68.959
2026-07-14T01:47:57.296595+00:00,1420565760,-69.001
2026-07-14T01:47:57.296595+00:00,1420567225,-69.006
2026-07-14T01:47:57.296595+00:00,1420568690,-68.989
2026-07-14T01:47:57.296595+00:00,1420570155,-68.983
2026-07-14T01:47:57.296595+00:00,1420571620,-68.987
2026-07-14T01:47:57.296595+00:00,1420573085,-68.998
2026-07-14T01:47:57.296595+00:00,1420574550,-68.988
2026-07-14T01:47:57.296595+00:00,1420576014,-68.932
2026-07-14T01:47:57.296595+00:00,1420577479,-68.893
2026-07-14T01:47:57.296595+00:00,1420578944,-68.939
2026-07-14T01:47:57.296595+00:00,1420580409,-68.938
2026-07-14T01:47:57.296595+00:00,1420581874,-68.994
2026-07-14T01:47:57.296595+00:00,1420583339,-68.977
2026-07-14T01:47:57.296595+00:00,1420584803,-68.924
2026-07-14T01:47:57.296595+00:00,1420586268,-68.989
2026-07-14T01:47:57.296595+00:00,1420587733,-68.978
2026-07-14T01:47:57.296595+00:00,1420589198,-68.955
2026-07-14T01:47:57.296595+00:00,1420590663,-69.021
2026-07-14T01:47:57.296595+00:00,1420592128,-69.033
2026-07-14T01:47:57.296595+00:00,1420593592,-69.016
2026-07-14T01:47:57.296595+00:00,1420595057,-68.994
2026-07-14T01:47:57.296595+00:00,1420596522,-69.01
2026-07-14T01:47:57.296595+00:00,1420597987,-68.964
2026-07-14T01:47:57.296595+00:00,1420599452,-69.01
2026-07-14T01:47:57.296595+00:00,1420600917,-69.023
2026-07-14T01:47:57.296595+00:00,1420602382,-69.025
2026-07-14T01:47:57.296595+00:00,1420603846,-69.029
2026-07-14T01:47:57.296595+00:00,1420605311,-68.953
2026-07-14T01:47:57.296595+00:00,1420606776,-68.994
2026-07-14T01:47:57.296595+00:00,1420608241,-69.046
2026-07-14T01:47:57.296595+00:00,1420609706,-69.006
2026-07-14T01:47:57.296595+00:00,1420611171,-69.009
2026-07-14T01:47:57.296595+00:00,1420612635,-69.006
2026-07-14T01:47:57.296595+00:00,1420614100,-69.074
2026-07-14T01:47:57.296595+00:00,1420615565,-69.015
2026-07-14T01:47:57.296595+00:00,1420617030,-68.978
2026-07-14T01:47:57.296595+00:00,1420618495,-68.98
2026-07-14T01:47:57.296595+00:00,1420619960,-68.995
2026-07-14T01:47:57.296595+00:00,1420621425,-69.03
2026-07-14T01:47:57.296595+00:00,1420622889,-69.037
2026-07-14T01:47:57.296595+00:00,1420624354,-69.047
2026-07-14T01:47:57.296595+00:00,1420625819,-69.042
2026-07-14T01:47:57.296595+00:00,1420627284,-68.985
2026-07-14T01:47:57.296595+00:00,1420628749,-69.03
2026-07-14T01:47:57.296595+00:00,1420630214,-69.068
2026-07-14T01:47:57.296595+00:00,1420631678,-69.058
2026-07-14T01:47:57.296595+00:00,1420633143,-69.023
2026-07-14T01:47:57.296595+00:00,1420634608,-68.998
2026-07-14T01:47:57.296595+00:00,1420636073,-69.049
2026-07-14T01:47:57.296595+00:00,1420637538,-69.034
2026-07-14T01:47:57.296595+00:00,1420639003,-69.024
2026-07-14T01:47:57.296595+00:00,1420640467,-69.082
2026-07-14T01:47:57.296595+00:00,1420641932,-69.12
2026-07-14T01:47:57.296595+00:00,1420643397,-69.128
2026-07-14T01:47:57.296595+00:00,1420644862,-69.043
2026-07-14T01:47:57.296595+00:00,1420646327,-69.034
2026-07-14T01:47:57.296595+00:00,1420647792,-69.066
2026-07-14T01:47:57.296595+00:00,1420649257,-69.066
2026-07-14T01:47:57.296595+00:00,1420650721,-69.099
2026-07-14T01:47:57.296595+00:00,1420652186,-69.097
2026-07-14T01:47:57.296595+00:00,1420653651,-69.096
2026-07-14T01:47:57.296595+00:00,1420655116,-69.04
2026-07-14T01:47:57.296595+00:00,1420656581,-69.008
2026-07-14T01:47:57.296595+00:00,1420658046,-69.099
2026-07-14T01:47:57.296595+00:00,1420659510,-69.068
2026-07-14T01:47:57.296595+00:00,1420660975,-69.049
2026-07-14T01:47:57.296595+00:00,1420662440,-69.049
2026-07-14T01:47:57.296595+00:00,1420663905,-69.134
2026-07-14T01:47:57.296595+00:00,1420665370,-69.105
2026-07-14T01:47:57.296595+00:00,1420666835,-69.099
2026-07-14T01:47:57.296595+00:00,1420668300,-69.201
2026-07-14T01:47:57.296595+00:00,1420669764,-69.106
2026-07-14T01:47:57.296595+00:00,1420671229,-69.055
2026-07-14T01:47:57.296595+00:00,1420672694,-69.06
2026-07-14T01:47:57.296595+00:00,1420674159,-69.087
2026-07-14T01:47:57.296595+00:00,1420675624,-69.073
2026-07-14T01:47:57.296595+00:00,1420677089,-69.079
2026-07-14T01:47:57.296595+00:00,1420678553,-69.151
2026-07-14T01:47:57.296595+00:00,1420680018,-69.204
2026-07-14T01:47:57.296595+00:00,1420681483,-69.161
2026-07-14T01:47:57.296595+00:00,1420682948,-69.079
2026-07-14T01:47:57.296595+00:00,1420684413,-69.106
2026-07-14T01:47:57.296595+00:00,1420685878,-69.06
2026-07-14T01:47:57.296595+00:00,1420687342,-69.152
2026-07-14T01:47:57.296595+00:00,1420688807,-69.123
2026-07-14T01:47:57.296595+00:00,1420690272,-69.116
2026-07-14T01:47:57.296595+00:00,1420691737,-69.197
2026-07-14T01:47:57.296595+00:00,1420693202,-69.146
2026-07-14T01:47:57.296595+00:00,1420694667,-69.168
2026-07-14T01:47:57.296595+00:00,1420696132,-69.085
2026-07-14T01:47:57.296595+00:00,1420697596,-69.054
2026-07-14T01:47:57.296595+00:00,1420699061,-69.153
2026-07-14T01:47:57.296595+00:00,1420700526,-69.181
2026-07-14T01:47:57.296595+00:00,1420701991,-69.225
2026-07-14T01:47:57.296595+00:00,1420703456,-69.25
2026-07-14T01:47:57.296595+00:00,1420704921,-69.15
2026-07-14T01:47:57.296595+00:00,1420706385,-69.166
2026-07-14T01:47:57.296595+00:00,1420707850,-69.229
2026-07-14T01:47:57.296595+00:00,1420709315,-69.149
2026-07-14T01:47:57.296595+00:00,1420710780,-69.175
2026-07-14T01:47:57.296595+00:00,1420712245,-69.202
2026-07-14T01:47:57.296595+00:00,1420713710,-69.25
2026-07-14T01:47:57.296595+00:00,1420715175,-69.282
2026-07-14T01:47:57.296595+00:00,1420716639,-69.247
2026-07-14T01:47:57.296595+00:00,1420718104,-69.2
2026-07-14T01:47:57.296595+00:00,1420719569,-69.146
2026-07-14T01:47:57.296595+00:00,1420721034,-69.089
2026-07-14T01:47:57.296595+00:00,1420722499,-69.136
2026-07-14T01:47:57.296595+00:00,1420723964,-69.16
2026-07-14T01:47:57.296595+00:00,1420725428,-69.197
2026-07-14T01:47:57.296595+00:00,1420726893,-69.169
2026-07-14T01:47:57.296595+00:00,1420728358,-69.161
2026-07-14T01:47:57.296595+00:00,1420729823,-69.229
2026-07-14T01:47:57.296595+00:00,1420731288,-69.279
2026-07-14T01:47:57.296595+00:00,1420732753,-69.218
2026-07-14T01:47:57.296595+00:00,1420734217,-69.167
2026-07-14T01:47:57.296595+00:00,1420735682,-69.136
2026-07-14T01:47:57.296595+00:00,1420737147,-69.206
2026-07-14T01:47:57.296595+00:00,1420738612,-69.229
2026-07-14T01:47:57.296595+00:00,1420740077,-69.186
2026-07-14T01:47:57.296595+00:00,1420741542,-69.201
2026-07-14T01:47:57.296595+00:00,1420743007,-69.168
2026-07-14T01:47:57.296595+00:00,1420744471,-69.218
2026-07-14T01:47:57.296595+00:00,1420745936,-69.292
2026-07-14T01:47:57.296595+00:00,1420747401,-69.253
2026-07-14T01:47:57.296595+00:00,1420748866,-69.169
2026-07-14T01:47:57.296595+00:00,1420750331,-69.221
2026-07-14T01:47:57.296595+00:00,1420751796,-69.275
2026-07-14T01:47:57.296595+00:00,1420753260,-69.253
2026-07-14T01:47:57.296595+00:00,1420754725,-69.25
2026-07-14T01:47:57.296595+00:00,1420756190,-69.187
2026-07-14T01:47:57.296595+00:00,1420757655,-69.197
2026-07-14T01:47:57.296595+00:00,1420759120,-69.259
2026-07-14T01:47:57.296595+00:00,1420760585,-69.258
2026-07-14T01:47:57.296595+00:00,1420762050,-69.275
2026-07-14T01:47:57.296595+00:00,1420763514,-69.34
2026-07-14T01:47:57.296595+00:00,1420764979,-69.253
2026-07-14T01:47:57.296595+00:00,1420766444,-69.238
2026-07-14T01:47:57.296595+00:00,1420767909,-69.273
2026-07-14T01:47:57.296595+00:00,1420769374,-69.302
2026-07-14T01:47:57.296595+00:00,1420770839,-69.281
2026-07-14T01:47:57.296595+00:00,1420772303,-69.264
2026-07-14T01:47:57.296595+00:00,1420773768,-69.334
2026-07-14T01:47:57.296595+00:00,1420775233,-69.246
2026-07-14T01:47:57.296595+00:00,1420776698,-69.218
2026-07-14T01:47:57.296595+00:00,1420778163,-69.26
2026-07-14T01:47:57.296595+00:00,1420779628,-69.287
2026-07-14T01:47:57.296595+00:00,1420781092,-69.302
2026-07-14T01:47:57.296595+00:00,1420782557,-69.271
2026-07-14T01:47:57.296595+00:00,1420784022,-69.288
2026-07-14T01:47:57.296595+00:00,1420785487,-69.377
2026-07-14T01:47:57.296595+00:00,1420786952,-69.292
2026-07-14T01:47:57.296595+00:00,1420788417,-69.3
2026-07-14T01:47:57.296595+00:00,1420789882,-69.316
2026-07-14T01:47:57.296595+00:00,1420791346,-69.345
2026-07-14T01:47:57.296595+00:00,1420792811,-69.343
2026-07-14T01:47:57.296595+00:00,1420794276,-69.342
2026-07-14T01:47:57.296595+00:00,1420795741,-69.361
2026-07-14T01:47:57.296595+00:00,1420797206,-69.361
2026-07-14T01:47:57.296595+00:00,1420798671,-69.253
2026-07-14T01:47:57.296595+00:00,1420800135,-69.307
2026-07-14T01:47:57.296595+00:00,1420801600,-69.302
2026-07-14T01:47:57.296595+00:00,1420803065,-69.221
2026-07-14T01:47:57.296595+00:00,1420804530,-69.244
2026-07-14T01:47:57.296595+00:00,1420805995,-69.275
2026-07-14T01:47:57.296595+00:00,1420807460,-69.36
2026-07-14T01:47:57.296595+00:00,1420808925,-69.331
2026-07-14T01:47:57.296595+00:00,1420810389,-69.286
2026-07-14T01:47:57.296595+00:00,1420811854,-69.268
2026-07-14T01:47:57.296595+00:00,1420813319,-69.279
2026-07-14T01:47:57.296595+00:00,1420814784,-69.34
2026-07-14T01:47:57.296595+00:00,1420816249,-69.26
2026-07-14T01:47:57.296595+00:00,1420817714,-69.264
2026-07-14T01:47:57.296595+00:00,1420819178,-69.286
2026-07-14T01:47:57.296595+00:00,1420820643,-69.282
2026-07-14T01:47:57.296595+00:00,1420822108,-69.311
2026-07-14T01:47:57.296595+00:00,1420823573,-69.325
2026-07-14T01:47:57.296595+00:00,1420825038,-69.365
2026-07-14T01:47:57.296595+00:00,1420826503,-69.437
2026-07-14T01:47:57.296595+00:00,1420827967,-69.354
2026-07-14T01:47:57.296595+00:00,1420829432,-69.338
2026-07-14T01:47:57.296595+00:00,1420830897,-69.347
2026-07-14T01:47:57.296595+00:00,1420832362,-69.372
2026-07-14T01:47:57.296595+00:00,1420833827,-69.359
2026-07-14T01:47:57.296595+00:00,1420835292,-69.388
2026-07-14T01:47:57.296595+00:00,1420836757,-69.351
2026-07-14T01:47:57.296595+00:00,1420838221,-69.353
2026-07-14T01:47:57.296595+00:00,1420839686,-69.386
2026-07-14T01:47:57.296595+00:00,1420841151,-69.378
2026-07-14T01:47:57.296595+00:00,1420842616,-69.336
2026-07-14T01:47:57.296595+00:00,1420844081,-69.316
2026-07-14T01:47:57.296595+00:00,1420845546,-69.368
2026-07-14T01:47:57.296595+00:00,1420847010,-69.289
2026-07-14T01:47:57.296595+00:00,1420848475,-69.337
2026-07-14T01:47:57.296595+00:00,1420849940,-69.392
2026-07-14T01:47:57.296595+00:00,1420851405,-69.374
2026-07-14T01:47:57.296595+00:00,1420852870,-69.355
2026-07-14T01:47:57.296595+00:00,1420854335,-69.349
2026-07-14T01:47:57.296595+00:00,1420855800,-69.309
2026-07-14T01:47:57.296595+00:00,1420857264,-69.331
2026-07-14T01:47:57.296595+00:00,1420858729,-69.334
2026-07-14T01:47:57.296595+00:00,1420860194,-69.346
2026-07-14T01:47:57.296595+00:00,1420861659,-69.34
2026-07-14T01:47:57.296595+00:00,1420863124,-69.341
2026-07-14T01:47:57.296595+00:00,1420864589,-69.307
2026-07-14T01:47:57.296595+00:00,1420866053,-69.271
2026-07-14T01:47:57.296595+00:00,1420867518,-69.313
2026-07-14T01:47:57.296595+00:00,1420868983,-69.353
2026-07-14T01:47:57.296595+00:00,1420870448,-69.359
2026-07-14T01:47:57.296595+00:00,1420871913,-69.314
2026-07-14T01:47:57.296595+00:00,1420873378,-69.284
2026-07-14T01:47:57.296595+00:00,1420874842,-69.369
2026-07-14T01:47:57.296595+00:00,1420876307,-69.356
2026-07-14T01:47:57.296595+00:00,1420877772,-69.333
2026-07-14T01:47:57.296595+00:00,1420879237,-69.299
2026-07-14T01:47:57.296595+00:00,1420880702,-69.364
2026-07-14T01:47:57.296595+00:00,1420882167,-69.385
2026-07-14T01:47:57.296595+00:00,1420883632,-69.348
2026-07-14T01:47:57.296595+00:00,1420885096,-69.356
2026-07-14T01:47:57.296595+00:00,1420886561,-69.323
2026-07-14T01:47:57.296595+00:00,1420888026,-69.34
2026-07-14T01:47:57.296595+00:00,1420889491,-69.361
2026-07-14T01:47:57.296595+00:00,1420890956,-69.331
2026-07-14T01:47:57.296595+00:00,1420892421,-69.335
2026-07-14T01:47:57.296595+00:00,1420893885,-69.411
2026-07-14T01:47:57.296595+00:00,1420895350,-69.355
2026-07-14T01:47:57.296595+00:00,1420896815,-69.343
2026-07-14T01:47:57.296595+00:00,1420898280,-69.397
2026-07-14T01:47:57.296595+00:00,1420899745,-69.43
2026-07-14T01:47:57.296595+00:00,1420901210,-69.414
2026-07-14T01:47:57.296595+00:00,1420902675,-69.334
2026-07-14T01:47:57.296595+00:00,1420904139,-69.335
2026-07-14T01:47:57.296595+00:00,1420905604,-69.367
2026-07-14T01:47:57.296595+00:00,1420907069,-69.388
2026-07-14T01:47:57.296595+00:00,1420908534,-69.337
2026-07-14T01:47:57.296595+00:00,1420909999,-69.4
2026-07-14T01:47:57.296595+00:00,1420911464,-69.419
2026-07-14T01:47:57.296595+00:00,1420912928,-69.424
2026-07-14T01:47:57.296595+00:00,1420914393,-69.374
2026-07-14T01:47:57.296595+00:00,1420915858,-69.323
2026-07-14T01:47:57.296595+00:00,1420917323,-69.346
2026-07-14T01:47:57.296595+00:00,1420918788,-69.324
2026-07-14T01:47:57.296595+00:00,1420920253,-69.336
2026-07-14T01:47:57.296595+00:00,1420921717,-69.321
2026-07-14T01:47:57.296595+00:00,1420923182,-69.382
2026-07-14T01:47:57.296595+00:00,1420924647,-69.36
2026-07-14T01:47:57.296595+00:00,1420926112,-69.311
2026-07-14T01:47:57.296595+00:00,1420927577,-69.373
2026-07-14T01:47:57.296595+00:00,1420929042,-69.399
2026-07-14T01:47:57.296595+00:00,1420930507,-69.407
2026-07-14T01:47:57.296595+00:00,1420931971,-69.348
2026-07-14T01:47:57.296595+00:00,1420933436,-69.338
2026-07-14T01:47:57.296595+00:00,1420934901,-69.328
2026-07-14T01:47:57.296595+00:00,1420936366,-69.324
2026-07-14T01:47:57.296595+00:00,1420937831,-69.312
2026-07-14T01:47:57.296595+00:00,1420939296,-69.347
2026-07-14T01:47:57.296595+00:00,1420940760,-69.442
2026-07-14T01:47:57.296595+00:00,1420942225,-69.394
2026-07-14T01:47:57.296595+00:00,1420943690,-69.359
2026-07-14T01:47:57.296595+00:00,1420945155,-69.385
2026-07-14T01:47:57.296595+00:00,1420946620,-69.352
2026-07-14T01:47:57.296595+00:00,1420948085,-69.355
2026-07-14T01:47:57.296595+00:00,1420949550,-69.357
2026-07-14T01:47:57.296595+00:00,1420951014,-69.349
2026-07-14T01:47:57.296595+00:00,1420952479,-69.371
2026-07-14T01:47:57.296595+00:00,1420953944,-69.45
2026-07-14T01:47:57.296595+00:00,1420955409,-69.465
2026-07-14T01:47:57.296595+00:00,1420956874,-69.392
2026-07-14T01:47:57.296595+00:00,1420958339,-69.372
2026-07-14T01:47:57.296595+00:00,1420959803,-69.431
2026-07-14T01:47:57.296595+00:00,1420961268,-69.478
2026-07-14T01:47:57.296595+00:00,1420962733,-69.501
2026-07-14T01:47:57.296595+00:00,1420964198,-69.465
2026-07-14T01:47:57.296595+00:00,1420965663,-69.394
2026-07-14T01:47:57.296595+00:00,1420967128,-69.36
2026-07-14T01:47:57.296595+00:00,1420968592,-69.452
2026-07-14T01:47:57.296595+00:00,1420970057,-69.485
2026-07-14T01:47:57.296595+00:00,1420971522,-69.385
2026-07-14T01:47:57.296595+00:00,1420972987,-69.447
2026-07-14T01:47:57.296595+00:00,1420974452,-69.433
2026-07-14T01:47:57.296595+00:00,1420975917,-69.458
2026-07-14T01:47:57.296595+00:00,1420977382,-69.448
2026-07-14T01:47:57.296595+00:00,1420978846,-69.448
2026-07-14T01:47:57.296595+00:00,1420980311,-69.42
2026-07-14T01:47:57.296595+00:00,1420981776,-69.401
2026-07-14T01:47:57.296595+00:00,1420983241,-69.417
2026-07-14T01:47:57.296595+00:00,1420984706,-69.458
2026-07-14T01:47:57.296595+00:00,1420986171,-69.401
2026-07-14T01:47:57.296595+00:00,1420987635,-69.476
2026-07-14T01:47:57.296595+00:00,1420989100,-69.453
2026-07-14T01:47:57.296595+00:00,1420990565,-69.513
2026-07-14T01:47:57.296595+00:00,1420992030,-69.459
2026-07-14T01:47:57.296595+00:00,1420993495,-69.469
2026-07-14T01:47:57.296595+00:00,1420994960,-69.442
2026-07-14T01:47:57.296595+00:00,1420996425,-69.49
2026-07-14T01:47:57.296595+00:00,1420997889,-69.509
2026-07-14T01:47:57.296595+00:00,1420999354,-69.527
2026-07-14T01:47:57.296595+00:00,1421000819,-69.47
2026-07-14T01:47:57.296595+00:00,1421002284,-69.436
2026-07-14T01:47:57.296595+00:00,1421003749,-69.493
2026-07-14T01:47:57.296595+00:00,1421005214,-69.469
2026-07-14T01:47:57.296595+00:00,1421006678,-69.42
2026-07-14T01:47:57.296595+00:00,1421008143,-69.578
2026-07-14T01:47:57.296595+00:00,1421009608,-69.544
2026-07-14T01:47:57.296595+00:00,1421011073,-69.525
2026-07-14T01:47:57.296595+00:00,1421012538,-69.553
2026-07-14T01:47:57.296595+00:00,1421014003,-69.59
2026-07-14T01:47:57.296595+00:00,1421015467,-69.564
2026-07-14T01:47:57.296595+00:00,1421016932,-69.576
2026-07-14T01:47:57.296595+00:00,1421018397,-69.557
2026-07-14T01:47:57.296595+00:00,1421019862,-69.553
2026-07-14T01:47:57.296595+00:00,1421021327,-69.581
2026-07-14T01:47:57.296595+00:00,1421022792,-69.521
2026-07-14T01:47:57.296595+00:00,1421024257,-69.576
2026-07-14T01:47:57.296595+00:00,1421025721,-69.61
2026-07-14T01:47:57.296595+00:00,1421027186,-69.6
2026-07-14T01:47:57.296595+00:00,1421028651,-69.597
2026-07-14T01:47:57.296595+00:00,1421030116,-69.576
2026-07-14T01:47:57.296595+00:00,1421031581,-69.543
2026-07-14T01:47:57.296595+00:00,1421033046,-69.526
2026-07-14T01:47:57.296595+00:00,1421034510,-69.564
2026-07-14T01:47:57.296595+00:00,1421035975,-69.552
2026-07-14T01:47:57.296595+00:00,1421037440,-69.564
2026-07-14T01:47:57.296595+00:00,1421038905,-69.54
2026-07-14T01:47:57.296595+00:00,1421040370,-69.558
2026-07-14T01:47:57.296595+00:00,1421041835,-69.656
2026-07-14T01:47:57.296595+00:00,1421043300,-69.617
2026-07-14T01:47:57.296595+00:00,1421044764,-69.525
2026-07-14T01:47:57.296595+00:00,1421046229,-69.593
2026-07-14T01:47:57.296595+00:00,1421047694,-69.595
2026-07-14T01:47:57.296595+00:00,1421049159,-69.664
2026-07-14T01:47:57.296595+00:00,1421050624,-69.672
2026-07-14T01:47:57.296595+00:00,1421052089,-69.676
2026-07-14T01:47:57.296595+00:00,1421053553,-69.621
2026-07-14T01:47:57.296595+00:00,1421055018,-69.637
2026-07-14T01:47:57.296595+00:00,1421056483,-69.623
2026-07-14T01:47:57.296595+00:00,1421057948,-69.637
2026-07-14T01:47:57.296595+00:00,1421059413,-69.688
2026-07-14T01:47:57.296595+00:00,1421060878,-69.643
2026-07-14T01:47:57.296595+00:00,1421062342,-69.681
2026-07-14T01:47:57.296595+00:00,1421063807,-69.653
2026-07-14T01:47:57.296595+00:00,1421065272,-69.644
2026-07-14T01:47:57.296595+00:00,1421066737,-69.736
2026-07-14T01:47:57.296595+00:00,1421068202,-69.71
2026-07-14T01:47:57.296595+00:00,1421069667,-69.673
2026-07-14T01:47:57.296595+00:00,1421071132,-69.708
2026-07-14T01:47:57.296595+00:00,1421072596,-69.713
2026-07-14T01:47:57.296595+00:00,1421074061,-69.711
2026-07-14T01:47:57.296595+00:00,1421075526,-69.68
2026-07-14T01:47:57.296595+00:00,1421076991,-69.702
2026-07-14T01:47:57.296595+00:00,1421078456,-69.702
2026-07-14T01:47:57.296595+00:00,1421079921,-69.749
2026-07-14T01:47:57.296595+00:00,1421081385,-69.744
2026-07-14T01:47:57.296595+00:00,1421082850,-69.7
2026-07-14T01:47:57.296595+00:00,1421084315,-69.752
2026-07-14T01:47:57.296595+00:00,1421085780,-69.756
2026-07-14T01:47:57.296595+00:00,1421087245,-69.758
2026-07-14T01:47:57.296595+00:00,1421088710,-69.767
2026-07-14T01:47:57.296595+00:00,1421090175,-69.822
2026-07-14T01:47:57.296595+00:00,1421091639,-69.806
2026-07-14T01:47:57.296595+00:00,1421093104,-69.759
2026-07-14T01:47:57.296595+00:00,1421094569,-69.847
2026-07-14T01:47:57.296595+00:00,1421096034,-69.841
2026-07-14T01:47:57.296595+00:00,1421097499,-69.798
2026-07-14T01:47:57.296595+00:00,1421098964,-69.839
2026-07-14T01:47:57.296595+00:00,1421100428,-69.885
2026-07-14T01:47:57.296595+00:00,1421101893,-69.895
2026-07-14T01:47:57.296595+00:00,1421103358,-69.875
2026-07-14T01:47:57.296595+00:00,1421104823,-69.88
2026-07-14T01:47:57.296595+00:00,1421106288,-69.872
2026-07-14T01:47:57.296595+00:00,1421107753,-69.84
2026-07-14T01:47:57.296595+00:00,1421109217,-69.808
2026-07-14T01:47:57.296595+00:00,1421110682,-69.802
2026-07-14T01:47:57.296595+00:00,1421112147,-69.784
2026-07-14T01:47:57.296595+00:00,1421113612,-69.844
2026-07-14T01:47:57.296595+00:00,1421115077,-69.903
2026-07-14T01:47:57.296595+00:00,1421116542,-69.837
2026-07-14T01:47:57.296595+00:00,1421118007,-69.881
2026-07-14T01:47:57.296595+00:00,1421119471,-69.852
2026-07-14T01:47:57.296595+00:00,1421120936,-69.931
2026-07-14T01:47:57.296595+00:00,1421122401,-69.92
2026-07-14T01:47:57.296595+00:00,1421123866,-69.814
2026-07-14T01:47:57.296595+00:00,1421125331,-69.838
2026-07-14T01:47:57.296595+00:00,1421126796,-69.866
2026-07-14T01:47:57.296595+00:00,1421128260,-69.926
2026-07-14T01:47:57.296595+00:00,1421129725,-69.949
2026-07-14T01:47:57.296595+00:00,1421131190,-69.939
2026-07-14T01:47:57.296595+00:00,1421132655,-69.887
2026-07-14T01:47:57.296595+00:00,1421134120,-69.908
2026-07-14T01:47:57.296595+00:00,1421135585,-69.99
2026-07-14T01:47:57.296595+00:00,1421137050,-69.929
2026-07-14T01:47:57.296595+00:00,1421138514,-69.94
2026-07-14T01:47:57.296595+00:00,1421139979,-69.913
2026-07-14T01:47:57.296595+00:00,1421141444,-69.907
2026-07-14T01:47:57.296595+00:00,1421142909,-69.964
2026-07-14T01:47:57.296595+00:00,1421144374,-69.939
2026-07-14T01:47:57.296595+00:00,1421145839,-69.934
2026-07-14T01:47:57.296595+00:00,1421147303,-69.927
2026-07-14T01:47:57.296595+00:00,1421148768,-69.991
2026-07-14T01:47:57.296595+00:00,1421150233,-69.933
2026-07-14T01:47:57.296595+00:00,1421151698,-70.013
2026-07-14T01:47:57.296595+00:00,1421153163,-70.04
2026-07-14T01:47:57.296595+00:00,1421154628,-69.972
2026-07-14T01:47:57.296595+00:00,1421156092,-69.933
2026-07-14T01:47:57.296595+00:00,1421157557,-69.961
2026-07-14T01:47:57.296595+00:00,1421159022,-70.035
2026-07-14T01:47:57.296595+00:00,1421160487,-69.997
2026-07-14T01:47:57.296595+00:00,1421161952,-70.038
2026-07-14T01:47:57.296595+00:00,1421163417,-69.995
2026-07-14T01:47:57.296595+00:00,1421164882,-69.998
2026-07-14T01:47:57.296595+00:00,1421166346,-70.007
2026-07-14T01:47:57.296595+00:00,1421167811,-69.965
2026-07-14T01:47:57.296595+00:00,1421169276,-69.982
2026-07-14T01:47:57.296595+00:00,1421170741,-70.018
2026-07-14T01:47:57.296595+00:00,1421172206,-70.071
2026-07-14T01:47:57.296595+00:00,1421173671,-70.022
2026-07-14T01:47:57.296595+00:00,1421175135,-69.994
2026-07-14T01:47:57.296595+00:00,1421176600,-70.013
2026-07-14T01:47:57.296595+00:00,1421178065,-69.958
2026-07-14T01:47:57.296595+00:00,1421179530,-70.05
2026-07-14T01:47:57.296595+00:00,1421180995,-70.122
2026-07-14T01:47:57.296595+00:00,1421182460,-70.072
2026-07-14T01:47:57.296595+00:00,1421183925,-70.059
2026-07-14T01:47:57.296595+00:00,1421185389,-70.079
2026-07-14T01:47:57.296595+00:00,1421186854,-70.071
2026-07-14T01:47:57.296595+00:00,1421188319,-70.079
2026-07-14T01:47:57.296595+00:00,1421189784,-70.039
2026-07-14T01:47:57.296595+00:00,1421191249,-69.988
2026-07-14T01:47:57.296595+00:00,1421192714,-70.027
2026-07-14T01:47:57.296595+00:00,1421194178,-70.164
2026-07-14T01:47:57.296595+00:00,1421195643,-70.126
2026-07-14T01:47:57.296595+00:00,1421197108,-70.081
2026-07-14T01:47:57.296595+00:00,1421198573,-70.123
2026-07-14T01:47:57.296595+00:00,1421200038,-70.158
2026-07-14T01:47:57.296595+00:00,1421201503,-70.142
2026-07-14T01:47:57.296595+00:00,1421202967,-70.135
2026-07-14T01:47:57.296595+00:00,1421204432,-70.083
2026-07-14T01:47:57.296595+00:00,1421205897,-70.051
2026-07-14T01:47:57.296595+00:00,1421207362,-70.161
2026-07-14T01:47:57.296595+00:00,1421208827,-70.094
2026-07-14T01:47:57.296595+00:00,1421210292,-70.087
2026-07-14T01:47:57.296595+00:00,1421211757,-70.134
2026-07-14T01:47:57.296595+00:00,1421213221,-70.103
2026-07-14T01:47:57.296595+00:00,1421214686,-70.097
2026-07-14T01:47:57.296595+00:00,1421216151,-70.121
2026-07-14T01:47:57.296595+00:00,1421217616,-70.067
2026-07-14T01:47:57.296595+00:00,1421219081,-70.054
2026-07-14T01:47:57.296595+00:00,1421220546,-70.143
2026-07-14T01:47:57.296595+00:00,1421222010,-70.145
2026-07-14T01:47:57.296595+00:00,1421223475,-70.159
2026-07-14T01:47:57.296595+00:00,1421224940,-70.202
2026-07-14T01:47:57.296595+00:00,1421226405,-70.127
2026-07-14T01:47:57.296595+00:00,1421227870,-70.105
2026-07-14T01:47:57.296595+00:00,1421229335,-70.065
2026-07-14T01:47:57.296595+00:00,1421230800,-70.112
2026-07-14T01:47:57.296595+00:00,1421232264,-70.128
2026-07-14T01:47:57.296595+00:00,1421233729,-70.152
2026-07-14T01:47:57.296595+00:00,1421235194,-70.154
2026-07-14T01:47:57.296595+00:00,1421236659,-70.133
2026-07-14T01:47:57.296595+00:00,1421238124,-70.175
2026-07-14T01:47:57.296595+00:00,1421239589,-70.178
2026-07-14T01:47:57.296595+00:00,1421241053,-70.166
2026-07-14T01:47:57.296595+00:00,1421242518,-70.112
2026-07-14T01:47:57.296595+00:00,1421243983,-70.225
2026-07-14T01:47:57.296595+00:00,1421245448,-70.172
2026-07-14T01:47:57.296595+00:00,1421246913,-70.168
2026-07-14T01:47:57.296595+00:00,1421248378,-70.229
2026-07-14T01:47:57.296595+00:00,1421249842,-70.207
2026-07-14T01:47:57.296595+00:00,1421251307,-70.177
2026-07-14T01:47:57.296595+00:00,1421252772,-70.179
2026-07-14T01:47:57.296595+00:00,1421254237,-70.175
2026-07-14T01:47:57.296595+00:00,1421255702,-70.197
2026-07-14T01:47:57.296595+00:00,1421257167,-70.249
2026-07-14T01:47:57.296595+00:00,1421258632,-70.221
2026-07-14T01:47:57.296595+00:00,1421260096,-70.24
2026-07-14T01:47:57.296595+00:00,1421261561,-70.213
2026-07-14T01:47:57.296595+00:00,1421263026,-70.2
2026-07-14T01:47:57.296595+00:00,1421264491,-70.224
2026-07-14T01:47:57.296595+00:00,1421265956,-70.228
2026-07-14T01:47:57.296595+00:00,1421267421,-70.215
2026-07-14T01:47:57.296595+00:00,1421268885,-70.192
2026-07-14T01:47:57.296595+00:00,1421270350,-70.244
2026-07-14T01:47:57.296595+00:00,1421271815,-70.248
2026-07-14T01:47:57.296595+00:00,1421273280,-70.207
2026-07-14T01:47:57.296595+00:00,1421274745,-70.25
2026-07-14T01:47:57.296595+00:00,1421276210,-70.262
2026-07-14T01:47:57.296595+00:00,1421277675,-70.246
2026-07-14T01:47:57.296595+00:00,1421279139,-70.237
2026-07-14T01:47:57.296595+00:00,1421280604,-70.325
2026-07-14T01:47:57.296595+00:00,1421282069,-70.305
2026-07-14T01:47:57.296595+00:00,1421283534,-70.22
2026-07-14T01:47:57.296595+00:00,1421284999,-70.248
2026-07-14T01:47:57.296595+00:00,1421286464,-70.239
2026-07-14T01:47:57.296595+00:00,1421287928,-70.243
2026-07-14T01:47:57.296595+00:00,1421289393,-70.225
2026-07-14T01:47:57.296595+00:00,1421290858,-70.174
2026-07-14T01:47:57.296595+00:00,1421292323,-70.213
2026-07-14T01:47:57.296595+00:00,1421293788,-70.247
2026-07-14T01:47:57.296595+00:00,1421295253,-70.232
2026-07-14T01:47:57.296595+00:00,1421296717,-70.241
2026-07-14T01:47:57.296595+00:00,1421298182,-70.311
2026-07-14T01:47:57.296595+00:00,1421299647,-70.301
2026-07-14T01:47:57.296595+00:00,1421301112,-70.287
2026-07-14T01:47:57.296595+00:00,1421302577,-70.307
2026-07-14T01:47:57.296595+00:00,1421304042,-70.285
2026-07-14T01:47:57.296595+00:00,1421305507,-70.257
2026-07-14T01:47:57.296595+00:00,1421306971,-70.283
2026-07-14T01:47:57.296595+00:00,1421308436,-70.257
2026-07-14T01:47:57.296595+00:00,1421309901,-70.298
2026-07-14T01:47:57.296595+00:00,1421311366,-70.32
2026-07-14T01:47:57.296595+00:00,1421312831,-70.319
2026-07-14T01:47:57.296595+00:00,1421314296,-70.311
2026-07-14T01:47:57.296595+00:00,1421315760,-70.319
2026-07-14T01:47:57.296595+00:00,1421317225,-70.349
2026-07-14T01:47:57.296595+00:00,1421318690,-70.3
2026-07-14T01:47:57.296595+00:00,1421320155,-70.331
2026-07-14T01:47:57.296595+00:00,1421321620,-70.278
2026-07-14T01:47:57.296595+00:00,1421323085,-70.255
2026-07-14T01:47:57.296595+00:00,1421324550,-70.329
2026-07-14T01:47:57.296595+00:00,1421326014,-70.373
2026-07-14T01:47:57.296595+00:00,1421327479,-70.339
2026-07-14T01:47:57.296595+00:00,1421328944,-70.364
2026-07-14T01:47:57.296595+00:00,1421330409,-70.39
2026-07-14T01:47:57.296595+00:00,1421331874,-70.356
2026-07-14T01:47:57.296595+00:00,1421333339,-70.369
2026-07-14T01:47:57.296595+00:00,1421334803,-70.382
2026-07-14T01:47:57.296595+00:00,1421336268,-70.363
2026-07-14T01:47:57.296595+00:00,1421337733,-70.416
2026-07-14T01:47:57.296595+00:00,1421339198,-70.425
2026-07-14T01:47:57.296595+00:00,1421340663,-70.373
2026-07-14T01:47:57.296595+00:00,1421342128,-70.368
2026-07-14T01:47:57.296595+00:00,1421343592,-70.388
2026-07-14T01:47:57.296595+00:00,1421345057,-70.429
2026-07-14T01:47:57.296595+00:00,1421346522,-70.44
2026-07-14T01:47:57.296595+00:00,1421347987,-70.363
2026-07-14T01:47:57.296595+00:00,1421349452,-70.362
2026-07-14T01:47:57.296595+00:00,1421350917,-70.409
2026-07-14T01:47:57.296595+00:00,1421352382,-70.381
2026-07-14T01:47:57.296595+00:00,1421353846,-70.359
2026-07-14T01:47:57.296595+00:00,1421355311,-70.395
2026-07-14T01:47:57.296595+00:00,1421356776,-70.374
2026-07-14T01:47:57.296595+00:00,1421358241,-70.406
2026-07-14T01:47:57.296595+00:00,1421359706,-70.43
2026-07-14T01:47:57.296595+00:00,1421361171,-70.429
2026-07-14T01:47:57.296595+00:00,1421362635,-70.41
2026-07-14T01:47:57.296595+00:00,1421364100,-70.459
2026-07-14T01:47:57.296595+00:00,1421365565,-70.455
2026-07-14T01:47:57.296595+00:00,1421367030,-70.443
2026-07-14T01:47:57.296595+00:00,1421368495,-70.462
2026-07-14T01:47:57.296595+00:00,1421369960,-70.466
2026-07-14T01:47:57.296595+00:00,1421371425,-70.495
2026-07-14T01:47:57.296595+00:00,1421372889,-70.439
2026-07-14T01:47:57.296595+00:00,1421374354,-70.47
2026-07-14T01:47:57.296595+00:00,1421375819,-70.473
2026-07-14T01:47:57.296595+00:00,1421377284,-70.511
2026-07-14T01:47:57.296595+00:00,1421378749,-70.455
2026-07-14T01:47:57.296595+00:00,1421380214,-70.491
2026-07-14T01:47:57.296595+00:00,1421381678,-70.557
2026-07-14T01:47:57.296595+00:00,1421383143,-70.536
2026-07-14T01:47:57.296595+00:00,1421384608,-70.532
2026-07-14T01:47:57.296595+00:00,1421386073,-70.53
2026-07-14T01:47:57.296595+00:00,1421387538,-70.56
2026-07-14T01:47:57.296595+00:00,1421389003,-70.535
2026-07-14T01:47:57.296595+00:00,1421390467,-70.548
2026-07-14T01:47:57.296595+00:00,1421391932,-70.472
2026-07-14T01:47:57.296595+00:00,1421393397,-70.505
2026-07-14T01:47:57.296595+00:00,1421394862,-70.553
2026-07-14T01:47:57.296595+00:00,1421396327,-70.495
2026-07-14T01:47:57.296595+00:00,1421397792,-70.545
2026-07-14T01:47:57.296595+00:00,1421399257,-70.554
2026-07-14T01:47:57.296595+00:00,1421400721,-70.58
2026-07-14T01:47:57.296595+00:00,1421402186,-70.479
2026-07-14T01:47:57.296595+00:00,1421403651,-70.436
2026-07-14T01:47:57.296595+00:00,1421405116,-70.549
2026-07-14T01:47:57.296595+00:00,1421406581,-70.568
2026-07-14T01:47:57.296595+00:00,1421408046,-70.535
2026-07-14T01:47:57.296595+00:00,1421409510,-70.503
2026-07-14T01:47:57.296595+00:00,1421410975,-70.56
2026-07-14T01:47:57.296595+00:00,1421412440,-70.652
2026-07-14T01:47:57.296595+00:00,1421413905,-70.639
2026-07-14T01:47:57.296595+00:00,1421415370,-70.589
2026-07-14T01:47:57.296595+00:00,1421416835,-70.553
2026-07-14T01:47:57.296595+00:00,1421418300,-70.629
2026-07-14T01:47:57.296595+00:00,1421419764,-70.647
2026-07-14T01:47:57.296595+00:00,1421421229,-70.603
2026-07-14T01:47:57.296595+00:00,1421422694,-70.623
2026-07-14T01:47:57.296595+00:00,1421424159,-70.623
2026-07-14T01:47:57.296595+00:00,1421425624,-70.608
2026-07-14T01:47:57.296595+00:00,1421427089,-70.666
2026-07-14T01:47:57.296595+00:00,1421428553,-70.541
2026-07-14T01:47:57.296595+00:00,1421430018,-70.515
2026-07-14T01:47:57.296595+00:00,1421431483,-70.563
2026-07-14T01:47:57.296595+00:00,1421432948,-70.536
2026-07-14T01:47:57.296595+00:00,1421434413,-70.561
2026-07-14T01:47:57.296595+00:00,1421435878,-70.59
2026-07-14T01:47:57.296595+00:00,1421437342,-70.559
2026-07-14T01:47:57.296595+00:00,1421438807,-70.511
2026-07-14T01:47:57.296595+00:00,1421440272,-70.487
2026-07-14T01:47:57.296595+00:00,1421441737,-70.424
2026-07-14T01:47:57.296595+00:00,1421443202,-70.397
2026-07-14T01:47:57.296595+00:00,1421444667,-70.368
2026-07-14T01:47:57.296595+00:00,1421446132,-70.369
2026-07-14T01:47:57.296595+00:00,1421447596,-70.315
2026-07-14T01:47:57.296595+00:00,1421449061,-70.299
2026-07-14T01:47:57.296595+00:00,1421450526,-70.275
2026-07-14T01:47:57.296595+00:00,1421451991,-70.198
2026-07-14T01:47:57.296595+00:00,1421453456,-70.089
2026-07-14T01:47:57.296595+00:00,1421454921,-69.996
2026-07-14T01:47:57.296595+00:00,1421456385,-69.943
2026-07-14T01:47:57.296595+00:00,1421457850,-69.872
2026-07-14T01:47:57.296595+00:00,1421459315,-69.766
2026-07-14T01:47:57.296595+00:00,1421460780,-69.691
2026-07-14T01:47:57.296595+00:00,1421462245,-69.561
2026-07-14T01:47:57.296595+00:00,1421463710,-69.477
2026-07-14T01:47:57.296595+00:00,1421465175,-69.35
2026-07-14T01:47:57.296595+00:00,1421466639,-69.27
2026-07-14T01:47:57.296595+00:00,1421468104,-69.103
2026-07-14T01:47:57.296595+00:00,1421469569,-69.042
2026-07-14T01:47:57.296595+00:00,1421471034,-68.953
2026-07-14T01:47:57.296595+00:00,1421472499,-68.884
2026-07-14T01:47:57.296595+00:00,1421473964,-68.745
2026-07-14T01:47:57.296595+00:00,1421475428,-68.564
2026-07-14T01:47:57.296595+00:00,1421476893,-68.516
2026-07-14T01:47:57.296595+00:00,1421478358,-68.431
2026-07-14T01:47:57.296595+00:00,1421479823,-68.329
2026-07-14T01:47:57.296595+00:00,1421481288,-68.161
2026-07-14T01:47:57.296595+00:00,1421482753,-68.174
2026-07-14T01:47:57.296595+00:00,1421484217,-68.068
2026-07-14T01:47:57.296595+00:00,1421485682,-67.951
2026-07-14T01:47:57.296595+00:00,1421487147,-67.97
2026-07-14T01:47:57.296595+00:00,1421488612,-67.95
2026-07-14T01:47:57.296595+00:00,1421490077,-67.858
2026-07-14T01:47:57.296595+00:00,1421491542,-67.846
2026-07-14T01:47:57.296595+00:00,1421493007,-67.861
2026-07-14T01:47:57.296595+00:00,1421494471,-67.787
2026-07-14T01:47:57.296595+00:00,1421495936,-67.763
2026-07-14T01:47:57.296595+00:00,1421497401,-67.81
2026-07-14T01:47:57.296595+00:00,1421498866,-67.828
2026-07-14T01:47:57.296595+00:00,1421500331,-67.884
2026-07-14T01:47:57.296595+00:00,1421501796,-67.936
2026-07-14T01:47:57.296595+00:00,1421503260,-67.949
2026-07-14T01:47:57.296595+00:00,1421504725,-68.049
2026-07-14T01:47:57.296595+00:00,1421506190,-68.175
2026-07-14T01:47:57.296595+00:00,1421507655,-68.161
2026-07-14T01:47:57.296595+00:00,1421509120,-68.242
2026-07-14T01:47:57.296595+00:00,1421510585,-68.33
2026-07-14T01:47:57.296595+00:00,1421512050,-68.407
2026-07-14T01:47:57.296595+00:00,1421513514,-68.432
2026-07-14T01:47:57.296595+00:00,1421514979,-68.479
2026-07-14T01:47:57.296595+00:00,1421516444,-68.504
2026-07-14T01:47:57.296595+00:00,1421517909,-68.579
2026-07-14T01:47:57.296595+00:00,1421519374,-68.669
2026-07-14T01:47:57.296595+00:00,1421520839,-68.766
2026-07-14T01:47:57.296595+00:00,1421522303,-68.808
2026-07-14T01:47:57.296595+00:00,1421523768,-68.923
2026-07-14T01:47:57.296595+00:00,1421525233,-68.964
2026-07-14T01:47:57.296595+00:00,1421526698,-68.997
2026-07-14T01:47:57.296595+00:00,1421528163,-69.092
2026-07-14T01:47:57.296595+00:00,1421529628,-69.19
2026-07-14T01:47:57.296595+00:00,1421531092,-69.173
2026-07-14T01:47:57.296595+00:00,1421532557,-69.196
2026-07-14T01:47:57.296595+00:00,1421534022,-69.23
2026-07-14T01:47:57.296595+00:00,1421535487,-69.35
2026-07-14T01:47:57.296595+00:00,1421536952,-69.285
2026-07-14T01:47:57.296595+00:00,1421538417,-69.289
2026-07-14T01:47:57.296595+00:00,1421539882,-69.311
2026-07-14T01:47:57.296595+00:00,1421541346,-69.388
2026-07-14T01:47:57.296595+00:00,1421542811,-69.349
2026-07-14T01:47:57.296595+00:00,1421544276,-69.35
2026-07-14T01:47:57.296595+00:00,1421545741,-69.449
2026-07-14T01:47:57.296595+00:00,1421547206,-69.472
2026-07-14T01:47:57.296595+00:00,1421548671,-69.444
2026-07-14T01:47:57.296595+00:00,1421550135,-69.446
2026-07-14T01:47:57.296595+00:00,1421551600,-69.469
2026-07-14T01:47:57.296595+00:00,1421553065,-69.53
2026-07-14T01:47:57.296595+00:00,1421554530,-69.449
2026-07-14T01:47:57.296595+00:00,1421555995,-69.468
2026-07-14T01:47:57.296595+00:00,1421557460,-69.385
2026-07-14T01:47:57.296595+00:00,1421558925,-69.343
2026-07-14T01:47:57.296595+00:00,1421560389,-69.391
2026-07-14T01:47:57.296595+00:00,1421561854,-69.369
2026-07-14T01:47:57.296595+00:00,1421563319,-69.337
2026-07-14T01:47:57.296595+00:00,1421564784,-69.336
2026-07-14T01:47:57.296595+00:00,1421566249,-69.305
2026-07-14T01:47:57.296595+00:00,1421567714,-69.263
2026-07-14T01:47:57.296595+00:00,1421569178,-69.208
2026-07-14T01:47:57.296595+00:00,1421570643,-69.2
2026-07-14T01:47:57.296595+00:00,1421572108,-69.124
2026-07-14T01:47:57.296595+00:00,1421573573,-69.026
2026-07-14T01:47:57.296595+00:00,1421575038,-68.961
2026-07-14T01:47:57.296595+00:00,1421576503,-68.939
2026-07-14T01:47:57.296595+00:00,1421577967,-68.881
2026-07-14T01:47:57.296595+00:00,1421579432,-68.822
2026-07-14T01:47:57.296595+00:00,1421580897,-68.693
2026-07-14T01:47:57.296595+00:00,1421582362,-68.571
2026-07-14T01:47:57.296595+00:00,1421583827,-68.497
2026-07-14T01:47:57.296595+00:00,1421585292,-68.342
2026-07-14T01:47:57.296595+00:00,1421586757,-68.244
2026-07-14T01:47:57.296595+00:00,1421588221,-68.103
2026-07-14T01:47:57.296595+00:00,1421589686,-67.873
2026-07-14T01:47:57.296595+00:00,1421591151,-67.687
2026-07-14T01:47:57.296595+00:00,1421592616,-67.48
2026-07-14T01:47:57.296595+00:00,1421594081,-67.265
2026-07-14T01:47:57.296595+00:00,1421595546,-66.986
2026-07-14T01:47:57.296595+00:00,1421597010,-66.529
2026-07-14T01:47:57.296595+00:00,1421598475,-66.167
2026-07-14T01:47:57.296595+00:00,1421599940,-65.422
2026-07-14T01:47:57.296595+00:00,1421601405,-64.416
2026-07-14T01:47:57.296595+00:00,1421602870,-62.837
2026-07-14T01:47:57.296595+00:00,1421604335,-58.491
2026-07-14T01:47:57.296595+00:00,1421605800,-54.536
2026-07-14T01:47:57.296595+00:00,1421607264,-58.445
2026-07-14T01:47:57.296595+00:00,1421608729,-62.804
2026-07-14T01:47:57.296595+00:00,1421610194,-64.432
2026-07-14T01:47:57.296595+00:00,1421611659,-65.415
2026-07-14T01:47:57.296595+00:00,1421613124,-66.086
2026-07-14T01:47:57.296595+00:00,1421614589,-66.579
2026-07-14T01:47:57.296595+00:00,1421616053,-66.915
2026-07-14T01:47:57.296595+00:00,1421617518,-67.175
2026-07-14T01:47:57.296595+00:00,1421618983,-67.46
2026-07-14T01:47:57.296595+00:00,1421620448,-67.698
2026-07-14T01:47:57.296595+00:00,1421621913,-67.919
2026-07-14T01:47:57.296595+00:00,1421623378,-68.055
2026-07-14T01:47:57.296595+00:00,1421624842,-68.17
2026-07-14T01:47:57.296595+00:00,1421626307,-68.296
2026-07-14T01:47:57.296595+00:00,1421627772,-68.45
2026-07-14T01:47:57.296595+00:00,1421629237,-68.582
2026-07-14T01:47:57.296595+00:00,1421630702,-68.741
2026-07-14T01:47:57.296595+00:00,1421632167,-68.721
2026-07-14T01:47:57.296595+00:00,1421633632,-68.773
2026-07-14T01:47:57.296595+00:00,1421635096,-68.895
2026-07-14T01:47:57.296595+00:00,1421636561,-68.992
2026-07-14T01:47:57.296595+00:00,1421638026,-68.988
2026-07-14T01:47:57.296595+00:00,1421639491,-69.055
2026-07-14T01:47:57.296595+00:00,1421640956,-69.083
2026-07-14T01:47:57.296595+00:00,1421642421,-69.156
2026-07-14T01:47:57.296595+00:00,1421643885,-69.173
2026-07-14T01:47:57.296595+00:00,1421645350,-69.25
2026-07-14T01:47:57.296595+00:00,1421646815,-69.342
2026-07-14T01:47:57.296595+00:00,1421648280,-69.285
2026-07-14T01:47:57.296595+00:00,1421649745,-69.275
2026-07-14T01:47:57.296595+00:00,1421651210,-69.291
2026-07-14T01:47:57.296595+00:00,1421652675,-69.323
2026-07-14T01:47:57.296595+00:00,1421654139,-69.371
2026-07-14T01:47:57.296595+00:00,1421655604,-69.343
2026-07-14T01:47:57.296595+00:00,1421657069,-69.334
2026-07-14T01:47:57.296595+00:00,1421658534,-69.387
2026-07-14T01:47:57.296595+00:00,1421659999,-69.371
2026-07-14T01:47:57.296595+00:00,1421661464,-69.367
2026-07-14T01:47:57.296595+00:00,1421662928,-69.356
2026-07-14T01:47:57.296595+00:00,1421664393,-69.39
2026-07-14T01:47:57.296595+00:00,1421665858,-69.389
2026-07-14T01:47:57.296595+00:00,1421667323,-69.318
2026-07-14T01:47:57.296595+00:00,1421668788,-69.322
2026-07-14T01:47:57.296595+00:00,1421670253,-69.295
2026-07-14T01:47:57.296595+00:00,1421671717,-69.252
2026-07-14T01:47:57.296595+00:00,1421673182,-69.205
2026-07-14T01:47:57.296595+00:00,1421674647,-69.177
2026-07-14T01:47:57.296595+00:00,1421676112,-69.126
2026-07-14T01:47:57.296595+00:00,1421677577,-69.027
2026-07-14T01:47:57.296595+00:00,1421679042,-68.981
2026-07-14T01:47:57.296595+00:00,1421680507,-69.051
2026-07-14T01:47:57.296595+00:00,1421681971,-68.927
2026-07-14T01:47:57.296595+00:00,1421683436,-68.934
2026-07-14T01:47:57.296595+00:00,1421684901,-68.876
2026-07-14T01:47:57.296595+00:00,1421686366,-68.736
2026-07-14T01:47:57.296595+00:00,1421687831,-68.666
2026-07-14T01:47:57.296595+00:00,1421689296,-68.637
2026-07-14T01:47:57.296595+00:00,1421690760,-68.551
2026-07-14T01:47:57.296595+00:00,1421692225,-68.518
2026-07-14T01:47:57.296595+00:00,1421693690,-68.356
2026-07-14T01:47:57.296595+00:00,1421695155,-68.343
2026-07-14T01:47:57.296595+00:00,1421696620,-68.339
2026-07-14T01:47:57.296595+00:00,1421698085,-68.198
2026-07-14T01:47:57.296595+00:00,1421699550,-68.105
2026-07-14T01:47:57.296595+00:00,1421701014,-68.029
2026-07-14T01:47:57.296595+00:00,1421702479,-67.924
2026-07-14T01:47:57.296595+00:00,1421703944,-67.854
2026-07-14T01:47:57.296595+00:00,1421705409,-67.891
2026-07-14T01:47:57.296595+00:00,1421706874,-67.874
2026-07-14T01:47:57.296595+00:00,1421708339,-67.789
2026-07-14T01:47:57.296595+00:00,1421709803,-67.75
2026-07-14T01:47:57.296595+00:00,1421711268,-67.665
2026-07-14T01:47:57.296595+00:00,1421712733,-67.635
2026-07-14T01:47:57.296595+00:00,1421714198,-67.613
2026-07-14T01:47:57.296595+00:00,1421715663,-67.663
2026-07-14T01:47:57.296595+00:00,1421717128,-67.633
2026-07-14T01:47:57.296595+00:00,1421718592,-67.662
2026-07-14T01:47:57.296595+00:00,1421720057,-67.631
2026-07-14T01:47:57.296595+00:00,1421721522,-67.778
2026-07-14T01:47:57.296595+00:00,1421722987,-67.83
2026-07-14T01:47:57.296595+00:00,1421724452,-67.85
2026-07-14T01:47:57.296595+00:00,1421725917,-67.875
2026-07-14T01:47:57.296595+00:00,1421727382,-68.034
2026-07-14T01:47:57.296595+00:00,1421728846,-68.058
2026-07-14T01:47:57.296595+00:00,1421730311,-68.165
2026-07-14T01:47:57.296595+00:00,1421731776,-68.243
2026-07-14T01:47:57.296595+00:00,1421733241,-68.232
2026-07-14T01:47:57.296595+00:00,1421734706,-68.385
2026-07-14T01:47:57.296595+00:00,1421736171,-68.578
2026-07-14T01:47:57.296595+00:00,1421737635,-68.717
2026-07-14T01:47:57.296595+00:00,1421739100,-68.848
2026-07-14T01:47:57.296595+00:00,1421740565,-68.892
2026-07-14T01:47:57.296595+00:00,1421742030,-69.033
2026-07-14T01:47:57.296595+00:00,1421743495,-69.123
2026-07-14T01:47:57.296595+00:00,1421744960,-69.262
2026-07-14T01:47:57.296595+00:00,1421746425,-69.413
2026-07-14T01:47:57.296595+00:00,1421747889,-69.547
2026-07-14T01:47:57.296595+00:00,1421749354,-69.616
2026-07-14T01:47:57.296595+00:00,1421750819,-69.638
2026-07-14T01:47:57.296595+00:00,1421752284,-69.767
2026-07-14T01:47:57.296595+00:00,1421753749,-69.896
2026-07-14T01:47:57.296595+00:00,1421755214,-69.977
2026-07-14T01:47:57.296595+00:00,1421756678,-70.038
2026-07-14T01:47:57.296595+00:00,1421758143,-70.158
2026-07-14T01:47:57.296595+00:00,1421759608,-70.172
2026-07-14T01:47:57.296595+00:00,1421761073,-70.293
2026-07-14T01:47:57.296595+00:00,1421762538,-70.371
2026-07-14T01:47:57.296595+00:00,1421764003,-70.402
2026-07-14T01:47:57.296595+00:00,1421765467,-70.454
2026-07-14T01:47:57.296595+00:00,1421766932,-70.427
2026-07-14T01:47:57.296595+00:00,1421768397,-70.441
2026-07-14T01:47:57.296595+00:00,1421769862,-70.44
2026-07-14T01:47:57.296595+00:00,1421771327,-70.492
2026-07-14T01:47:57.296595+00:00,1421772792,-70.578
2026-07-14T01:47:57.296595+00:00,1421774257,-70.599
2026-07-14T01:47:57.296595+00:00,1421775721,-70.563
2026-07-14T01:47:57.296595+00:00,1421777186,-70.555
2026-07-14T01:47:57.296595+00:00,1421778651,-70.586
2026-07-14T01:47:57.296595+00:00,1421780116,-70.63
2026-07-14T01:47:57.296595+00:00,1421781581,-70.54
2026-07-14T01:47:57.296595+00:00,1421783046,-70.545
2026-07-14T01:47:57.296595+00:00,1421784510,-70.637
2026-07-14T01:47:57.296595+00:00,1421785975,-70.676
2026-07-14T01:47:57.296595+00:00,1421787440,-70.644
2026-07-14T01:47:57.296595+00:00,1421788905,-70.633
2026-07-14T01:47:57.296595+00:00,1421790370,-70.53
2026-07-14T01:47:57.296595+00:00,1421791835,-70.59
2026-07-14T01:47:57.296595+00:00,1421793300,-70.587
2026-07-14T01:47:57.296595+00:00,1421794764,-70.618
2026-07-14T01:47:57.296595+00:00,1421796229,-70.602
2026-07-14T01:47:57.296595+00:00,1421797694,-70.582
2026-07-14T01:47:57.296595+00:00,1421799159,-70.597
2026-07-14T01:47:57.296595+00:00,1421800624,-70.635
2026-07-14T01:47:57.296595+00:00,1421802089,-70.66
2026-07-14T01:47:57.296595+00:00,1421803553,-70.559
2026-07-14T01:47:57.296595+00:00,1421805018,-70.589
2026-07-14T01:47:57.296595+00:00,1421806483,-70.618
2026-07-14T01:47:57.296595+00:00,1421807948,-70.61
2026-07-14T01:47:57.296595+00:00,1421809413,-70.629
2026-07-14T01:47:57.296595+00:00,1421810878,-70.604
2026-07-14T01:47:57.296595+00:00,1421812342,-70.54
2026-07-14T01:47:57.296595+00:00,1421813807,-70.489
2026-07-14T01:47:57.296595+00:00,1421815272,-70.518
2026-07-14T01:47:57.296595+00:00,1421816737,-70.589
2026-07-14T01:47:57.296595+00:00,1421818202,-70.594
2026-07-14T01:47:57.296595+00:00,1421819667,-70.545
2026-07-14T01:47:57.296595+00:00,1421821132,-70.575
2026-07-14T01:47:57.296595+00:00,1421822596,-70.479
2026-07-14T01:47:57.296595+00:00,1421824061,-70.564
2026-07-14T01:47:57.296595+00:00,1421825526,-70.552
2026-07-14T01:47:57.296595+00:00,1421826991,-70.524
2026-07-14T01:47:57.296595+00:00,1421828456,-70.517
2026-07-14T01:47:57.296595+00:00,1421829921,-70.54
2026-07-14T01:47:57.296595+00:00,1421831385,-70.479
2026-07-14T01:47:57.296595+00:00,1421832850,-70.473
2026-07-14T01:47:57.296595+00:00,1421834315,-70.562
2026-07-14T01:47:57.296595+00:00,1421835780,-70.528
2026-07-14T01:47:57.296595+00:00,1421837245,-70.509
2026-07-14T01:47:57.296595+00:00,1421838710,-70.512
2026-07-14T01:47:57.296595+00:00,1421840175,-70.459
2026-07-14T01:47:57.296595+00:00,1421841639,-70.468
2026-07-14T01:47:57.296595+00:00,1421843104,-70.392
2026-07-14T01:47:57.296595+00:00,1421844569,-70.452
2026-07-14T01:47:57.296595+00:00,1421846034,-70.501
2026-07-14T01:47:57.296595+00:00,1421847499,-70.415
2026-07-14T01:47:57.296595+00:00,1421848964,-70.432
2026-07-14T01:47:57.296595+00:00,1421850428,-70.48
2026-07-14T01:47:57.296595+00:00,1421851893,-70.517
2026-07-14T01:47:57.296595+00:00,1421853358,-70.493
2026-07-14T01:47:57.296595+00:00,1421854823,-70.443
2026-07-14T01:47:57.296595+00:00,1421856288,-70.432
2026-07-14T01:47:57.296595+00:00,1421857753,-70.464
2026-07-14T01:47:57.296595+00:00,1421859217,-70.385
2026-07-14T01:47:57.296595+00:00,1421860682,-70.388
2026-07-14T01:47:57.296595+00:00,1421862147,-70.337
2026-07-14T01:47:57.296595+00:00,1421863612,-70.289
2026-07-14T01:47:57.296595+00:00,1421865077,-70.366
2026-07-14T01:47:57.296595+00:00,1421866542,-70.45
2026-07-14T01:47:57.296595+00:00,1421868007,-70.342
2026-07-14T01:47:57.296595+00:00,1421869471,-70.386
2026-07-14T01:47:57.296595+00:00,1421870936,-70.437
2026-07-14T01:47:57.296595+00:00,1421872401,-70.454
2026-07-14T01:47:57.296595+00:00,1421873866,-70.401
2026-07-14T01:47:57.296595+00:00,1421875331,-70.386
2026-07-14T01:47:57.296595+00:00,1421876796,-70.361
2026-07-14T01:47:57.296595+00:00,1421878260,-70.323
2026-07-14T01:47:57.296595+00:00,1421879725,-70.357
2026-07-14T01:47:57.296595+00:00,1421881190,-70.353
2026-07-14T01:47:57.296595+00:00,1421882655,-70.413
2026-07-14T01:47:57.296595+00:00,1421884120,-70.474
2026-07-14T01:47:57.296595+00:00,1421885585,-70.394
2026-07-14T01:47:57.296595+00:00,1421887050,-70.359
2026-07-14T01:47:57.296595+00:00,1421888514,-70.35
2026-07-14T01:47:57.296595+00:00,1421889979,-70.34
2026-07-14T01:47:57.296595+00:00,1421891444,-70.328
2026-07-14T01:47:57.296595+00:00,1421892909,-70.345
2026-07-14T01:47:57.296595+00:00,1421894374,-70.418
2026-07-14T01:47:57.296595+00:00,1421895839,-70.348
2026-07-14T01:47:57.296595+00:00,1421897303,-70.345
2026-07-14T01:47:57.296595+00:00,1421898768,-70.386
2026-07-14T01:47:57.296595+00:00,1421900233,-70.384
2026-07-14T01:47:57.296595+00:00,1421901698,-70.353
2026-07-14T01:47:57.296595+00:00,1421903163,-70.348
2026-07-14T01:47:57.296595+00:00,1421904628,-70.375
2026-07-14T01:47:57.296595+00:00,1421906092,-70.396
2026-07-14T01:47:57.296595+00:00,1421907557,-70.379
2026-07-14T01:47:57.296595+00:00,1421909022,-70.38
2026-07-14T01:47:57.296595+00:00,1421910487,-70.327
2026-07-14T01:47:57.296595+00:00,1421911952,-70.285
2026-07-14T01:47:57.296595+00:00,1421913417,-70.295
2026-07-14T01:47:57.296595+00:00,1421914882,-70.284
2026-07-14T01:47:57.296595+00:00,1421916346,-70.324
2026-07-14T01:47:57.296595+00:00,1421917811,-70.328
2026-07-14T01:47:57.296595+00:00,1421919276,-70.319
2026-07-14T01:47:57.296595+00:00,1421920741,-70.341
2026-07-14T01:47:57.296595+00:00,1421922206,-70.325
2026-07-14T01:47:57.296595+00:00,1421923671,-70.262
2026-07-14T01:47:57.296595+00:00,1421925135,-70.204
2026-07-14T01:47:57.296595+00:00,1421926600,-70.216
2026-07-14T01:47:57.296595+00:00,1421928065,-70.21
2026-07-14T01:47:57.296595+00:00,1421929530,-70.336
2026-07-14T01:47:57.296595+00:00,1421930995,-70.324
2026-07-14T01:47:57.296595+00:00,1421932460,-70.269
2026-07-14T01:47:57.296595+00:00,1421933925,-70.215
2026-07-14T01:47:57.296595+00:00,1421935389,-70.219
2026-07-14T01:47:57.296595+00:00,1421936854,-70.27
2026-07-14T01:47:57.296595+00:00,1421938319,-70.292
2026-07-14T01:47:57.296595+00:00,1421939784,-70.334
2026-07-14T01:47:57.296595+00:00,1421941249,-70.248
2026-07-14T01:47:57.296595+00:00,1421942714,-70.275
2026-07-14T01:47:57.296595+00:00,1421944178,-70.223
2026-07-14T01:47:57.296595+00:00,1421945643,-70.251
2026-07-14T01:47:57.296595+00:00,1421947108,-70.2
2026-07-14T01:47:57.296595+00:00,1421948573,-70.205
2026-07-14T01:47:57.296595+00:00,1421950038,-70.175
2026-07-14T01:47:57.296595+00:00,1421951503,-70.221
2026-07-14T01:47:57.296595+00:00,1421952967,-70.242
2026-07-14T01:47:57.296595+00:00,1421954432,-70.21
2026-07-14T01:47:57.296595+00:00,1421955897,-70.198
2026-07-14T01:47:57.296595+00:00,1421957362,-70.218
2026-07-14T01:47:57.296595+00:00,1421958827,-70.221
2026-07-14T01:47:57.296595+00:00,1421960292,-70.239
2026-07-14T01:47:57.296595+00:00,1421961757,-70.13
2026-07-14T01:47:57.296595+00:00,1421963221,-70.164
2026-07-14T01:47:57.296595+00:00,1421964686,-70.201
2026-07-14T01:47:57.296595+00:00,1421966151,-70.222
2026-07-14T01:47:57.296595+00:00,1421967616,-70.249
2026-07-14T01:47:57.296595+00:00,1421969081,-70.227
2026-07-14T01:47:57.296595+00:00,1421970546,-70.176
2026-07-14T01:47:57.296595+00:00,1421972010,-70.169
2026-07-14T01:47:57.296595+00:00,1421973475,-70.222
2026-07-14T01:47:57.296595+00:00,1421974940,-70.182
2026-07-14T01:47:57.296595+00:00,1421976405,-70.126
2026-07-14T01:47:57.296595+00:00,1421977870,-70.178
2026-07-14T01:47:57.296595+00:00,1421979335,-70.146
2026-07-14T01:47:57.296595+00:00,1421980800,-70.162
2026-07-14T01:47:57.296595+00:00,1421982264,-70.12
2026-07-14T01:47:57.296595+00:00,1421983729,-70.161
2026-07-14T01:47:57.296595+00:00,1421985194,-70.152
2026-07-14T01:47:57.296595+00:00,1421986659,-70.139
2026-07-14T01:47:57.296595+00:00,1421988124,-70.131
2026-07-14T01:47:57.296595+00:00,1421989589,-70.11
2026-07-14T01:47:57.296595+00:00,1421991053,-70.141
2026-07-14T01:47:57.296595+00:00,1421992518,-70.122
2026-07-14T01:47:57.296595+00:00,1421993983,-70.092
2026-07-14T01:47:57.296595+00:00,1421995448,-70.099
2026-07-14T01:47:57.296595+00:00,1421996913,-70.152
2026-07-14T01:47:57.296595+00:00,1421998378,-70.167
2026-07-14T01:47:57.296595+00:00,1421999842,-70.161
2026-07-14T01:47:57.296595+00:00,1422001307,-70.105
2026-07-14T01:47:57.296595+00:00,1422002772,-70.085
2026-07-14T01:47:57.296595+00:00,1422004237,-70.107
2026-07-14T01:47:57.296595+00:00,1422005702,-70.157
2026-07-14T01:47:57.296595+00:00,1422007167,-70.103
2026-07-14T01:47:57.296595+00:00,1422008632,-70.073
2026-07-14T01:47:57.296595+00:00,1422010096,-70.091
2026-07-14T01:47:57.296595+00:00,1422011561,-70.133
2026-07-14T01:47:57.296595+00:00,1422013026,-70.185
2026-07-14T01:47:57.296595+00:00,1422014491,-70.111
2026-07-14T01:47:57.296595+00:00,1422015956,-70.096
2026-07-14T01:47:57.296595+00:00,1422017421,-70.049
2026-07-14T01:47:57.296595+00:00,1422018885,-70.029
2026-07-14T01:47:57.296595+00:00,1422020350,-70.023
2026-07-14T01:47:57.296595+00:00,1422021815,-70.041
2026-07-14T01:47:57.296595+00:00,1422023280,-70.091
2026-07-14T01:47:57.296595+00:00,1422024745,-70.02
2026-07-14T01:47:57.296595+00:00,1422026210,-70.093
2026-07-14T01:47:57.296595+00:00,1422027675,-70.124
2026-07-14T01:47:57.296595+00:00,1422029139,-70.056
2026-07-14T01:47:57.296595+00:00,1422030604,-70.065
2026-07-14T01:47:57.296595+00:00,1422032069,-70.1
2026-07-14T01:47:57.296595+00:00,1422033534,-70.153
2026-07-14T01:47:57.296595+00:00,1422034999,-70.097
2026-07-14T01:47:57.296595+00:00,1422036464,-70.046
2026-07-14T01:47:57.296595+00:00,1422037928,-69.986
2026-07-14T01:47:57.296595+00:00,1422039393,-70.034
2026-07-14T01:47:57.296595+00:00,1422040858,-70.034
2026-07-14T01:47:57.296595+00:00,1422042323,-70.092
2026-07-14T01:47:57.296595+00:00,1422043788,-70.098
2026-07-14T01:47:57.296595+00:00,1422045253,-70.045
2026-07-14T01:47:57.296595+00:00,1422046717,-70.02
2026-07-14T01:47:57.296595+00:00,1422048182,-70.043
2026-07-14T01:47:57.296595+00:00,1422049647,-70.063
2026-07-14T01:47:57.296595+00:00,1422051112,-70.037
2026-07-14T01:47:57.296595+00:00,1422052577,-70.006
2026-07-14T01:47:57.296595+00:00,1422054042,-70.033
2026-07-14T01:47:57.296595+00:00,1422055507,-70.016
2026-07-14T01:47:57.296595+00:00,1422056971,-69.967
2026-07-14T01:47:57.296595+00:00,1422058436,-70.054
2026-07-14T01:47:57.296595+00:00,1422059901,-70.047
2026-07-14T01:47:57.296595+00:00,1422061366,-70.02
2026-07-14T01:47:57.296595+00:00,1422062831,-70.008
2026-07-14T01:47:57.296595+00:00,1422064296,-70.02
2026-07-14T01:47:57.296595+00:00,1422065760,-69.973
2026-07-14T01:47:57.296595+00:00,1422067225,-69.996
2026-07-14T01:47:57.296595+00:00,1422068690,-69.989
2026-07-14T01:47:57.296595+00:00,1422070155,-69.931
2026-07-14T01:47:57.296595+00:00,1422071620,-69.868
2026-07-14T01:47:57.296595+00:00,1422073085,-69.972
2026-07-14T01:47:57.296595+00:00,1422074550,-69.923
2026-07-14T01:47:57.296595+00:00,1422076014,-69.889
2026-07-14T01:47:57.296595+00:00,1422077479,-69.904
2026-07-14T01:47:57.296595+00:00,1422078944,-69.876
2026-07-14T01:47:57.296595+00:00,1422080409,-69.906
2026-07-14T01:47:57.296595+00:00,1422081874,-69.934
2026-07-14T01:47:57.296595+00:00,1422083339,-69.958
2026-07-14T01:47:57.296595+00:00,1422084803,-69.942
2026-07-14T01:47:57.296595+00:00,1422086268,-69.8
2026-07-14T01:47:57.296595+00:00,1422087733,-69.869
2026-07-14T01:47:57.296595+00:00,1422089198,-69.921
2026-07-14T01:47:57.296595+00:00,1422090663,-69.922
2026-07-14T01:47:57.296595+00:00,1422092128,-69.918
2026-07-14T01:47:57.296595+00:00,1422093592,-69.871
2026-07-14T01:47:57.296595+00:00,1422095057,-69.872
2026-07-14T01:47:57.296595+00:00,1422096522,-69.822
2026-07-14T01:47:57.296595+00:00,1422097987,-69.811
2026-07-14T01:47:57.296595+00:00,1422099452,-69.826
2026-07-14T01:47:57.296595+00:00,1422100917,-69.86
2026-07-14T01:47:57.296595+00:00,1422102382,-69.809
2026-07-14T01:47:57.296595+00:00,1422103846,-69.78
2026-07-14T01:47:57.296595+00:00,1422105311,-69.823
2026-07-14T01:47:57.296595+00:00,1422106776,-69.832
2026-07-14T01:47:57.296595+00:00,1422108241,-69.787
2026-07-14T01:47:57.296595+00:00,1422109706,-69.809
2026-07-14T01:47:57.296595+00:00,1422111171,-69.829
2026-07-14T01:47:57.296595+00:00,1422112635,-69.802
2026-07-14T01:47:57.296595+00:00,1422114100,-69.712
2026-07-14T01:47:57.296595+00:00,1422115565,-69.754
2026-07-14T01:47:57.296595+00:00,1422117030,-69.779
2026-07-14T01:47:57.296595+00:00,1422118495,-69.82
2026-07-14T01:47:57.296595+00:00,1422119960,-69.864
2026-07-14T01:47:57.296595+00:00,1422121425,-69.743
2026-07-14T01:47:57.296595+00:00,1422122889,-69.761
2026-07-14T01:47:57.296595+00:00,1422124354,-69.799
2026-07-14T01:47:57.296595+00:00,1422125819,-69.768
2026-07-14T01:47:57.296595+00:00,1422127284,-69.787
2026-07-14T01:47:57.296595+00:00,1422128749,-69.78
2026-07-14T01:47:57.296595+00:00,1422130214,-69.774
2026-07-14T01:47:57.296595+00:00,1422131678,-69.776
2026-07-14T01:47:57.296595+00:00,1422133143,-69.718
2026-07-14T01:47:57.296595+00:00,1422134608,-69.676
2026-07-14T01:47:57.296595+00:00,1422136073,-69.661
2026-07-14T01:47:57.296595+00:00,1422137538,-69.637
2026-07-14T01:47:57.296595+00:00,1422139003,-69.747
2026-07-14T01:47:57.296595+00:00,1422140467,-69.73
2026-07-14T01:47:57.296595+00:00,1422141932,-69.693
2026-07-14T01:47:57.296595+00:00,1422143397,-69.65
2026-07-14T01:47:57.296595+00:00,1422144862,-69.635
2026-07-14T01:47:57.296595+00:00,1422146327,-69.67
2026-07-14T01:47:57.296595+00:00,1422147792,-69.735
2026-07-14T01:47:57.296595+00:00,1422149257,-69.753
2026-07-14T01:47:57.296595+00:00,1422150721,-69.687
2026-07-14T01:47:57.296595+00:00,1422152186,-69.695
2026-07-14T01:47:57.296595+00:00,1422153651,-69.709
2026-07-14T01:47:57.296595+00:00,1422155116,-69.622
2026-07-14T01:47:57.296595+00:00,1422156581,-69.609
2026-07-14T01:47:57.296595+00:00,1422158046,-69.559
2026-07-14T01:47:57.296595+00:00,1422159510,-69.614
2026-07-14T01:47:57.296595+00:00,1422160975,-69.621
2026-07-14T01:47:57.296595+00:00,1422162440,-69.715
2026-07-14T01:47:57.296595+00:00,1422163905,-69.622
2026-07-14T01:47:57.296595+00:00,1422165370,-69.58
2026-07-14T01:47:57.296595+00:00,1422166835,-69.578
2026-07-14T01:47:57.296595+00:00,1422168300,-69.584
2026-07-14T01:47:57.296595+00:00,1422169764,-69.577
2026-07-14T01:47:57.296595+00:00,1422171229,-69.644
2026-07-14T01:47:57.296595+00:00,1422172694,-69.631
2026-07-14T01:47:57.296595+00:00,1422174159,-69.652
2026-07-14T01:47:57.296595+00:00,1422175624,-69.597
2026-07-14T01:47:57.296595+00:00,1422177089,-69.627
2026-07-14T01:47:57.296595+00:00,1422178553,-69.62
2026-07-14T01:47:57.296595+00:00,1422180018,-69.605
2026-07-14T01:47:57.296595+00:00,1422181483,-69.628
2026-07-14T01:47:57.296595+00:00,1422182948,-69.599
2026-07-14T01:47:57.296595+00:00,1422184413,-69.627
2026-07-14T01:47:57.296595+00:00,1422185878,-69.591
2026-07-14T01:47:57.296595+00:00,1422187342,-69.551
2026-07-14T01:47:57.296595+00:00,1422188807,-69.536
2026-07-14T01:47:57.296595+00:00,1422190272,-69.596
2026-07-14T01:47:57.296595+00:00,1422191737,-69.626
2026-07-14T01:47:57.296595+00:00,1422193202,-69.52
2026-07-14T01:47:57.296595+00:00,1422194667,-69.494
2026-07-14T01:47:57.296595+00:00,1422196132,-69.523
2026-07-14T01:47:57.296595+00:00,1422197596,-69.566
2026-07-14T01:47:57.296595+00:00,1422199061,-69.524
2026-07-14T01:47:57.296595+00:00,1422200526,-69.53
2026-07-14T01:47:57.296595+00:00,1422201991,-69.558
2026-07-14T01:47:57.296595+00:00,1422203456,-69.496
2026-07-14T01:47:57.296595+00:00,1422204921,-69.526
2026-07-14T01:47:57.296595+00:00,1422206385,-69.506
2026-07-14T01:47:57.296595+00:00,1422207850,-69.535
2026-07-14T01:47:57.296595+00:00,1422209315,-69.542
2026-07-14T01:47:57.296595+00:00,1422210780,-69.465
2026-07-14T01:47:57.296595+00:00,1422212245,-69.432
2026-07-14T01:47:57.296595+00:00,1422213710,-69.503
2026-07-14T01:47:57.296595+00:00,1422215175,-69.438
2026-07-14T01:47:57.296595+00:00,1422216639,-69.392
2026-07-14T01:47:57.296595+00:00,1422218104,-69.49
2026-07-14T01:47:57.296595+00:00,1422219569,-69.461
2026-07-14T01:47:57.296595+00:00,1422221034,-69.534
2026-07-14T01:47:57.296595+00:00,1422222499,-69.512
2026-07-14T01:47:57.296595+00:00,1422223964,-69.494
2026-07-14T01:47:57.296595+00:00,1422225428,-69.48
2026-07-14T01:47:57.296595+00:00,1422226893,-69.461
2026-07-14T01:47:57.296595+00:00,1422228358,-69.384
2026-07-14T01:47:57.296595+00:00,1422229823,-69.394
2026-07-14T01:47:57.296595+00:00,1422231288,-69.411
2026-07-14T01:47:57.296595+00:00,1422232753,-69.455
2026-07-14T01:47:57.296595+00:00,1422234217,-69.419
2026-07-14T01:47:57.296595+00:00,1422235682,-69.412
2026-07-14T01:47:57.296595+00:00,1422237147,-69.387
2026-07-14T01:47:57.296595+00:00,1422238612,-69.396
2026-07-14T01:47:57.296595+00:00,1422240077,-69.472
2026-07-14T01:47:57.296595+00:00,1422241542,-69.513
2026-07-14T01:47:57.296595+00:00,1422243007,-69.437
2026-07-14T01:47:57.296595+00:00,1422244471,-69.425
2026-07-14T01:47:57.296595+00:00,1422245936,-69.447
2026-07-14T01:47:57.296595+00:00,1422247401,-69.456
2026-07-14T01:47:57.296595+00:00,1422248866,-69.451
2026-07-14T01:47:57.296595+00:00,1422250331,-69.438
2026-07-14T01:47:57.296595+00:00,1422251796,-69.409
2026-07-14T01:47:57.296595+00:00,1422253260,-69.432
2026-07-14T01:47:57.296595+00:00,1422254725,-69.471
2026-07-14T01:47:57.296595+00:00,1422256190,-69.445
2026-07-14T01:47:57.296595+00:00,1422257655,-69.44
2026-07-14T01:47:57.296595+00:00,1422259120,-69.463
2026-07-14T01:47:57.296595+00:00,1422260585,-69.41
2026-07-14T01:47:57.296595+00:00,1422262050,-69.475
2026-07-14T01:47:57.296595+00:00,1422263514,-69.431
2026-07-14T01:47:57.296595+00:00,1422264979,-69.38
2026-07-14T01:47:57.296595+00:00,1422266444,-69.407
2026-07-14T01:47:57.296595+00:00,1422267909,-69.416
2026-07-14T01:47:57.296595+00:00,1422269374,-69.407
2026-07-14T01:47:57.296595+00:00,1422270839,-69.427
2026-07-14T01:47:57.296595+00:00,1422272303,-69.394
2026-07-14T01:47:57.296595+00:00,1422273768,-69.405
2026-07-14T01:47:57.296595+00:00,1422275233,-69.456
2026-07-14T01:47:57.296595+00:00,1422276698,-69.492
2026-07-14T01:47:57.296595+00:00,1422278163,-69.42
2026-07-14T01:47:57.296595+00:00,1422279628,-69.411
2026-07-14T01:47:57.296595+00:00,1422281092,-69.422
2026-07-14T01:47:57.296595+00:00,1422282557,-69.398
2026-07-14T01:47:57.296595+00:00,1422284022,-69.313
2026-07-14T01:47:57.296595+00:00,1422285487,-69.339
2026-07-14T01:47:57.296595+00:00,1422286952,-69.379
2026-07-14T01:47:57.296595+00:00,1422288417,-69.391
2026-07-14T01:47:57.296595+00:00,1422289882,-69.358
2026-07-14T01:47:57.296595+00:00,1422291346,-69.372
2026-07-14T01:47:57.296595+00:00,1422292811,-69.347
2026-07-14T01:47:57.296595+00:00,1422294276,-69.345
2026-07-14T01:47:57.296595+00:00,1422295741,-69.338
2026-07-14T01:47:57.296595+00:00,1422297206,-69.346
2026-07-14T01:47:57.296595+00:00,1422298671,-69.334
2026-07-14T01:47:57.296595+00:00,1422300135,-69.382
2026-07-14T01:47:57.296595+00:00,1422301600,-69.42
2026-07-14T01:47:57.296595+00:00,1422303065,-69.45
2026-07-14T01:47:57.296595+00:00,1422304530,-69.43
2026-07-14T01:47:57.296595+00:00,1422305995,-69.44
2026-07-14T01:47:57.296595+00:00,1422307460,-69.403
2026-07-14T01:47:57.296595+00:00,1422308925,-69.344
2026-07-14T01:47:57.296595+00:00,1422310389,-69.312
2026-07-14T01:47:57.296595+00:00,1422311854,-69.356
2026-07-14T01:47:57.296595+00:00,1422313319,-69.399
2026-07-14T01:47:57.296595+00:00,1422314784,-69.368
2026-07-14T01:47:57.296595+00:00,1422316249,-69.372
2026-07-14T01:47:57.296595+00:00,1422317714,-69.444
2026-07-14T01:47:57.296595+00:00,1422319178,-69.407
2026-07-14T01:47:57.296595+00:00,1422320643,-69.374
2026-07-14T01:47:57.296595+00:00,1422322108,-69.399
2026-07-14T01:47:57.296595+00:00,1422323573,-69.382
2026-07-14T01:47:57.296595+00:00,1422325038,-69.349
2026-07-14T01:47:57.296595+00:00,1422326503,-69.328
2026-07-14T01:47:57.296595+00:00,1422327967,-69.373
2026-07-14T01:47:57.296595+00:00,1422329432,-69.384
2026-07-14T01:47:57.296595+00:00,1422330897,-69.378
2026-07-14T01:47:57.296595+00:00,1422332362,-69.385
2026-07-14T01:47:57.296595+00:00,1422333827,-69.319
2026-07-14T01:47:57.296595+00:00,1422335292,-69.272
2026-07-14T01:47:57.296595+00:00,1422336757,-69.284
2026-07-14T01:47:57.296595+00:00,1422338221,-69.324
2026-07-14T01:47:57.296595+00:00,1422339686,-69.296
2026-07-14T01:47:57.296595+00:00,1422341151,-69.343
2026-07-14T01:47:57.296595+00:00,1422342616,-69.423
2026-07-14T01:47:57.296595+00:00,1422344081,-69.369
2026-07-14T01:47:57.296595+00:00,1422345546,-69.413
2026-07-14T01:47:57.296595+00:00,1422347010,-69.385
2026-07-14T01:47:57.296595+00:00,1422348475,-69.372
2026-07-14T01:47:57.296595+00:00,1422349940,-69.372
2026-07-14T01:47:57.296595+00:00,1422351405,-69.338
2026-07-14T01:47:57.296595+00:00,1422352870,-69.385
2026-07-14T01:47:57.296595+00:00,1422354335,-69.399
2026-07-14T01:47:57.296595+00:00,1422355800,-69.42
2026-07-14T01:47:57.296595+00:00,1422357264,-69.359
2026-07-14T01:47:57.296595+00:00,1422358729,-69.33
2026-07-14T01:47:57.296595+00:00,1422360194,-69.254
2026-07-14T01:47:57.296595+00:00,1422361659,-69.312
2026-07-14T01:47:57.296595+00:00,1422363124,-69.294
2026-07-14T01:47:57.296595+00:00,1422364589,-69.346
2026-07-14T01:47:57.296595+00:00,1422366053,-69.325
2026-07-14T01:47:57.296595+00:00,1422367518,-69.301
2026-07-14T01:47:57.296595+00:00,1422368983,-69.299
2026-07-14T01:47:57.296595+00:00,1422370448,-69.28
2026-07-14T01:47:57.296595+00:00,1422371913,-69.33
2026-07-14T01:47:57.296595+00:00,1422373378,-69.312
2026-07-14T01:47:57.296595+00:00,1422374842,-69.276
2026-07-14T01:47:57.296595+00:00,1422376307,-69.364
2026-07-14T01:47:57.296595+00:00,1422377772,-69.378
2026-07-14T01:47:57.296595+00:00,1422379237,-69.289
2026-07-14T01:47:57.296595+00:00,1422380702,-69.267
2026-07-14T01:47:57.296595+00:00,1422382167,-69.328
2026-07-14T01:47:57.296595+00:00,1422383632,-69.381
2026-07-14T01:47:57.296595+00:00,1422385096,-69.378
2026-07-14T01:47:57.296595+00:00,1422386561,-69.382
2026-07-14T01:47:57.296595+00:00,1422388026,-69.375
2026-07-14T01:47:57.296595+00:00,1422389491,-69.365
2026-07-14T01:47:57.296595+00:00,1422390956,-69.373
2026-07-14T01:47:57.296595+00:00,1422392421,-69.37
2026-07-14T01:47:57.296595+00:00,1422393885,-69.316
2026-07-14T01:47:57.296595+00:00,1422395350,-69.356
2026-07-14T01:47:57.296595+00:00,1422396815,-69.38
2026-07-14T01:47:57.296595+00:00,1422398280,-69.382
2026-07-14T01:47:57.296595+00:00,1422399745,-69.345
2026-07-14T01:47:57.296595+00:00,1422401210,-69.224
2026-07-14T01:47:57.296595+00:00,1422402675,-69.263
2026-07-14T01:47:57.296595+00:00,1422404139,-69.311
2026-07-14T01:47:57.296595+00:00,1422405604,-69.301
2026-07-14T01:47:57.296595+00:00,1422407069,-69.298
2026-07-14T01:47:57.296595+00:00,1422408534,-69.289
2026-07-14T01:47:57.296595+00:00,1422409999,-69.32
2026-07-14T01:47:57.296595+00:00,1422411464,-69.27
2026-07-14T01:47:57.296595+00:00,1422412928,-69.329
2026-07-14T01:47:57.296595+00:00,1422414393,-69.306
2026-07-14T01:47:57.296595+00:00,1422415858,-69.32
2026-07-14T01:47:57.296595+00:00,1422417323,-69.359
2026-07-14T01:47:57.296595+00:00,1422418788,-69.279
2026-07-14T01:47:57.296595+00:00,1422420253,-69.303
2026-07-14T01:47:57.296595+00:00,1422421717,-69.336
2026-07-14T01:47:57.296595+00:00,1422423182,-69.31
2026-07-14T01:47:57.296595+00:00,1422424647,-69.344
2026-07-14T01:47:57.296595+00:00,1422426112,-69.377
2026-07-14T01:47:57.296595+00:00,1422427577,-69.256
2026-07-14T01:47:57.296595+00:00,1422429042,-69.276
2026-07-14T01:47:57.296595+00:00,1422430507,-69.322
2026-07-14T01:47:57.296595+00:00,1422431971,-69.305
2026-07-14T01:47:57.296595+00:00,1422433436,-69.293
2026-07-14T01:47:57.296595+00:00,1422434901,-69.241
2026-07-14T01:47:57.296595+00:00,1422436366,-69.222
2026-07-14T01:47:57.296595+00:00,1422437831,-69.245
2026-07-14T01:47:57.296595+00:00,1422439296,-69.336
2026-07-14T01:47:57.296595+00:00,1422440760,-69.292
2026-07-14T01:47:57.296595+00:00,1422442225,-69.225
2026-07-14T01:47:57.296595+00:00,1422443690,-69.293
2026-07-14T01:47:57.296595+00:00,1422445155,-69.357
2026-07-14T01:47:57.296595+00:00,1422446620,-69.321
2026-07-14T01:47:57.296595+00:00,1422448085,-69.317
2026-07-14T01:47:57.296595+00:00,1422449550,-69.258
2026-07-14T01:47:57.296595+00:00,1422451014,-69.254
2026-07-14T01:47:57.296595+00:00,1422452479,-69.272
2026-07-14T01:47:57.296595+00:00,1422453944,-69.254
2026-07-14T01:47:57.296595+00:00,1422455409,-69.301
2026-07-14T01:47:57.296595+00:00,1422456874,-69.276
2026-07-14T01:47:57.296595+00:00,1422458339,-69.23
2026-07-14T01:47:57.296595+00:00,1422459803,-69.218
2026-07-14T01:47:57.296595+00:00,1422461268,-69.24
2026-07-14T01:47:57.296595+00:00,1422462733,-69.289
2026-07-14T01:47:57.296595+00:00,1422464198,-69.275
2026-07-14T01:47:57.296595+00:00,1422465663,-69.258
2026-07-14T01:47:57.296595+00:00,1422467128,-69.267
2026-07-14T01:47:57.296595+00:00,1422468592,-69.253
2026-07-14T01:47:57.296595+00:00,1422470057,-69.212
2026-07-14T01:47:57.296595+00:00,1422471522,-69.239
2026-07-14T01:47:57.296595+00:00,1422472987,-69.275
2026-07-14T01:47:57.296595+00:00,1422474452,-69.265
2026-07-14T01:47:57.296595+00:00,1422475917,-69.244
2026-07-14T01:47:57.296595+00:00,1422477382,-69.27
2026-07-14T01:47:57.296595+00:00,1422478846,-69.193
2026-07-14T01:47:57.296595+00:00,1422480311,-69.214
2026-07-14T01:47:57.296595+00:00,1422481776,-69.262
2026-07-14T01:47:57.296595+00:00,1422483241,-69.181
2026-07-14T01:47:57.296595+00:00,1422484706,-69.124
2026-07-14T01:47:57.296595+00:00,1422486171,-69.167
2026-07-14T01:47:57.296595+00:00,1422487635,-69.251
2026-07-14T01:47:57.296595+00:00,1422489100,-69.186
2026-07-14T01:47:57.296595+00:00,1422490565,-69.194
2026-07-14T01:47:57.296595+00:00,1422492030,-69.212
2026-07-14T01:47:57.296595+00:00,1422493495,-69.2
2026-07-14T01:47:57.296595+00:00,1422494960,-69.184
2026-07-14T01:47:57.296595+00:00,1422496425,-69.28
2026-07-14T01:47:57.296595+00:00,1422497889,-69.222
2026-07-14T01:47:57.296595+00:00,1422499354,-69.205
2026-07-14T01:47:57.296595+00:00,1422500819,-69.226
2026-07-14T01:47:57.296595+00:00,1422502284,-69.211
2026-07-14T01:47:57.296595+00:00,1422503749,-69.193
2026-07-14T01:47:57.296595+00:00,1422505214,-69.231
2026-07-14T01:47:57.296595+00:00,1422506678,-69.219
2026-07-14T01:47:57.296595+00:00,1422508143,-69.13
2026-07-14T01:47:57.296595+00:00,1422509608,-69.133
2026-07-14T01:47:57.296595+00:00,1422511073,-69.136
2026-07-14T01:47:57.296595+00:00,1422512538,-69.16
2026-07-14T01:47:57.296595+00:00,1422514003,-69.17
2026-07-14T01:47:57.296595+00:00,1422515467,-69.237
2026-07-14T01:47:57.296595+00:00,1422516932,-69.166
2026-07-14T01:47:57.296595+00:00,1422518397,-69.129
2026-07-14T01:47:57.296595+00:00,1422519862,-69.129
2026-07-14T01:47:57.296595+00:00,1422521327,-69.202
2026-07-14T01:47:57.296595+00:00,1422522792,-69.137
2026-07-14T01:47:57.296595+00:00,1422524257,-69.084
2026-07-14T01:47:57.296595+00:00,1422525721,-69.155
2026-07-14T01:47:57.296595+00:00,1422527186,-69.107
2026-07-14T01:47:57.296595+00:00,1422528651,-69.138
2026-07-14T01:47:57.296595+00:00,1422530116,-69.156
2026-07-14T01:47:57.296595+00:00,1422531581,-69.128
2026-07-14T01:47:57.296595+00:00,1422533046,-69.107
2026-07-14T01:47:57.296595+00:00,1422534510,-69.062
2026-07-14T01:47:57.296595+00:00,1422535975,-69.104
2026-07-14T01:47:57.296595+00:00,1422537440,-69.111
2026-07-14T01:47:57.296595+00:00,1422538905,-69.171
2026-07-14T01:47:57.296595+00:00,1422540370,-69.088
2026-07-14T01:47:57.296595+00:00,1422541835,-69.028
2026-07-14T01:47:57.296595+00:00,1422543300,-69.09
2026-07-14T01:47:57.296595+00:00,1422544764,-69.154
2026-07-14T01:47:57.296595+00:00,1422546229,-69.131
2026-07-14T01:47:57.296595+00:00,1422547694,-69.075
2026-07-14T01:47:57.296595+00:00,1422549159,-69.034
2026-07-14T01:47:57.296595+00:00,1422550624,-69.012
2026-07-14T01:47:57.296595+00:00,1422552089,-69.044
2026-07-14T01:47:57.296595+00:00,1422553553,-69.072
2026-07-14T01:47:57.296595+00:00,1422555018,-69.099
2026-07-14T01:47:57.296595+00:00,1422556483,-69.161
2026-07-14T01:47:57.296595+00:00,1422557948,-69.083
2026-07-14T01:47:57.296595+00:00,1422559413,-69.07
2026-07-14T01:47:57.296595+00:00,1422560878,-69.132
2026-07-14T01:47:57.296595+00:00,1422562342,-69.121
2026-07-14T01:47:57.296595+00:00,1422563807,-69.025
2026-07-14T01:47:57.296595+00:00,1422565272,-68.99
2026-07-14T01:47:57.296595+00:00,1422566737,-69.012
2026-07-14T01:47:57.296595+00:00,1422568202,-69.068
2026-07-14T01:47:57.296595+00:00,1422569667,-69.115
2026-07-14T01:47:57.296595+00:00,1422571132,-69.086
2026-07-14T01:47:57.296595+00:00,1422572596,-69.084
2026-07-14T01:47:57.296595+00:00,1422574061,-69.077
2026-07-14T01:47:57.296595+00:00,1422575526,-69.07
2026-07-14T01:47:57.296595+00:00,1422576991,-69.062
2026-07-14T01:47:57.296595+00:00,1422578456,-69.048
2026-07-14T01:47:57.296595+00:00,1422579921,-69.047
2026-07-14T01:47:57.296595+00:00,1422581385,-69.073
2026-07-14T01:47:57.296595+00:00,1422582850,-69.024
2026-07-14T01:47:57.296595+00:00,1422584315,-69.013
2026-07-14T01:47:57.296595+00:00,1422585780,-69.023
2026-07-14T01:47:57.296595+00:00,1422587245,-69.006
2026-07-14T01:47:57.296595+00:00,1422588710,-69.015
2026-07-14T01:47:57.296595+00:00,1422590175,-68.976
2026-07-14T01:47:57.296595+00:00,1422591639,-68.993
2026-07-14T01:47:57.296595+00:00,1422593104,-69.043
2026-07-14T01:47:57.296595+00:00,1422594569,-69.04
2026-07-14T01:47:57.296595+00:00,1422596034,-68.955
2026-07-14T01:47:57.296595+00:00,1422597499,-68.975
2026-07-14T01:47:57.296595+00:00,1422598964,-69.004
2026-07-14T01:47:57.296595+00:00,1422600428,-69.015
2026-07-14T01:47:57.296595+00:00,1422601893,-69.031
2026-07-14T01:47:57.296595+00:00,1422603358,-69.103
2026-07-14T01:47:57.296595+00:00,1422604823,-69.056
2026-07-14T01:47:57.296595+00:00,1422606288,-68.983
2026-07-14T01:47:57.296595+00:00,1422607753,-68.978
2026-07-14T01:47:57.296595+00:00,1422609217,-69.022
2026-07-14T01:47:57.296595+00:00,1422610682,-68.957
2026-07-14T01:47:57.296595+00:00,1422612147,-69.015
2026-07-14T01:47:57.296595+00:00,1422613612,-69.013
2026-07-14T01:47:57.296595+00:00,1422615077,-68.949
2026-07-14T01:47:57.296595+00:00,1422616542,-68.949
2026-07-14T01:47:57.296595+00:00,1422618007,-68.967
2026-07-14T01:47:57.296595+00:00,1422619471,-68.997
2026-07-14T01:47:57.296595+00:00,1422620936,-68.914
2026-07-14T01:47:57.296595+00:00,1422622401,-68.948
2026-07-14T01:47:57.296595+00:00,1422623866,-69.0
2026-07-14T01:47:57.296595+00:00,1422625331,-69.032
2026-07-14T01:47:57.296595+00:00,1422626796,-68.996
2026-07-14T01:47:57.296595+00:00,1422628260,-68.938
2026-07-14T01:47:57.296595+00:00,1422629725,-68.975
2026-07-14T01:47:57.296595+00:00,1422631190,-69.036
2026-07-14T01:47:57.296595+00:00,1422632655,-69.027
2026-07-14T01:47:57.296595+00:00,1422634120,-69.004
2026-07-14T01:47:57.296595+00:00,1422635585,-69.029
2026-07-14T01:47:57.296595+00:00,1422637050,-69.005
2026-07-14T01:47:57.296595+00:00,1422638514,-68.979
2026-07-14T01:47:57.296595+00:00,1422639979,-68.949
2026-07-14T01:47:57.296595+00:00,1422641444,-68.898
2026-07-14T01:47:57.296595+00:00,1422642909,-68.942
2026-07-14T01:47:57.296595+00:00,1422644374,-68.987
2026-07-14T01:47:57.296595+00:00,1422645839,-68.99
2026-07-14T01:47:57.296595+00:00,1422647303,-69.007
2026-07-14T01:47:57.296595+00:00,1422648768,-68.984
2026-07-14T01:47:57.296595+00:00,1422650233,-68.957
2026-07-14T01:47:57.296595+00:00,1422651698,-68.961
2026-07-14T01:47:57.296595+00:00,1422653163,-69.017
2026-07-14T01:47:57.296595+00:00,1422654628,-69.007
2026-07-14T01:47:57.296595+00:00,1422656092,-68.978
2026-07-14T01:47:57.296595+00:00,1422657557,-68.963
2026-07-14T01:47:57.296595+00:00,1422659022,-68.989
2026-07-14T01:47:57.296595+00:00,1422660487,-69.006
2026-07-14T01:47:57.296595+00:00,1422661952,-69.028
2026-07-14T01:47:57.296595+00:00,1422663417,-68.977
2026-07-14T01:47:57.296595+00:00,1422664882,-68.984
2026-07-14T01:47:57.296595+00:00,1422666346,-68.897
2026-07-14T01:47:57.296595+00:00,1422667811,-68.939
2026-07-14T01:47:57.296595+00:00,1422669276,-68.981
2026-07-14T01:47:57.296595+00:00,1422670741,-68.933
2026-07-14T01:47:57.296595+00:00,1422672206,-69.002
2026-07-14T01:47:57.296595+00:00,1422673671,-68.992
2026-07-14T01:47:57.296595+00:00,1422675135,-68.977
2026-07-14T01:47:57.296595+00:00,1422676600,-68.896
2026-07-14T01:47:57.296595+00:00,1422678065,-68.878
2026-07-14T01:47:57.296595+00:00,1422679530,-68.903
2026-07-14T01:47:57.296595+00:00,1422680995,-68.878
2026-07-14T01:47:57.296595+00:00,1422682460,-68.935
2026-07-14T01:47:57.296595+00:00,1422683925,-68.953
2026-07-14T01:47:57.296595+00:00,1422685389,-68.979
2026-07-14T01:47:57.296595+00:00,1422686854,-68.987
2026-07-14T01:47:57.296595+00:00,1422688319,-68.96
2026-07-14T01:47:57.296595+00:00,1422689784,-68.973
2026-07-14T01:47:57.296595+00:00,1422691249,-68.964
2026-07-14T01:47:57.296595+00:00,1422692714,-68.919
2026-07-14T01:47:57.296595+00:00,1422694178,-68.908
2026-07-14T01:47:57.296595+00:00,1422695643,-68.932
2026-07-14T01:47:57.296595+00:00,1422697108,-68.984
2026-07-14T01:47:57.296595+00:00,1422698573,-68.948
2026-07-14T01:47:57.296595+00:00,1422700038,-68.887
2026-07-14T01:47:57.296595+00:00,1422701503,-68.899
2026-07-14T01:47:57.296595+00:00,1422702967,-68.906
2026-07-14T01:47:57.296595+00:00,1422704432,-68.963
2026-07-14T01:47:57.296595+00:00,1422705897,-68.942
2026-07-14T01:47:57.296595+00:00,1422707362,-68.957
2026-07-14T01:47:57.296595+00:00,1422708827,-68.901
2026-07-14T01:47:57.296595+00:00,1422710292,-68.856
2026-07-14T01:47:57.296595+00:00,1422711757,-68.884
2026-07-14T01:47:57.296595+00:00,1422713221,-68.904
2026-07-14T01:47:57.296595+00:00,1422714686,-68.884
2026-07-14T01:47:57.296595+00:00,1422716151,-68.878
2026-07-14T01:47:57.296595+00:00,1422717616,-68.928
2026-07-14T01:47:57.296595+00:00,1422719081,-68.95
2026-07-14T01:47:57.296595+00:00,1422720546,-68.865
2026-07-14T01:47:57.296595+00:00,1422722010,-68.887
2026-07-14T01:47:57.296595+00:00,1422723475,-68.872
2026-07-14T01:47:57.296595+00:00,1422724940,-68.898
2026-07-14T01:47:57.296595+00:00,1422726405,-68.915
2026-07-14T01:47:57.296595+00:00,1422727870,-68.944
2026-07-14T01:47:57.296595+00:00,1422729335,-68.913
2026-07-14T01:47:57.296595+00:00,1422730800,-68.896
2026-07-14T01:47:57.296595+00:00,1422732264,-68.891
2026-07-14T01:47:57.296595+00:00,1422733729,-68.895
2026-07-14T01:47:57.296595+00:00,1422735194,-68.941
2026-07-14T01:47:57.296595+00:00,1422736659,-68.885
2026-07-14T01:47:57.296595+00:00,1422738124,-68.898
2026-07-14T01:47:57.296595+00:00,1422739589,-68.869
2026-07-14T01:47:57.296595+00:00,1422741053,-68.843
2026-07-14T01:47:57.296595+00:00,1422742518,-68.909
2026-07-14T01:47:57.296595+00:00,1422743983,-68.929
2026-07-14T01:47:57.296595+00:00,1422745448,-68.939
2026-07-14T01:47:57.296595+00:00,1422746913,-68.973
2026-07-14T01:47:57.296595+00:00,1422748378,-68.935
2026-07-14T01:47:57.296595+00:00,1422749842,-68.925
2026-07-14T01:47:57.296595+00:00,1422751307,-68.942
2026-07-14T01:47:57.296595+00:00,1422752772,-68.911
2026-07-14T01:47:57.296595+00:00,1422754237,-68.88
2026-07-14T01:47:57.296595+00:00,1422755702,-68.938
2026-07-14T01:47:57.296595+00:00,1422757167,-68.949
2026-07-14T01:47:57.296595+00:00,1422758632,-68.908
2026-07-14T01:47:57.296595+00:00,1422760096,-68.904
2026-07-14T01:47:57.296595+00:00,1422761561,-68.932
2026-07-14T01:47:57.296595+00:00,1422763026,-68.919
2026-07-14T01:47:57.296595+00:00,1422764491,-68.858
2026-07-14T01:47:57.296595+00:00,1422765956,-68.885
2026-07-14T01:47:57.296595+00:00,1422767421,-68.866
2026-07-14T01:47:57.296595+00:00,1422768885,-68.841
2026-07-14T01:47:57.296595+00:00,1422770350,-68.894
2026-07-14T01:47:57.296595+00:00,1422771815,-68.854
2026-07-14T01:47:57.296595+00:00,1422773280,-68.872
2026-07-14T01:47:57.296595+00:00,1422774745,-68.922
2026-07-14T01:47:57.296595+00:00,1422776210,-68.906
2026-07-14T01:47:57.296595+00:00,1422777675,-68.981
2026-07-14T01:47:57.296595+00:00,1422779139,-68.879
2026-07-14T01:47:57.296595+00:00,1422780604,-68.856
2026-07-14T01:47:57.296595+00:00,1422782069,-68.924
2026-07-14T01:47:57.296595+00:00,1422783534,-68.866
2026-07-14T01:47:57.296595+00:00,1422784999,-68.917
2026-07-14T01:47:57.296595+00:00,1422786464,-68.884
2026-07-14T01:47:57.296595+00:00,1422787928,-68.919
2026-07-14T01:47:57.296595+00:00,1422789393,-68.935
2026-07-14T01:47:57.296595+00:00,1422790858,-68.91
2026-07-14T01:47:57.296595+00:00,1422792323,-68.869
2026-07-14T01:47:57.296595+00:00,1422793788,-68.918
2026-07-14T01:47:57.296595+00:00,1422795253,-68.922
2026-07-14T01:47:57.296595+00:00,1422796717,-68.897
2026-07-14T01:47:57.296595+00:00,1422798182,-68.918
2026-07-14T01:47:57.296595+00:00,1422799647,-68.939
2026-07-14T01:47:57.296595+00:00,1422801112,-68.908
2026-07-14T01:47:57.296595+00:00,1422802577,-68.841
2026-07-14T01:47:57.296595+00:00,1422804042,-68.859
2026-07-14T01:47:57.296595+00:00,1422805507,-68.949
2026-07-14T01:47:57.296595+00:00,1422806971,-68.909
2026-07-14T01:47:57.296595+00:00,1422808436,-68.863
2026-07-14T01:47:57.296595+00:00,1422809901,-68.885
2026-07-14T01:47:57.296595+00:00,1422811366,-68.92
2026-07-14T01:47:57.296595+00:00,1422812831,-68.892
2026-07-14T01:47:57.296595+00:00,1422814296,-68.872
2026-07-14T01:47:57.296595+00:00,1422815760,-68.884
2026-07-14T01:47:57.296595+00:00,1422817225,-68.873
2026-07-14T01:47:57.296595+00:00,1422818690,-68.861
2026-07-14T01:47:57.296595+00:00,1422820155,-68.896
2026-07-14T01:47:57.296595+00:00,1422821620,-68.882
2026-07-14T01:47:57.296595+00:00,1422823085,-68.877
2026-07-14T01:47:57.296595+00:00,1422824550,-68.904
2026-07-14T01:47:57.296595+00:00,1422826014,-68.909
2026-07-14T01:47:57.296595+00:00,1422827479,-68.856
2026-07-14T01:47:57.296595+00:00,1422828944,-68.842
2026-07-14T01:47:57.296595+00:00,1422830409,-68.843
2026-07-14T01:47:57.296595+00:00,1422831874,-68.894
2026-07-14T01:47:57.296595+00:00,1422833339,-68.831
2026-07-14T01:47:57.296595+00:00,1422834803,-68.833
2026-07-14T01:47:57.296595+00:00,1422836268,-68.819
2026-07-14T01:47:57.296595+00:00,1422837733,-68.77
2026-07-14T01:47:57.296595+00:00,1422839198,-68.807
2026-07-14T01:47:57.296595+00:00,1422840663,-68.864
2026-07-14T01:47:57.296595+00:00,1422842128,-68.877
2026-07-14T01:47:57.296595+00:00,1422843592,-68.865
2026-07-14T01:47:57.296595+00:00,1422845057,-68.826
2026-07-14T01:47:57.296595+00:00,1422846522,-68.832
2026-07-14T01:47:57.296595+00:00,1422847987,-68.834
2026-07-14T01:47:57.296595+00:00,1422849452,-68.872
2026-07-14T01:47:57.296595+00:00,1422850917,-68.855
2026-07-14T01:47:57.296595+00:00,1422852382,-68.842
2026-07-14T01:47:57.296595+00:00,1422853846,-68.825
2026-07-14T01:47:57.296595+00:00,1422855311,-68.837
2026-07-14T01:47:57.296595+00:00,1422856776,-68.873
2026-07-14T01:47:57.296595+00:00,1422858241,-68.845
2026-07-14T01:47:57.296595+00:00,1422859706,-68.789
2026-07-14T01:47:57.296595+00:00,1422861171,-68.793
2026-07-14T01:47:57.296595+00:00,1422862635,-68.806
2026-07-14T01:47:57.296595+00:00,1422864100,-68.79
2026-07-14T01:47:57.296595+00:00,1422865565,-68.776
2026-07-14T01:47:57.296595+00:00,1422867030,-68.793
2026-07-14T01:47:57.296595+00:00,1422868495,-68.883
2026-07-14T01:47:57.296595+00:00,1422869960,-68.925
2026-07-14T01:47:57.296595+00:00,1422871425,-68.824
2026-07-14T01:47:57.296595+00:00,1422872889,-68.781
2026-07-14T01:47:57.296595+00:00,1422874354,-68.863
2026-07-14T01:47:57.296595+00:00,1422875819,-68.817
2026-07-14T01:47:57.296595+00:00,1422877284,-68.829
2026-07-14T01:47:57.296595+00:00,1422878749,-68.77
2026-07-14T01:47:57.296595+00:00,1422880214,-68.794
2026-07-14T01:47:57.296595+00:00,1422881678,-68.883
2026-07-14T01:47:57.296595+00:00,1422883143,-68.869
2026-07-14T01:47:57.296595+00:00,1422884608,-68.757
2026-07-14T01:47:57.296595+00:00,1422886073,-68.748
2026-07-14T01:47:57.296595+00:00,1422887538,-68.734
2026-07-14T01:47:57.296595+00:00,1422889003,-68.823
2026-07-14T01:47:57.296595+00:00,1422890467,-68.822
2026-07-14T01:47:57.296595+00:00,1422891932,-68.751
2026-07-14T01:47:57.296595+00:00,1422893397,-68.79
2026-07-14T01:47:57.296595+00:00,1422894862,-68.847
2026-07-14T01:47:57.296595+00:00,1422896327,-68.807
2026-07-14T01:47:57.296595+00:00,1422897792,-68.773
2026-07-14T01:47:57.296595+00:00,1422899257,-68.831
2026-07-14T01:47:57.296595+00:00,1422900721,-68.764
2026-07-14T01:47:57.296595+00:00,1422902186,-68.777
2026-07-14T01:47:57.296595+00:00,1422903651,-68.729
2026-07-14T01:47:57.296595+00:00,1422905116,-68.742
2026-07-14T01:47:57.296595+00:00,1422906581,-68.76
2026-07-14T01:47:57.296595+00:00,1422908046,-68.784
2026-07-14T01:47:57.296595+00:00,1422909510,-68.782
2026-07-14T01:47:57.296595+00:00,1422910975,-68.757
2026-07-14T01:47:57.296595+00:00,1422912440,-68.763
2026-07-14T01:47:57.296595+00:00,1422913905,-68.807
2026-07-14T01:47:57.296595+00:00,1422915370,-68.815
2026-07-14T01:47:57.296595+00:00,1422916835,-68.757
2026-07-14T01:47:57.296595+00:00,1422918300,-68.721
2026-07-14T01:47:57.296595+00:00,1422919764,-68.701
2026-07-14T01:47:57.296595+00:00,1422921229,-68.786
2026-07-14T01:47:57.296595+00:00,1422922694,-68.792
2026-07-14T01:47:57.296595+00:00,1422924159,-68.808
2026-07-14T01:47:57.296595+00:00,1422925624,-68.826
2026-07-14T01:47:57.296595+00:00,1422927089,-68.807
2026-07-14T01:47:57.296595+00:00,1422928553,-68.803
2026-07-14T01:47:57.296595+00:00,1422930018,-68.713
2026-07-14T01:47:57.296595+00:00,1422931483,-68.79
2026-07-14T01:47:57.296595+00:00,1422932948,-68.771
2026-07-14T01:47:57.296595+00:00,1422934413,-68.753
2026-07-14T01:47:57.296595+00:00,1422935878,-68.739
2026-07-14T01:47:57.296595+00:00,1422937342,-68.741
2026-07-14T01:47:57.296595+00:00,1422938807,-68.732
2026-07-14T01:47:57.296595+00:00,1422940272,-68.752
2026-07-14T01:47:57.296595+00:00,1422941737,-68.847
2026-07-14T01:47:57.296595+00:00,1422943202,-68.811
2026-07-14T01:47:57.296595+00:00,1422944667,-68.797
2026-07-14T01:47:57.296595+00:00,1422946132,-68.723
2026-07-14T01:47:57.296595+00:00,1422947596,-68.738
2026-07-14T01:47:57.296595+00:00,1422949061,-68.743
2026-07-14T01:47:57.296595+00:00,1422950526,-68.761
2026-07-14T01:47:57.296595+00:00,1422951991,-68.706
2026-07-14T01:47:57.296595+00:00,1422953456,-68.691
2026-07-14T01:47:57.296595+00:00,1422954921,-68.707
2026-07-14T01:47:57.296595+00:00,1422956385,-68.767
2026-07-14T01:47:57.296595+00:00,1422957850,-68.77
2026-07-14T01:47:57.296595+00:00,1422959315,-68.782
2026-07-14T01:47:57.296595+00:00,1422960780,-68.757
2026-07-14T01:47:57.296595+00:00,1422962245,-68.699
2026-07-14T01:47:57.296595+00:00,1422963710,-68.78
2026-07-14T01:47:57.296595+00:00,1422965175,-68.764
2026-07-14T01:47:57.296595+00:00,1422966639,-68.769
2026-07-14T01:47:57.296595+00:00,1422968104,-68.753
2026-07-14T01:47:57.296595+00:00,1422969569,-68.711
2026-07-14T01:47:57.296595+00:00,1422971034,-68.674
2026-07-14T01:47:57.296595+00:00,1422972499,-68.699
2026-07-14T01:47:57.296595+00:00,1422973964,-68.684
2026-07-14T01:47:57.296595+00:00,1422975428,-68.719
2026-07-14T01:47:57.296595+00:00,1422976893,-68.725
2026-07-14T01:47:57.296595+00:00,1422978358,-68.69
2026-07-14T01:47:57.296595+00:00,1422979823,-68.682
2026-07-14T01:47:57.296595+00:00,1422981288,-68.675
2026-07-14T01:47:57.296595+00:00,1422982753,-68.723
2026-07-14T01:47:57.296595+00:00,1422984217,-68.72
2026-07-14T01:47:57.296595+00:00,1422985682,-68.768
2026-07-14T01:47:57.296595+00:00,1422987147,-68.778
2026-07-14T01:47:57.296595+00:00,1422988612,-68.687
2026-07-14T01:47:57.296595+00:00,1422990077,-68.681
2026-07-14T01:47:57.296595+00:00,1422991542,-68.718
2026-07-14T01:47:57.296595+00:00,1422993007,-68.676
2026-07-14T01:47:57.296595+00:00,1422994471,-68.679
2026-07-14T01:47:57.296595+00:00,1422995936,-68.706
2026-07-14T01:47:57.296595+00:00,1422997401,-68.676
2026-07-14T01:47:57.296595+00:00,1422998866,-68.691
2026-07-14T01:47:57.296595+00:00,1423000331,-68.696
2026-07-14T01:47:57.296595+00:00,1423001796,-68.731
2026-07-14T01:47:57.296595+00:00,1423003260,-68.717
2026-07-14T01:47:57.296595+00:00,1423004725,-68.788
2026-07-14T01:47:57.296595+00:00,1423006190,-68.777
2026-07-14T01:47:57.296595+00:00,1423007655,-68.741
2026-07-14T01:47:57.296595+00:00,1423009120,-68.7
2026-07-14T01:47:57.296595+00:00,1423010585,-68.685
2026-07-14T01:47:57.296595+00:00,1423012050,-68.692
2026-07-14T01:47:57.296595+00:00,1423013514,-68.638
2026-07-14T01:47:57.296595+00:00,1423014979,-68.668
2026-07-14T01:47:57.296595+00:00,1423016444,-68.682
2026-07-14T01:47:57.296595+00:00,1423017909,-68.69
2026-07-14T01:47:57.296595+00:00,1423019374,-68.734
2026-07-14T01:47:57.296595+00:00,1423020839,-68.776
2026-07-14T01:47:57.296595+00:00,1423022303,-68.769
2026-07-14T01:47:57.296595+00:00,1423023768,-68.766
2026-07-14T01:47:57.296595+00:00,1423025233,-68.719
2026-07-14T01:47:57.296595+00:00,1423026698,-68.707
2026-07-14T01:47:57.296595+00:00,1423028163,-68.787
2026-07-14T01:47:57.296595+00:00,1423029628,-68.699
2026-07-14T01:47:57.296595+00:00,1423031092,-68.7
2026-07-14T01:47:57.296595+00:00,1423032557,-68.687
2026-07-14T01:47:57.296595+00:00,1423034022,-68.679
2026-07-14T01:47:57.296595+00:00,1423035487,-68.716
2026-07-14T01:47:57.296595+00:00,1423036952,-68.69
2026-07-14T01:47:57.296595+00:00,1423038417,-68.633
2026-07-14T01:47:57.296595+00:00,1423039882,-68.707
2026-07-14T01:47:57.296595+00:00,1423041346,-68.738
2026-07-14T01:47:57.296595+00:00,1423042811,-68.764
2026-07-14T01:47:57.296595+00:00,1423044276,-68.722
2026-07-14T01:47:57.296595+00:00,1423045741,-68.718
2026-07-14T01:47:57.296595+00:00,1423047206,-68.72
2026-07-14T01:47:57.296595+00:00,1423048671,-68.686
2026-07-14T01:47:57.296595+00:00,1423050135,-68.741
2026-07-14T01:47:57.296595+00:00,1423051600,-68.764
2026-07-14T01:47:57.296595+00:00,1423053065,-68.77
2026-07-14T01:47:57.296595+00:00,1423054530,-68.756
2026-07-14T01:47:57.296595+00:00,1423055995,-68.74
2026-07-14T01:47:57.296595+00:00,1423057460,-68.77
2026-07-14T01:47:57.296595+00:00,1423058925,-68.671
2026-07-14T01:47:57.296595+00:00,1423060389,-68.684
2026-07-14T01:47:57.296595+00:00,1423061854,-68.664
2026-07-14T01:47:57.296595+00:00,1423063319,-68.694
2026-07-14T01:47:57.296595+00:00,1423064784,-68.75
2026-07-14T01:47:57.296595+00:00,1423066249,-68.813
2026-07-14T01:47:57.296595+00:00,1423067714,-68.814
2026-07-14T01:47:57.296595+00:00,1423069178,-68.751
2026-07-14T01:47:57.296595+00:00,1423070643,-68.69
2026-07-14T01:47:57.296595+00:00,1423072108,-68.683
2026-07-14T01:47:57.296595+00:00,1423073573,-68.668
2026-07-14T01:47:57.296595+00:00,1423075038,-68.709
2026-07-14T01:47:57.296595+00:00,1423076503,-68.723
2026-07-14T01:47:57.296595+00:00,1423077967,-68.716
2026-07-14T01:47:57.296595+00:00,1423079432,-68.717
2026-07-14T01:47:57.296595+00:00,1423080897,-68.687
2026-07-14T01:47:57.296595+00:00,1423082362,-68.712
2026-07-14T01:47:57.296595+00:00,1423083827,-68.651
2026-07-14T01:47:57.296595+00:00,1423085292,-68.745
2026-07-14T01:47:57.296595+00:00,1423086757,-68.77
2026-07-14T01:47:57.296595+00:00,1423088221,-68.761
2026-07-14T01:47:57.296595+00:00,1423089686,-68.726
2026-07-14T01:47:57.296595+00:00,1423091151,-68.807
2026-07-14T01:47:57.296595+00:00,1423092616,-68.823
2026-07-14T01:47:57.296595+00:00,1423094081,-68.744
2026-07-14T01:47:57.296595+00:00,1423095546,-68.722
2026-07-14T01:47:57.296595+00:00,1423097010,-68.665
2026-07-14T01:47:57.296595+00:00,1423098475,-68.713
2026-07-14T01:47:57.296595+00:00,1423099940,-68.686
2026-07-14T01:47:57.296595+00:00,1423101405,-68.738
2026-07-14T01:47:57.296595+00:00,1423102870,-68.703
2026-07-14T01:47:57.296595+00:00,1423104335,-68.72
2026-07-14T01:47:57.296595+00:00,1423105800,-68.668
2026-07-14T01:47:57.296595+00:00,1423107264,-68.718
2026-07-14T01:47:57.296595+00:00,1423108729,-68.717
2026-07-14T01:47:57.296595+00:00,1423110194,-68.642
2026-07-14T01:47:57.296595+00:00,1423111659,-68.653
2026-07-14T01:47:57.296595+00:00,1423113124,-68.737
2026-07-14T01:47:57.296595+00:00,1423114589,-68.677
2026-07-14T01:47:57.296595+00:00,1423116053,-68.698
2026-07-14T01:47:57.296595+00:00,1423117518,-68.697
2026-07-14T01:47:57.296595+00:00,1423118983,-68.704
2026-07-14T01:47:57.296595+00:00,1423120448,-68.675
2026-07-14T01:47:57.296595+00:00,1423121913,-68.669
2026-07-14T01:47:57.296595+00:00,1423123378,-68.713
2026-07-14T01:47:57.296595+00:00,1423124842,-68.764
2026-07-14T01:47:57.296595+00:00,1423126307,-68.733
2026-07-14T01:47:57.296595+00:00,1423127772,-68.797
2026-07-14T01:47:57.296595+00:00,1423129237,-68.723
2026-07-14T01:47:57.296595+00:00,1423130702,-68.699
2026-07-14T01:47:57.296595+00:00,1423132167,-68.693
2026-07-14T01:47:57.296595+00:00,1423133632,-68.708
2026-07-14T01:47:57.296595+00:00,1423135096,-68.731
2026-07-14T01:47:57.296595+00:00,1423136561,-68.675
2026-07-14T01:47:57.296595+00:00,1423138026,-68.625
2026-07-14T01:47:57.296595+00:00,1423139491,-68.723
2026-07-14T01:47:57.296595+00:00,1423140956,-68.712
2026-07-14T01:47:57.296595+00:00,1423142421,-68.743
2026-07-14T01:47:57.296595+00:00,1423143885,-68.726
2026-07-14T01:47:57.296595+00:00,1423145350,-68.77
2026-07-14T01:47:57.296595+00:00,1423146815,-68.785
2026-07-14T01:47:57.296595+00:00,1423148280,-68.777
2026-07-14T01:47:57.296595+00:00,1423149745,-68.789
2026-07-14T01:47:57.296595+00:00,1423151210,-68.723
2026-07-14T01:47:57.296595+00:00,1423152675,-68.691
2026-07-14T01:47:57.296595+00:00,1423154139,-68.654
2026-07-14T01:47:57.296595+00:00,1423155604,-68.701
2026-07-14T01:47:57.296595+00:00,1423157069,-68.764
2026-07-14T01:47:57.296595+00:00,1423158534,-68.801
2026-07-14T01:47:57.296595+00:00,1423159999,-68.786
2026-07-14T01:47:57.296595+00:00,1423161464,-68.747
2026-07-14T01:47:57.296595+00:00,1423162928,-68.86
2026-07-14T01:47:57.296595+00:00,1423164393,-68.79
2026-07-14T01:47:57.296595+00:00,1423165858,-68.719
2026-07-14T01:47:57.296595+00:00,1423167323,-68.78
2026-07-14T01:47:57.296595+00:00,1423168788,-68.813
2026-07-14T01:47:57.296595+00:00,1423170253,-68.782
2026-07-14T01:47:57.296595+00:00,1423171717,-68.772
2026-07-14T01:47:57.296595+00:00,1423173182,-68.764
2026-07-14T01:47:57.296595+00:00,1423174647,-68.731
2026-07-14T01:47:57.296595+00:00,1423176112,-68.736
2026-07-14T01:47:57.296595+00:00,1423177577,-68.705
2026-07-14T01:47:57.296595+00:00,1423179042,-68.747
2026-07-14T01:47:57.296595+00:00,1423180507,-68.766
2026-07-14T01:47:57.296595+00:00,1423181971,-68.789
2026-07-14T01:47:57.296595+00:00,1423183436,-68.765
2026-07-14T01:47:57.296595+00:00,1423184901,-68.697
2026-07-14T01:47:57.296595+00:00,1423186366,-68.755
2026-07-14T01:47:57.296595+00:00,1423187831,-68.793
2026-07-14T01:47:57.296595+00:00,1423189296,-68.763
2026-07-14T01:47:57.296595+00:00,1423190760,-68.769
2026-07-14T01:47:57.296595+00:00,1423192225,-68.751
2026-07-14T01:47:57.296595+00:00,1423193690,-68.744
2026-07-14T01:47:57.296595+00:00,1423195155,-68.741
2026-07-14T01:47:57.296595+00:00,1423196620,-68.716
2026-07-14T01:47:57.296595+00:00,1423198085,-68.786
2026-07-14T01:47:57.296595+00:00,1423199550,-68.791
2026-07-14T01:47:57.296595+00:00,1423201014,-68.739
2026-07-14T01:47:57.296595+00:00,1423202479,-68.665
2026-07-14T01:47:57.296595+00:00,1423203944,-68.729
2026-07-14T01:47:57.296595+00:00,1423205409,-68.73
2026-07-14T01:47:57.296595+00:00,1423206874,-68.768
2026-07-14T01:47:57.296595+00:00,1423208339,-68.771
2026-07-14T01:47:57.296595+00:00,1423209803,-68.81
2026-07-14T01:47:57.296595+00:00,1423211268,-68.809
2026-07-14T01:47:57.296595+00:00,1423212733,-68.748
2026-07-14T01:47:57.296595+00:00,1423214198,-68.766
2026-07-14T01:47:57.296595+00:00,1423215663,-68.78
2026-07-14T01:47:57.296595+00:00,1423217128,-68.729
2026-07-14T01:47:57.296595+00:00,1423218592,-68.753
2026-07-14T01:47:57.296595+00:00,1423220057,-68.756
2026-07-14T01:47:57.296595+00:00,1423221522,-68.827
2026-07-14T01:47:57.296595+00:00,1423222987,-68.803
2026-07-14T01:47:57.296595+00:00,1423224452,-68.801
2026-07-14T01:47:57.296595+00:00,1423225917,-68.833
2026-07-14T01:47:57.296595+00:00,1423227382,-68.691
2026-07-14T01:47:57.296595+00:00,1423228846,-68.709
2026-07-14T01:47:57.296595+00:00,1423230311,-68.788
2026-07-14T01:47:57.296595+00:00,1423231776,-68.709
2026-07-14T01:47:57.296595+00:00,1423233241,-68.683
2026-07-14T01:47:57.296595+00:00,1423234706,-68.711
2026-07-14T01:47:57.296595+00:00,1423236171,-68.782
2026-07-14T01:47:57.296595+00:00,1423237635,-68.809
2026-07-14T01:47:57.296595+00:00,1423239100,-68.732
2026-07-14T01:47:57.296595+00:00,1423240565,-68.781
2026-07-14T01:47:57.296595+00:00,1423242030,-68.702
2026-07-14T01:47:57.296595+00:00,1423243495,-68.76
2026-07-14T01:47:57.296595+00:00,1423244960,-68.713
2026-07-14T01:47:57.296595+00:00,1423246425,-68.76
2026-07-14T01:47:57.296595+00:00,1423247889,-68.807
2026-07-14T01:47:57.296595+00:00,1423249354,-68.795
2026-07-14T01:47:57.296595+00:00,1423250819,-68.726
2026-07-14T01:47:57.296595+00:00,1423252284,-68.704
2026-07-14T01:47:57.296595+00:00,1423253749,-68.699
2026-07-14T01:47:57.296595+00:00,1423255214,-68.73
2026-07-14T01:47:57.296595+00:00,1423256678,-68.75
2026-07-14T01:47:57.296595+00:00,1423258143,-68.751
2026-07-14T01:47:57.296595+00:00,1423259608,-68.775
2026-07-14T01:47:57.296595+00:00,1423261073,-68.767
2026-07-14T01:47:57.296595+00:00,1423262538,-68.728
2026-07-14T01:47:57.296595+00:00,1423264003,-68.671
2026-07-14T01:47:57.296595+00:00,1423265467,-68.692
2026-07-14T01:47:57.296595+00:00,1423266932,-68.724
2026-07-14T01:47:57.296595+00:00,1423268397,-68.726
2026-07-14T01:47:57.296595+00:00,1423269862,-68.655
2026-07-14T01:47:57.296595+00:00,1423271327,-68.703
2026-07-14T01:47:57.296595+00:00,1423272792,-68.706
2026-07-14T01:47:57.296595+00:00,1423274257,-68.763
2026-07-14T01:47:57.296595+00:00,1423275721,-68.735
2026-07-14T01:47:57.296595+00:00,1423277186,-68.7
2026-07-14T01:47:57.296595+00:00,1423278651,-68.713
2026-07-14T01:47:57.296595+00:00,1423280116,-68.729
2026-07-14T01:47:57.296595+00:00,1423281581,-68.714
2026-07-14T01:47:57.296595+00:00,1423283046,-68.659
2026-07-14T01:47:57.296595+00:00,1423284510,-68.736
2026-07-14T01:47:57.296595+00:00,1423285975,-68.71
2026-07-14T01:47:57.296595+00:00,1423287440,-68.714
2026-07-14T01:47:57.296595+00:00,1423288905,-68.697
2026-07-14T01:47:57.296595+00:00,1423290370,-68.703
2026-07-14T01:47:57.296595+00:00,1423291835,-68.661
2026-07-14T01:47:57.296595+00:00,1423293300,-68.736
2026-07-14T01:47:57.296595+00:00,1423294764,-68.705
2026-07-14T01:47:57.296595+00:00,1423296229,-68.726
2026-07-14T01:47:57.296595+00:00,1423297694,-68.704
2026-07-14T01:47:57.296595+00:00,1423299159,-68.668
2026-07-14T01:47:57.296595+00:00,1423300624,-68.666
2026-07-14T01:47:57.296595+00:00,1423302089,-68.733
2026-07-14T01:47:57.296595+00:00,1423303553,-68.732
2026-07-14T01:47:57.296595+00:00,1423305018,-68.646
2026-07-14T01:47:57.296595+00:00,1423306483,-68.698
2026-07-14T01:47:57.296595+00:00,1423307948,-68.704
2026-07-14T01:47:57.296595+00:00,1423309413,-68.771
2026-07-14T01:47:57.296595+00:00,1423310878,-68.765
2026-07-14T01:47:57.296595+00:00,1423312342,-68.686
2026-07-14T01:47:57.296595+00:00,1423313807,-68.712
2026-07-14T01:47:57.296595+00:00,1423315272,-68.721
2026-07-14T01:47:57.296595+00:00,1423316737,-68.726
2026-07-14T01:47:57.296595+00:00,1423318202,-68.597
2026-07-14T01:47:57.296595+00:00,1423319667,-68.659
2026-07-14T01:47:57.296595+00:00,1423321132,-68.725
2026-07-14T01:47:57.296595+00:00,1423322596,-68.709
2026-07-14T01:47:57.296595+00:00,1423324061,-68.718
2026-07-14T01:47:57.296595+00:00,1423325526,-68.706
2026-07-14T01:47:57.296595+00:00,1423326991,-68.697
2026-07-14T01:47:57.296595+00:00,1423328456,-68.655
2026-07-14T01:47:57.296595+00:00,1423329921,-68.686
2026-07-14T01:47:57.296595+00:00,1423331385,-68.768
2026-07-14T01:47:57.296595+00:00,1423332850,-68.678
2026-07-14T01:47:57.296595+00:00,1423334315,-68.632
2026-07-14T01:47:57.296595+00:00,1423335780,-68.733
2026-07-14T01:47:57.296595+00:00,1423337245,-68.697
2026-07-14T01:47:57.296595+00:00,1423338710,-68.717
2026-07-14T01:47:57.296595+00:00,1423340175,-68.681
2026-07-14T01:47:57.296595+00:00,1423341639,-68.705
2026-07-14T01:47:57.296595+00:00,1423343104,-68.677
2026-07-14T01:47:57.296595+00:00,1423344569,-68.716
2026-07-14T01:47:57.296595+00:00,1423346034,-68.729
2026-07-14T01:47:57.296595+00:00,1423347499,-68.673
2026-07-14T01:47:57.296595+00:00,1423348964,-68.595
2026-07-14T01:47:57.296595+00:00,1423350428,-68.737
2026-07-14T01:47:57.296595+00:00,1423351893,-68.729
2026-07-14T01:47:57.296595+00:00,1423353358,-68.752
2026-07-14T01:47:57.296595+00:00,1423354823,-68.782
2026-07-14T01:47:57.296595+00:00,1423356288,-68.775
2026-07-14T01:47:57.296595+00:00,1423357753,-68.64
2026-07-14T01:47:57.296595+00:00,1423359217,-68.678
2026-07-14T01:47:57.296595+00:00,1423360682,-68.727
2026-07-14T01:47:57.296595+00:00,1423362147,-68.685
2026-07-14T01:47:57.296595+00:00,1423363612,-68.703
2026-07-14T01:47:57.296595+00:00,1423365077,-68.759
2026-07-14T01:47:57.296595+00:00,1423366542,-68.736
2026-07-14T01:47:57.296595+00:00,1423368007,-68.677
2026-07-14T01:47:57.296595+00:00,1423369471,-68.624
2026-07-14T01:47:57.296595+00:00,1423370936,-68.717
2026-07-14T01:47:57.296595+00:00,1423372401,-68.669
2026-07-14T01:47:57.296595+00:00,1423373866,-68.657
2026-07-14T01:47:57.296595+00:00,1423375331,-68.711
2026-07-14T01:47:57.296595+00:00,1423376796,-68.68
2026-07-14T01:47:57.296595+00:00,1423378260,-68.753
2026-07-14T01:47:57.296595+00:00,1423379725,-68.722
2026-07-14T01:47:57.296595+00:00,1423381190,-68.707
2026-07-14T01:47:57.296595+00:00,1423382655,-68.693
2026-07-14T01:47:57.296595+00:00,1423384120,-68.663
2026-07-14T01:47:57.296595+00:00,1423385585,-68.684
2026-07-14T01:47:57.296595+00:00,1423387050,-68.737
2026-07-14T01:47:57.296595+00:00,1423388514,-68.749
2026-07-14T01:47:57.296595+00:00,1423389979,-68.74
2026-07-14T01:47:57.296595+00:00,1423391444,-68.741
2026-07-14T01:47:57.296595+00:00,1423392909,-68.731
2026-07-14T01:47:57.296595+00:00,1423394374,-68.688
2026-07-14T01:47:57.296595+00:00,1423395839,-68.709
2026-07-14T01:47:57.296595+00:00,1423397303,-68.737
2026-07-14T01:47:57.296595+00:00,1423398768,-68.671
2026-07-14T01:47:57.296595+00:00,1423400233,-68.705
2026-07-14T01:47:57.296595+00:00,1423401698,-68.713
2026-07-14T01:47:57.296595+00:00,1423403163,-68.685
2026-07-14T01:47:57.296595+00:00,1423404628,-68.745
2026-07-14T01:47:57.296595+00:00,1423406092,-68.786
2026-07-14T01:47:57.296595+00:00,1423407557,-68.724
2026-07-14T01:47:57.296595+00:00,1423409022,-68.731
2026-07-14T01:47:57.296595+00:00,1423410487,-68.75
2026-07-14T01:47:57.296595+00:00,1423411952,-68.761
2026-07-14T01:47:57.296595+00:00,1423413417,-68.679
2026-07-14T01:47:57.296595+00:00,1423414882,-68.699
2026-07-14T01:47:57.296595+00:00,1423416346,-68.749
2026-07-14T01:47:57.296595+00:00,1423417811,-68.736
2026-07-14T01:47:57.296595+00:00,1423419276,-68.719
2026-07-14T01:47:57.296595+00:00,1423420741,-68.687
2026-07-14T01:47:57.296595+00:00,1423422206,-68.765
2026-07-14T01:47:57.296595+00:00,1423423671,-68.715
2026-07-14T01:47:57.296595+00:00,1423425135,-68.757
2026-07-14T01:47:57.296595+00:00,1423426600,-68.76
2026-07-14T01:47:57.296595+00:00,1423428065,-68.769
2026-07-14T01:47:57.296595+00:00,1423429530,-68.776
2026-07-14T01:47:57.296595+00:00,1423430995,-68.818
2026-07-14T01:47:57.296595+00:00,1423432460,-68.768
2026-07-14T01:47:57.296595+00:00,1423433925,-68.768
2026-07-14T01:47:57.296595+00:00,1423435389,-68.81
2026-07-14T01:47:57.296595+00:00,1423436854,-68.806
2026-07-14T01:47:57.296595+00:00,1423438319,-68.712
2026-07-14T01:47:57.296595+00:00,1423439784,-68.743
2026-07-14T01:47:57.296595+00:00,1423441249,-68.698
2026-07-14T01:47:57.296595+00:00,1423442714,-68.785
2026-07-14T01:47:57.296595+00:00,1423444178,-68.806
2026-07-14T01:47:57.296595+00:00,1423445643,-68.812
2026-07-14T01:47:57.296595+00:00,1423447108,-68.812
2026-07-14T01:47:57.296595+00:00,1423448573,-68.758
2026-07-14T01:47:57.296595+00:00,1423450038,-68.768
2026-07-14T01:47:57.296595+00:00,1423451503,-68.778
2026-07-14T01:47:57.296595+00:00,1423452967,-68.836
2026-07-14T01:47:57.296595+00:00,1423454432,-68.81
2026-07-14T01:47:57.296595+00:00,1423455897,-68.834
2026-07-14T01:47:57.296595+00:00,1423457362,-68.78
2026-07-14T01:47:57.296595+00:00,1423458827,-68.767
2026-07-14T01:47:57.296595+00:00,1423460292,-68.762
2026-07-14T01:47:57.296595+00:00,1423461757,-68.769
2026-07-14T01:47:57.296595+00:00,1423463221,-68.844
2026-07-14T01:47:57.296595+00:00,1423464686,-68.79
2026-07-14T01:47:57.296595+00:00,1423466151,-68.805
2026-07-14T01:47:57.296595+00:00,1423467616,-68.777
2026-07-14T01:47:57.296595+00:00,1423469081,-68.831
2026-07-14T01:47:57.296595+00:00,1423470546,-68.944
2026-07-14T01:47:57.296595+00:00,1423472010,-68.854
2026-07-14T01:47:57.296595+00:00,1423473475,-68.806
2026-07-14T01:47:57.296595+00:00,1423474940,-68.819
2026-07-14T01:47:57.296595+00:00,1423476405,-68.798
2026-07-14T01:47:57.296595+00:00,1423477870,-68.842
2026-07-14T01:47:57.296595+00:00,1423479335,-68.817
2026-07-14T01:47:57.296595+00:00,1423480800,-68.811
2026-07-14T01:47:57.296595+00:00,1423482264,-68.803
2026-07-14T01:47:57.296595+00:00,1423483729,-68.779
2026-07-14T01:47:57.296595+00:00,1423485194,-68.835
2026-07-14T01:47:57.296595+00:00,1423486659,-68.784
2026-07-14T01:47:57.296595+00:00,1423488124,-68.836
2026-07-14T01:47:57.296595+00:00,1423489589,-68.947
2026-07-14T01:47:57.296595+00:00,1423491053,-68.947
2026-07-14T01:47:57.296595+00:00,1423492518,-68.931
2026-07-14T01:47:57.296595+00:00,1423493983,-68.874
2026-07-14T01:47:57.296595+00:00,1423495448,-68.853
2026-07-14T01:47:57.296595+00:00,1423496913,-68.827
2026-07-14T01:47:57.296595+00:00,1423498378,-68.813
2026-07-14T01:47:57.296595+00:00,1423499842,-68.839
2026-07-14T01:47:57.296595+00:00,1423501307,-68.791
2026-07-14T01:47:57.296595+00:00,1423502772,-68.835
2026-07-14T01:47:57.296595+00:00,1423504237,-68.833
2026-07-14T01:47:57.296595+00:00,1423505702,-68.818
2026-07-14T01:47:57.296595+00:00,1423507167,-68.885
2026-07-14T01:47:57.296595+00:00,1423508632,-68.863
2026-07-14T01:47:57.296595+00:00,1423510096,-68.844
2026-07-14T01:47:57.296595+00:00,1423511561,-68.88
2026-07-14T01:47:57.296595+00:00,1423513026,-68.88
2026-07-14T01:47:57.296595+00:00,1423514491,-68.873
2026-07-14T01:47:57.296595+00:00,1423515956,-68.864
2026-07-14T01:47:57.296595+00:00,1423517421,-68.876
2026-07-14T01:47:57.296595+00:00,1423518885,-68.88
2026-07-14T01:47:57.296595+00:00,1423520350,-68.914
2026-07-14T01:47:57.296595+00:00,1423521815,-68.889
2026-07-14T01:47:57.296595+00:00,1423523280,-68.915
2026-07-14T01:47:57.296595+00:00,1423524745,-68.935
2026-07-14T01:47:57.296595+00:00,1423526210,-68.92
2026-07-14T01:47:57.296595+00:00,1423527675,-68.88
2026-07-14T01:47:57.296595+00:00,1423529139,-68.865
2026-07-14T01:47:57.296595+00:00,1423530604,-68.92
2026-07-14T01:47:57.296595+00:00,1423532069,-68.92
2026-07-14T01:47:57.296595+00:00,1423533534,-68.918
2026-07-14T01:47:57.296595+00:00,1423534999,-68.944
2026-07-14T01:47:57.296595+00:00,1423536464,-68.915
2026-07-14T01:47:57.296595+00:00,1423537928,-68.898
2026-07-14T01:47:57.296595+00:00,1423539393,-68.939
2026-07-14T01:47:57.296595+00:00,1423540858,-68.887
2026-07-14T01:47:57.296595+00:00,1423542323,-68.875
2026-07-14T01:47:57.296595+00:00,1423543788,-68.922
2026-07-14T01:47:57.296595+00:00,1423545253,-68.96
2026-07-14T01:47:57.296595+00:00,1423546717,-68.955
2026-07-14T01:47:57.296595+00:00,1423548182,-68.975
2026-07-14T01:47:57.296595+00:00,1423549647,-68.981
2026-07-14T01:47:57.296595+00:00,1423551112,-69.003
2026-07-14T01:47:57.296595+00:00,1423552577,-68.978
2026-07-14T01:47:57.296595+00:00,1423554042,-68.972
2026-07-14T01:47:57.296595+00:00,1423555507,-69.018
2026-07-14T01:47:57.296595+00:00,1423556971,-69.011
2026-07-14T01:47:57.296595+00:00,1423558436,-68.989
2026-07-14T01:47:57.296595+00:00,1423559901,-68.955
2026-07-14T01:47:57.296595+00:00,1423561366,-68.984
2026-07-14T01:47:57.296595+00:00,1423562831,-69.053
2026-07-14T01:47:57.296595+00:00,1423564296,-68.996
2026-07-14T01:47:57.296595+00:00,1423565760,-69.041
2026-07-14T01:47:57.296595+00:00,1423567225,-68.987
2026-07-14T01:47:57.296595+00:00,1423568690,-68.947
2026-07-14T01:47:57.296595+00:00,1423570155,-68.957
2026-07-14T01:47:57.296595+00:00,1423571620,-68.984
2026-07-14T01:47:57.296595+00:00,1423573085,-68.954
2026-07-14T01:47:57.296595+00:00,1423574550,-68.992
2026-07-14T01:47:57.296595+00:00,1423576014,-69.039
2026-07-14T01:47:57.296595+00:00,1423577479,-69.009
2026-07-14T01:47:57.296595+00:00,1423578944,-69.002
2026-07-14T01:47:57.296595+00:00,1423580409,-68.989
2026-07-14T01:47:57.296595+00:00,1423581874,-69.056
2026-07-14T01:47:57.296595+00:00,1423583339,-69.102
2026-07-14T01:47:57.296595+00:00,1423584803,-69.064
2026-07-14T01:47:57.296595+00:00,1423586268,-69.074
2026-07-14T01:47:57.296595+00:00,1423587733,-69.068
2026-07-14T01:47:57.296595+00:00,1423589198,-69.027
2026-07-14T01:47:57.296595+00:00,1423590663,-69.069
2026-07-14T01:47:57.296595+00:00,1423592128,-69.116
2026-07-14T01:47:57.296595+00:00,1423593592,-69.119
2026-07-14T01:47:57.296595+00:00,1423595057,-69.091
2026-07-14T01:47:57.296595+00:00,1423596522,-69.022
2026-07-14T01:47:57.296595+00:00,1423597987,-69.017
2026-07-14T01:47:57.296595+00:00,1423599452,-69.05
2026-07-14T01:47:57.296595+00:00,1423600917,-69.117
2026-07-14T01:47:57.296595+00:00,1423602382,-69.182
2026-07-14T01:47:57.296595+00:00,1423603846,-69.213
2026-07-14T01:47:57.296595+00:00,1423605311,-69.12
2026-07-14T01:47:57.296595+00:00,1423606776,-69.024
2026-07-14T01:47:57.296595+00:00,1423608241,-69.015
2026-07-14T01:47:57.296595+00:00,1423609706,-69.098
2026-07-14T01:47:57.296595+00:00,1423611171,-69.158
2026-07-14T01:47:57.296595+00:00,1423612635,-69.201
2026-07-14T01:47:57.296595+00:00,1423614100,-69.197
2026-07-14T01:47:57.296595+00:00,1423615565,-69.14
2026-07-14T01:47:57.296595+00:00,1423617030,-69.142
2026-07-14T01:47:57.296595+00:00,1423618495,-69.122
2026-07-14T01:47:57.296595+00:00,1423619960,-69.088
2026-07-14T01:47:57.296595+00:00,1423621425,-69.134
2026-07-14T01:47:57.296595+00:00,1423622889,-69.179
2026-07-14T01:47:57.296595+00:00,1423624354,-69.206
2026-07-14T01:47:57.296595+00:00,1423625819,-69.186
2026-07-14T01:47:57.296595+00:00,1423627284,-69.148
2026-07-14T01:47:57.296595+00:00,1423628749,-69.114
2026-07-14T01:47:57.296595+00:00,1423630214,-69.136
2026-07-14T01:47:57.296595+00:00,1423631678,-69.184
2026-07-14T01:47:57.296595+00:00,1423633143,-69.173
2026-07-14T01:47:57.296595+00:00,1423634608,-69.154
2026-07-14T01:47:57.296595+00:00,1423636073,-69.145
2026-07-14T01:47:57.296595+00:00,1423637538,-69.211
2026-07-14T01:47:57.296595+00:00,1423639003,-69.264
2026-07-14T01:47:57.296595+00:00,1423640467,-69.207
2026-07-14T01:47:57.296595+00:00,1423641932,-69.246
2026-07-14T01:47:57.296595+00:00,1423643397,-69.242
2026-07-14T01:47:57.296595+00:00,1423644862,-69.287
2026-07-14T01:47:57.296595+00:00,1423646327,-69.28
2026-07-14T01:47:57.296595+00:00,1423647792,-69.216
2026-07-14T01:47:57.296595+00:00,1423649257,-69.212
2026-07-14T01:47:57.296595+00:00,1423650721,-69.202
2026-07-14T01:47:57.296595+00:00,1423652186,-69.231
2026-07-14T01:47:57.296595+00:00,1423653651,-69.208
2026-07-14T01:47:57.296595+00:00,1423655116,-69.232
2026-07-14T01:47:57.296595+00:00,1423656581,-69.219
2026-07-14T01:47:57.296595+00:00,1423658046,-69.257
2026-07-14T01:47:57.296595+00:00,1423659510,-69.288
2026-07-14T01:47:57.296595+00:00,1423660975,-69.304
2026-07-14T01:47:57.296595+00:00,1423662440,-69.271
2026-07-14T01:47:57.296595+00:00,1423663905,-69.306
2026-07-14T01:47:57.296595+00:00,1423665370,-69.313
2026-07-14T01:47:57.296595+00:00,1423666835,-69.305
2026-07-14T01:47:57.296595+00:00,1423668300,-69.279
2026-07-14T01:47:57.296595+00:00,1423669764,-69.336
2026-07-14T01:47:57.296595+00:00,1423671229,-69.252
2026-07-14T01:47:57.296595+00:00,1423672694,-69.262
2026-07-14T01:47:57.296595+00:00,1423674159,-69.316
2026-07-14T01:47:57.296595+00:00,1423675624,-69.255
2026-07-14T01:47:57.296595+00:00,1423677089,-69.268
2026-07-14T01:47:57.296595+00:00,1423678553,-69.325
2026-07-14T01:47:57.296595+00:00,1423680018,-69.402
2026-07-14T01:47:57.296595+00:00,1423681483,-69.378
2026-07-14T01:47:57.296595+00:00,1423682948,-69.377
2026-07-14T01:47:57.296595+00:00,1423684413,-69.347
2026-07-14T01:47:57.296595+00:00,1423685878,-69.416
2026-07-14T01:47:57.296595+00:00,1423687342,-69.382
2026-07-14T01:47:57.296595+00:00,1423688807,-69.355
2026-07-14T01:47:57.296595+00:00,1423690272,-69.373
2026-07-14T01:47:57.296595+00:00,1423691737,-69.378
2026-07-14T01:47:57.296595+00:00,1423693202,-69.401
2026-07-14T01:47:57.296595+00:00,1423694667,-69.318
2026-07-14T01:47:57.296595+00:00,1423696132,-69.372
2026-07-14T01:47:57.296595+00:00,1423697596,-69.439
2026-07-14T01:47:57.296595+00:00,1423699061,-69.379
2026-07-14T01:47:57.296595+00:00,1423700526,-69.448
2026-07-14T01:47:57.296595+00:00,1423701991,-69.452
2026-07-14T01:47:57.296595+00:00,1423703456,-69.492
2026-07-14T01:47:57.296595+00:00,1423704921,-69.533
2026-07-14T01:47:57.296595+00:00,1423706385,-69.556
2026-07-14T01:47:57.296595+00:00,1423707850,-69.443
2026-07-14T01:47:57.296595+00:00,1423709315,-69.444
2026-07-14T01:47:57.296595+00:00,1423710780,-69.526
2026-07-14T01:47:57.296595+00:00,1423712245,-69.489
2026-07-14T01:47:57.296595+00:00,1423713710,-69.463
2026-07-14T01:47:57.296595+00:00,1423715175,-69.499
2026-07-14T01:47:57.296595+00:00,1423716639,-69.519
2026-07-14T01:47:57.296595+00:00,1423718104,-69.512
2026-07-14T01:47:57.296595+00:00,1423719569,-69.47
2026-07-14T01:47:57.296595+00:00,1423721034,-69.498
2026-07-14T01:47:57.296595+00:00,1423722499,-69.543
2026-07-14T01:47:57.296595+00:00,1423723964,-69.599
2026-07-14T01:47:57.296595+00:00,1423725428,-69.551
2026-07-14T01:47:57.296595+00:00,1423726893,-69.502
2026-07-14T01:47:57.296595+00:00,1423728358,-69.488
2026-07-14T01:47:57.296595+00:00,1423729823,-69.558
2026-07-14T01:47:57.296595+00:00,1423731288,-69.602
2026-07-14T01:47:57.296595+00:00,1423732753,-69.549
2026-07-14T01:47:57.296595+00:00,1423734217,-69.545
2026-07-14T01:47:57.296595+00:00,1423735682,-69.606
2026-07-14T01:47:57.296595+00:00,1423737147,-69.589
2026-07-14T01:47:57.296595+00:00,1423738612,-69.614
2026-07-14T01:47:57.296595+00:00,1423740077,-69.626
2026-07-14T01:47:57.296595+00:00,1423741542,-69.611
2026-07-14T01:47:57.296595+00:00,1423743007,-69.673
2026-07-14T01:47:57.296595+00:00,1423744471,-69.673
2026-07-14T01:47:57.296595+00:00,1423745936,-69.587
2026-07-14T01:47:57.296595+00:00,1423747401,-69.647
2026-07-14T01:47:57.296595+00:00,1423748866,-69.707
2026-07-14T01:47:57.296595+00:00,1423750331,-69.714
2026-07-14T01:47:57.296595+00:00,1423751796,-69.683
2026-07-14T01:47:57.296595+00:00,1423753260,-69.641
2026-07-14T01:47:57.296595+00:00,1423754725,-69.652
2026-07-14T01:47:57.296595+00:00,1423756190,-69.739
2026-07-14T01:47:57.296595+00:00,1423757655,-69.712
2026-07-14T01:47:57.296595+00:00,1423759120,-69.695
2026-07-14T01:47:57.296595+00:00,1423760585,-69.688
2026-07-14T01:47:57.296595+00:00,1423762050,-69.724
2026-07-14T01:47:57.296595+00:00,1423763514,-69.714
2026-07-14T01:47:57.296595+00:00,1423764979,-69.765
2026-07-14T01:47:57.296595+00:00,1423766444,-69.717
2026-07-14T01:47:57.296595+00:00,1423767909,-69.766
2026-07-14T01:47:57.296595+00:00,1423769374,-69.775
2026-07-14T01:47:57.296595+00:00,1423770839,-69.773
2026-07-14T01:47:57.296595+00:00,1423772303,-69.778
2026-07-14T01:47:57.296595+00:00,1423773768,-69.761
2026-07-14T01:47:57.296595+00:00,1423775233,-69.752
2026-07-14T01:47:57.296595+00:00,1423776698,-69.725
2026-07-14T01:47:57.296595+00:00,1423778163,-69.763
2026-07-14T01:47:57.296595+00:00,1423779628,-69.729
2026-07-14T01:47:57.296595+00:00,1423781092,-69.829
2026-07-14T01:47:57.296595+00:00,1423782557,-69.852
2026-07-14T01:47:57.296595+00:00,1423784022,-69.783
2026-07-14T01:47:57.296595+00:00,1423785487,-69.783
2026-07-14T01:47:57.296595+00:00,1423786952,-69.778
2026-07-14T01:47:57.296595+00:00,1423788417,-69.778
2026-07-14T01:47:57.296595+00:00,1423789882,-69.766
2026-07-14T01:47:57.296595+00:00,1423791346,-69.833
2026-07-14T01:47:57.296595+00:00,1423792811,-69.912
2026-07-14T01:47:57.296595+00:00,1423794276,-69.899
2026-07-14T01:47:57.296595+00:00,1423795741,-69.877
2026-07-14T01:47:57.296595+00:00,1423797206,-69.788
2026-07-14T01:47:57.296595+00:00,1423798671,-69.837
2026-07-14T01:47:57.296595+00:00,1423800135,-69.872
2026-07-14T01:47:57.296595+00:00,1423801600,-69.924
2026-07-14T01:47:57.296595+00:00,1423803065,-69.939
2026-07-14T01:47:57.296595+00:00,1423804530,-69.901
2026-07-14T01:47:57.296595+00:00,1423805995,-69.85
2026-07-14T01:47:57.296595+00:00,1423807460,-69.873
2026-07-14T01:47:57.296595+00:00,1423808925,-69.944
2026-07-14T01:47:57.296595+00:00,1423810389,-69.877
2026-07-14T01:47:57.296595+00:00,1423811854,-69.814
2026-07-14T01:47:57.296595+00:00,1423813319,-69.833
2026-07-14T01:47:57.296595+00:00,1423814784,-69.945
2026-07-14T01:47:57.296595+00:00,1423816249,-69.896
2026-07-14T01:47:57.296595+00:00,1423817714,-69.929
2026-07-14T01:47:57.296595+00:00,1423819178,-69.894
2026-07-14T01:47:57.296595+00:00,1423820643,-69.888
2026-07-14T01:47:57.296595+00:00,1423822108,-69.908
2026-07-14T01:47:57.296595+00:00,1423823573,-69.94
2026-07-14T01:47:57.296595+00:00,1423825038,-70.034
2026-07-14T01:47:57.296595+00:00,1423826503,-70.009
2026-07-14T01:47:57.296595+00:00,1423827967,-69.944
2026-07-14T01:47:57.296595+00:00,1423829432,-69.916
2026-07-14T01:47:57.296595+00:00,1423830897,-70.006
2026-07-14T01:47:57.296595+00:00,1423832362,-70.008
2026-07-14T01:47:57.296595+00:00,1423833827,-70.021
2026-07-14T01:47:57.296595+00:00,1423835292,-70.01
2026-07-14T01:47:57.296595+00:00,1423836757,-70.004
2026-07-14T01:47:57.296595+00:00,1423838221,-70.119
2026-07-14T01:47:57.296595+00:00,1423839686,-70.013
2026-07-14T01:47:57.296595+00:00,1423841151,-69.866
2026-07-14T01:47:57.296595+00:00,1423842616,-69.845
2026-07-14T01:47:57.296595+00:00,1423844081,-69.958
2026-07-14T01:47:57.296595+00:00,1423845546,-70.003
2026-07-14T01:47:57.296595+00:00,1423847010,-70.034
2026-07-14T01:47:57.296595+00:00,1423848475,-69.989
2026-07-14T01:47:57.296595+00:00,1423849940,-70.037
2026-07-14T01:47:57.296595+00:00,1423851405,-70.053
2026-07-14T01:47:57.296595+00:00,1423852870,-70.03
2026-07-14T01:47:57.296595+00:00,1423854335,-69.964
2026-07-14T01:47:57.296595+00:00,1423855800,-69.96
2026-07-14T01:47:57.296595+00:00,1423857264,-69.977
2026-07-14T01:47:57.296595+00:00,1423858729,-70.04
2026-07-14T01:47:57.296595+00:00,1423860194,-70.015
2026-07-14T01:47:57.296595+00:00,1423861659,-69.986
2026-07-14T01:47:57.296595+00:00,1423863124,-69.982
2026-07-14T01:47:57.296595+00:00,1423864589,-69.979
2026-07-14T01:47:57.296595+00:00,1423866053,-69.979
2026-07-14T01:47:57.296595+00:00,1423867518,-70.104
2026-07-14T01:47:57.296595+00:00,1423868983,-70.087
2026-07-14T01:47:57.296595+00:00,1423870448,-70.019
2026-07-14T01:47:57.296595+00:00,1423871913,-70.067
2026-07-14T01:47:57.296595+00:00,1423873378,-70.009
2026-07-14T01:47:57.296595+00:00,1423874842,-69.991
2026-07-14T01:47:57.296595+00:00,1423876307,-69.967
2026-07-14T01:47:57.296595+00:00,1423877772,-69.991
2026-07-14T01:47:57.296595+00:00,1423879237,-69.978
2026-07-14T01:47:57.296595+00:00,1423880702,-69.934
2026-07-14T01:47:57.296595+00:00,1423882167,-69.989
2026-07-14T01:47:57.296595+00:00,1423883632,-70.028
2026-07-14T01:47:57.296595+00:00,1423885096,-69.996
2026-07-14T01:47:57.296595+00:00,1423886561,-70.003
2026-07-14T01:47:57.296595+00:00,1423888026,-69.959
2026-07-14T01:47:57.296595+00:00,1423889491,-69.954
2026-07-14T01:47:57.296595+00:00,1423890956,-69.954
2026-07-14T01:47:57.296595+00:00,1423892421,-69.94
2026-07-14T01:47:57.296595+00:00,1423893885,-70.003
2026-07-14T01:47:57.296595+00:00,1423895350,-69.982
2026-07-14T01:47:57.296595+00:00,1423896815,-69.933
2026-07-14T01:47:57.296595+00:00,1423898280,-69.984
2026-07-14T01:47:57.296595+00:00,1423899745,-69.945
2026-07-14T01:47:57.296595+00:00,1423901210,-69.885
2026-07-14T01:47:57.296595+00:00,1423902675,-69.917
2026-07-14T01:47:57.296595+00:00,1423904139,-69.996
2026-07-14T01:47:57.296595+00:00,1423905604,-69.995
2026-07-14T01:47:57.296595+00:00,1423907069,-69.959
2026-07-14T01:47:57.296595+00:00,1423908534,-69.933
2026-07-14T01:47:57.296595+00:00,1423909999,-70.0
2026-07-14T01:47:57.296595+00:00,1423911464,-70.019
2026-07-14T01:47:57.296595+00:00,1423912928,-69.931
2026-07-14T01:47:57.296595+00:00,1423914393,-69.902
2026-07-14T01:47:57.296595+00:00,1423915858,-69.899
2026-07-14T01:47:57.296595+00:00,1423917323,-69.906
2026-07-14T01:47:57.296595+00:00,1423918788,-69.942
2026-07-14T01:47:57.296595+00:00,1423920253,-70.019
2026-07-14T01:47:57.296595+00:00,1423921717,-69.956
2026-07-14T01:47:57.296595+00:00,1423923182,-69.862
2026-07-14T01:47:57.296595+00:00,1423924647,-69.882
2026-07-14T01:47:57.296595+00:00,1423926112,-69.863
2026-07-14T01:47:57.296595+00:00,1423927577,-69.924
2026-07-14T01:47:57.296595+00:00,1423929042,-69.922
2026-07-14T01:47:57.296595+00:00,1423930507,-69.915
2026-07-14T01:47:57.296595+00:00,1423931971,-69.97
2026-07-14T01:47:57.296595+00:00,1423933436,-69.908
2026-07-14T01:47:57.296595+00:00,1423934901,-69.888
2026-07-14T01:47:57.296595+00:00,1423936366,-69.886
2026-07-14T01:47:57.296595+00:00,1423937831,-69.92
2026-07-14T01:47:57.296595+00:00,1423939296,-69.933
2026-07-14T01:47:57.296595+00:00,1423940760,-69.906
2026-07-14T01:47:57.296595+00:00,1423942225,-69.85
2026-07-14T01:47:57.296595+00:00,1423943690,-69.859
2026-07-14T01:47:57.296595+00:00,1423945155,-69.866
2026-07-14T01:47:57.296595+00:00,1423946620,-69.822
2026-07-14T01:47:57.296595+00:00,1423948085,-69.835
2026-07-14T01:47:57.296595+00:00,1423949550,-69.774
2026-07-14T01:47:57.296595+00:00,1423951014,-69.798
2026-07-14T01:47:57.296595+00:00,1423952479,-69.776
2026-07-14T01:47:57.296595+00:00,1423953944,-69.81
2026-07-14T01:47:57.296595+00:00,1423955409,-69.719
2026-07-14T01:47:57.296595+00:00,1423956874,-69.683
2026-07-14T01:47:57.296595+00:00,1423958339,-69.8
2026-07-14T01:47:57.296595+00:00,1423959803,-69.831
2026-07-14T01:47:57.296595+00:00,1423961268,-69.766
2026-07-14T01:47:57.296595+00:00,1423962733,-69.814
2026-07-14T01:47:57.296595+00:00,1423964198,-69.788
2026-07-14T01:47:57.296595+00:00,1423965663,-69.775
2026-07-14T01:47:57.296595+00:00,1423967128,-69.695
2026-07-14T01:47:57.296595+00:00,1423968592,-69.697
2026-07-14T01:47:57.296595+00:00,1423970057,-69.718
2026-07-14T01:47:57.296595+00:00,1423971522,-69.644
2026-07-14T01:47:57.296595+00:00,1423972987,-69.641
2026-07-14T01:47:57.296595+00:00,1423974452,-69.637
2026-07-14T01:47:57.296595+00:00,1423975917,-69.663
2026-07-14T01:47:57.296595+00:00,1423977382,-69.715
2026-07-14T01:47:57.296595+00:00,1423978846,-69.729
2026-07-14T01:47:57.296595+00:00,1423980311,-69.68
2026-07-14T01:47:57.296595+00:00,1423981776,-69.639
2026-07-14T01:47:57.296595+00:00,1423983241,-69.642
2026-07-14T01:47:57.296595+00:00,1423984706,-69.68
2026-07-14T01:47:57.296595+00:00,1423986171,-69.654
2026-07-14T01:47:57.296595+00:00,1423987635,-69.593
2026-07-14T01:47:57.296595+00:00,1423989100,-69.584
2026-07-14T01:47:57.296595+00:00,1423990565,-69.603
2026-07-14T01:47:57.296595+00:00,1423992030,-69.631
2026-07-14T01:47:57.296595+00:00,1423993495,-69.643
2026-07-14T01:47:57.296595+00:00,1423994960,-69.693
2026-07-14T01:47:57.296595+00:00,1423996425,-69.647
2026-07-14T01:47:57.296595+00:00,1423997889,-69.557
2026-07-14T01:47:57.296595+00:00,1423999354,-69.495
2026-07-14T01:47:57.296595+00:00,1424000819,-69.584
2026-07-14T01:47:57.296595+00:00,1424002284,-69.606
2026-07-14T01:47:57.296595+00:00,1424003749,-69.54
2026-07-14T01:47:57.296595+00:00,1424005214,-69.53
2026-07-14T01:47:57.296595+00:00,1424006678,-69.506
2026-07-14T01:47:57.296595+00:00,1424008143,-69.49
2026-07-14T01:47:57.296595+00:00,1424009608,-69.517
2026-07-14T01:47:57.296595+00:00,1424011073,-69.536
2026-07-14T01:47:57.296595+00:00,1424012538,-69.544
2026-07-14T01:47:57.296595+00:00,1424014003,-69.549
2026-07-14T01:47:57.296595+00:00,1424015467,-69.573
2026-07-14T01:47:57.296595+00:00,1424016932,-69.5
2026-07-14T01:47:57.296595+00:00,1424018397,-69.546
2026-07-14T01:47:57.296595+00:00,1424019862,-69.505
2026-07-14T01:47:57.296595+00:00,1424021327,-69.455
2026-07-14T01:47:57.296595+00:00,1424022792,-69.458
2026-07-14T01:47:57.296595+00:00,1424024257,-69.513
2026-07-14T01:47:57.296595+00:00,1424025721,-69.489
2026-07-14T01:47:57.296595+00:00,1424027186,-69.432
2026-07-14T01:47:57.296595+00:00,1424028651,-69.427
2026-07-14T01:47:57.296595+00:00,1424030116,-69.476
2026-07-14T01:47:57.296595+00:00,1424031581,-69.414
2026-07-14T01:47:57.296595+00:00,1424033046,-69.432
2026-07-14T01:47:57.296595+00:00,1424034510,-69.494
2026-07-14T01:47:57.296595+00:00,1424035975,-69.488
2026-07-14T01:47:57.296595+00:00,1424037440,-69.447
2026-07-14T01:47:57.296595+00:00,1424038905,-69.398
2026-07-14T01:47:57.296595+00:00,1424040370,-69.447
2026-07-14T01:47:57.296595+00:00,1424041835,-69.39
2026-07-14T01:47:57.296595+00:00,1424043300,-69.415
2026-07-14T01:47:57.296595+00:00,1424044764,-69.504
2026-07-14T01:47:57.296595+00:00,1424046229,-69.444
2026-07-14T01:47:57.296595+00:00,1424047694,-69.482
2026-07-14T01:47:57.296595+00:00,1424049159,-69.398
2026-07-14T01:47:57.296595+00:00,1424050624,-69.455
2026-07-14T01:47:57.296595+00:00,1424052089,-69.432
2026-07-14T01:47:57.296595+00:00,1424053553,-69.406
2026-07-14T01:47:57.296595+00:00,1424055018,-69.388
2026-07-14T01:47:57.296595+00:00,1424056483,-69.418
2026-07-14T01:47:57.296595+00:00,1424057948,-69.417
2026-07-14T01:47:57.296595+00:00,1424059413,-69.432
2026-07-14T01:47:57.296595+00:00,1424060878,-69.459
2026-07-14T01:47:57.296595+00:00,1424062342,-69.424
2026-07-14T01:47:57.296595+00:00,1424063807,-69.367
2026-07-14T01:47:57.296595+00:00,1424065272,-69.42
2026-07-14T01:47:57.296595+00:00,1424066737,-69.447
2026-07-14T01:47:57.296595+00:00,1424068202,-69.435
2026-07-14T01:47:57.296595+00:00,1424069667,-69.433
2026-07-14T01:47:57.296595+00:00,1424071132,-69.407
2026-07-14T01:47:57.296595+00:00,1424072596,-69.437
2026-07-14T01:47:57.296595+00:00,1424074061,-69.467
2026-07-14T01:47:57.296595+00:00,1424075526,-69.446
2026-07-14T01:47:57.296595+00:00,1424076991,-69.483
2026-07-14T01:47:57.296595+00:00,1424078456,-69.439
2026-07-14T01:47:57.296595+00:00,1424079921,-69.461
2026-07-14T01:47:57.296595+00:00,1424081385,-69.517
2026-07-14T01:47:57.296595+00:00,1424082850,-69.42
2026-07-14T01:47:57.296595+00:00,1424084315,-69.451
2026-07-14T01:47:57.296595+00:00,1424085780,-69.45
2026-07-14T01:47:57.296595+00:00,1424087245,-69.48
2026-07-14T01:47:57.296595+00:00,1424088710,-69.522
2026-07-14T01:47:57.296595+00:00,1424090175,-69.522
2026-07-14T01:47:57.296595+00:00,1424091639,-69.472
2026-07-14T01:47:57.296595+00:00,1424093104,-69.435
2026-07-14T01:47:57.296595+00:00,1424094569,-69.471
2026-07-14T01:47:57.296595+00:00,1424096034,-69.5
2026-07-14T01:47:57.296595+00:00,1424097499,-69.535
2026-07-14T01:47:57.296595+00:00,1424098964,-69.537
2026-07-14T01:47:57.296595+00:00,1424100428,-69.541
2026-07-14T01:47:57.296595+00:00,1424101893,-69.543
2026-07-14T01:47:57.296595+00:00,1424103358,-69.503
2026-07-14T01:47:57.296595+00:00,1424104823,-69.51
2026-07-14T01:47:57.296595+00:00,1424106288,-69.499
2026-07-14T01:47:57.296595+00:00,1424107753,-69.528
2026-07-14T01:47:57.296595+00:00,1424109217,-69.543
2026-07-14T01:47:57.296595+00:00,1424110682,-69.48
2026-07-14T01:47:57.296595+00:00,1424112147,-69.484
2026-07-14T01:47:57.296595+00:00,1424113612,-69.534
2026-07-14T01:47:57.296595+00:00,1424115077,-69.592
2026-07-14T01:47:57.296595+00:00,1424116542,-69.604
2026-07-14T01:47:57.296595+00:00,1424118007,-69.64
2026-07-14T01:47:57.296595+00:00,1424119471,-69.658
2026-07-14T01:47:57.296595+00:00,1424120936,-69.678
2026-07-14T01:47:57.296595+00:00,1424122401,-69.692
2026-07-14T01:47:57.296595+00:00,1424123866,-69.664
2026-07-14T01:47:57.296595+00:00,1424125331,-69.657
2026-07-14T01:47:57.296595+00:00,1424126796,-69.672
2026-07-14T01:47:57.296595+00:00,1424128260,-69.681
2026-07-14T01:47:57.296595+00:00,1424129725,-69.725
2026-07-14T01:47:57.296595+00:00,1424131190,-69.718
2026-07-14T01:47:57.296595+00:00,1424132655,-69.741
2026-07-14T01:47:57.296595+00:00,1424134120,-69.781
2026-07-14T01:47:57.296595+00:00,1424135585,-69.78
2026-07-14T01:47:57.296595+00:00,1424137050,-69.749
2026-07-14T01:47:57.296595+00:00,1424138514,-69.75
2026-07-14T01:47:57.296595+00:00,1424139979,-69.785
2026-07-14T01:47:57.296595+00:00,1424141444,-69.872
2026-07-14T01:47:57.296595+00:00,1424142909,-69.928
2026-07-14T01:47:57.296595+00:00,1424144374,-69.926
2026-07-14T01:47:57.296595+00:00,1424145839,-69.909
2026-07-14T01:47:57.296595+00:00,1424147303,-69.875
2026-07-14T01:47:57.296595+00:00,1424148768,-69.974
2026-07-14T01:47:57.296595+00:00,1424150233,-69.984
2026-07-14T01:47:57.296595+00:00,1424151698,-70.021
2026-07-14T01:47:57.296595+00:00,1424153163,-69.986
2026-07-14T01:47:57.296595+00:00,1424154628,-70.037
2026-07-14T01:47:57.296595+00:00,1424156092,-70.092
2026-07-14T01:47:57.296595+00:00,1424157557,-70.1
2026-07-14T01:47:57.296595+00:00,1424159022,-70.212
2026-07-14T01:47:57.296595+00:00,1424160487,-70.237
2026-07-14T01:47:57.296595+00:00,1424161952,-70.103
2026-07-14T01:47:57.296595+00:00,1424163417,-70.116
2026-07-14T01:47:57.296595+00:00,1424164882,-70.207
2026-07-14T01:47:57.296595+00:00,1424166346,-70.197
2026-07-14T01:47:57.296595+00:00,1424167811,-70.216
2026-07-14T01:47:57.296595+00:00,1424169276,-70.274
2026-07-14T01:47:57.296595+00:00,1424170741,-70.341
2026-07-14T01:47:57.296595+00:00,1424172206,-70.385
2026-07-14T01:47:57.296595+00:00,1424173671,-70.418
2026-07-14T01:47:57.296595+00:00,1424175135,-70.434
2026-07-14T01:47:57.296595+00:00,1424176600,-70.506
2026-07-14T01:47:57.296595+00:00,1424178065,-70.503
2026-07-14T01:47:57.296595+00:00,1424179530,-70.489
2026-07-14T01:47:57.296595+00:00,1424180995,-70.575
2026-07-14T01:47:57.296595+00:00,1424182460,-70.607
2026-07-14T01:47:57.296595+00:00,1424183925,-70.631
2026-07-14T01:47:57.296595+00:00,1424185389,-70.659
2026-07-14T01:47:57.296595+00:00,1424186854,-70.704
2026-07-14T01:47:57.296595+00:00,1424188319,-70.788
2026-07-14T01:47:57.296595+00:00,1424189784,-70.812
2026-07-14T01:47:57.296595+00:00,1424191249,-70.74
2026-07-14T01:47:57.296595+00:00,1424192714,-70.785
2026-07-14T01:47:57.296595+00:00,1424194178,-70.901
2026-07-14T01:47:57.296595+00:00,1424195643,-70.917
2026-07-14T01:47:57.296595+00:00,1424197108,-70.947
2026-07-14T01:47:57.296595+00:00,1424198573,-71.043
2026-07-14T01:47:57.296595+00:00,1424200038,-71.093
2026-07-14T01:47:57.296595+00:00,1424201503,-71.205
2026-07-14T01:47:57.296595+00:00,1424202967,-71.163
2026-07-14T01:47:57.296595+00:00,1424204432,-71.17
2026-07-14T01:47:57.296595+00:00,1424205897,-71.155
2026-07-14T01:47:57.296595+00:00,1424207362,-71.187
2026-07-14T01:47:57.296595+00:00,1424208827,-71.305
2026-07-14T01:47:57.296595+00:00,1424210292,-71.329
2026-07-14T01:47:57.296595+00:00,1424211757,-71.395
2026-07-14T01:47:57.296595+00:00,1424213221,-71.468
2026-07-14T01:47:57.296595+00:00,1424214686,-71.52
2026-07-14T01:47:57.296595+00:00,1424216151,-71.634
2026-07-14T01:47:57.296595+00:00,1424217616,-71.66
2026-07-14T01:47:57.296595+00:00,1424219081,-71.658
2026-07-14T01:47:57.296595+00:00,1424220546,-71.716
2026-07-14T01:47:57.296595+00:00,1424222010,-71.8
2026-07-14T01:47:57.296595+00:00,1424223475,-71.828
2026-07-14T01:47:57.296595+00:00,1424224940,-71.848
2026-07-14T01:47:57.296595+00:00,1424226405,-71.876
2026-07-14T01:47:57.296595+00:00,1424227870,-71.954
2026-07-14T01:47:57.296595+00:00,1424229335,-72.043
2026-07-14T01:47:57.296595+00:00,1424230800,-72.077
2026-07-14T01:47:57.296595+00:00,1424232264,-72.116
2026-07-14T01:47:57.296595+00:00,1424233729,-72.113
2026-07-14T01:47:57.296595+00:00,1424235194,-72.153
2026-07-14T01:47:57.296595+00:00,1424236659,-72.261
2026-07-14T01:47:57.296595+00:00,1424238124,-72.341
2026-07-14T01:47:57.296595+00:00,1424239589,-72.388
2026-07-14T01:47:57.296595+00:00,1424241053,-72.489
2026-07-14T01:47:57.296595+00:00,1424242518,-72.486
2026-07-14T01:47:57.296595+00:00,1424243983,-72.585
2026-07-14T01:47:57.296595+00:00,1424245448,-72.641
2026-07-14T01:47:57.296595+00:00,1424246913,-72.75
2026-07-14T01:47:57.296595+00:00,1424248378,-72.798
2026-07-14T01:47:57.296595+00:00,1424249842,-72.827
2026-07-14T01:47:57.296595+00:00,1424251307,-72.893
2026-07-14T01:47:57.296595+00:00,1424252772,-73.017
2026-07-14T01:47:57.296595+00:00,1424254237,-73.093
2026-07-14T01:47:57.296595+00:00,1424255702,-73.133
2026-07-14T01:47:57.296595+00:00,1424257167,-73.27
2026-07-14T01:47:57.296595+00:00,1424258632,-73.376
2026-07-14T01:47:57.296595+00:00,1424260096,-73.394
2026-07-14T01:47:57.296595+00:00,1424261561,-73.443
2026-07-14T01:47:57.296595+00:00,1424263026,-73.474
2026-07-14T01:47:57.296595+00:00,1424264491,-73.56
2026-07-14T01:47:57.296595+00:00,1424265956,-73.701
2026-07-14T01:47:57.296595+00:00,1424267421,-73.783
2026-07-14T01:47:57.296595+00:00,1424268885,-73.816
2026-07-14T01:47:57.296595+00:00,1424270350,-73.921
2026-07-14T01:47:57.296595+00:00,1424271815,-74.059
2026-07-14T01:47:57.296595+00:00,1424273280,-74.012
2026-07-14T01:47:57.296595+00:00,1424274745,-74.123
2026-07-14T01:47:57.296595+00:00,1424276210,-74.239
2026-07-14T01:47:57.296595+00:00,1424277675,-74.328
2026-07-14T01:47:57.296595+00:00,1424279139,-74.419
2026-07-14T01:47:57.296595+00:00,1424280604,-74.445
2026-07-14T01:47:57.296595+00:00,1424282069,-74.437
2026-07-14T01:47:57.296595+00:00,1424283534,-74.591
2026-07-14T01:47:57.296595+00:00,1424284999,-74.654
2026-07-14T01:47:57.296595+00:00,1424286464,-74.756
2026-07-14T01:47:57.296595+00:00,1424287928,-74.932
2026-07-14T01:47:57.296595+00:00,1424289393,-74.976
2026-07-14T01:47:57.296595+00:00,1424290858,-75.087
2026-07-14T01:47:57.296595+00:00,1424292323,-75.168
2026-07-14T01:47:57.296595+00:00,1424293788,-75.302
2026-07-14T01:47:57.296595+00:00,1424295253,-75.4
2026-07-14T01:47:57.296595+00:00,1424296717,-75.495
2026-07-14T01:47:57.296595+00:00,1424298182,-75.63
2026-07-14T01:47:57.296595+00:00,1424299647,-75.731
2026-07-14T01:47:57.296595+00:00,1424301112,-75.849
2026-07-14T01:47:57.296595+00:00,1424302577,-75.947
2026-07-14T01:47:57.296595+00:00,1424304042,-75.994
2026-07-14T01:47:57.296595+00:00,1424305507,-76.093
2026-07-14T01:47:57.296595+00:00,1424306971,-76.21
2026-07-14T01:47:57.296595+00:00,1424308436,-76.271
2026-07-14T01:47:57.296595+00:00,1424309901,-76.456
2026-07-14T01:47:57.296595+00:00,1424311366,-76.557
2026-07-14T01:47:57.296595+00:00,1424312831,-76.646
2026-07-14T01:47:57.296595+00:00,1424314296,-76.705
2026-07-14T01:47:57.296595+00:00,1424315760,-76.887
2026-07-14T01:47:57.296595+00:00,1424317225,-77.015
2026-07-14T01:47:57.296595+00:00,1424318690,-77.128
2026-07-14T01:47:57.296595+00:00,1424320155,-77.25
2026-07-14T01:47:57.296595+00:00,1424321620,-77.361
2026-07-14T01:47:57.296595+00:00,1424323085,-77.494
2026-07-14T01:47:57.296595+00:00,1424324550,-77.604
2026-07-14T01:47:57.296595+00:00,1424326014,-77.765
2026-07-14T01:47:57.296595+00:00,1424327479,-77.897
2026-07-14T01:47:57.296595+00:00,1424328944,-78.002
2026-07-14T01:47:57.296595+00:00,1424330409,-78.149
2026-07-14T01:47:57.296595+00:00,1424331874,-78.286
2026-07-14T01:47:57.296595+00:00,1424333339,-78.348
2026-07-14T01:47:57.296595+00:00,1424334803,-78.437
2026-07-14T01:47:57.296595+00:00,1424336268,-78.589
2026-07-14T01:47:57.296595+00:00,1424337733,-78.766
2026-07-14T01:47:57.296595+00:00,1424339198,-78.93
2026-07-14T01:47:57.296595+00:00,1424340663,-79.112
2026-07-14T01:47:57.296595+00:00,1424342128,-79.199
2026-07-14T01:47:57.296595+00:00,1424343592,-79.377
2026-07-14T01:47:57.296595+00:00,1424345057,-79.568
2026-07-14T01:47:57.296595+00:00,1424346522,-79.632
2026-07-14T01:47:57.296595+00:00,1424347987,-79.761
2026-07-14T01:47:57.296595+00:00,1424349452,-79.935
2026-07-14T01:47:57.296595+00:00,1424350917,-80.069
2026-07-14T01:47:57.296595+00:00,1424352382,-80.25
2026-07-14T01:47:57.296595+00:00,1424353846,-80.426
2026-07-14T01:47:57.296595+00:00,1424355311,-80.574
2026-07-14T01:47:57.296595+00:00,1424356776,-80.719
2026-07-14T01:47:57.296595+00:00,1424358241,-80.87
2026-07-14T01:47:57.296595+00:00,1424359706,-81.056
2026-07-14T01:47:57.296595+00:00,1424361171,-81.186
2026-07-14T01:47:57.296595+00:00,1424362635,-81.354
2026-07-14T01:47:57.296595+00:00,1424364100,-81.481
2026-07-14T01:47:57.296595+00:00,1424365565,-81.636
2026-07-14T01:47:57.296595+00:00,1424367030,-81.868
2026-07-14T01:47:57.296595+00:00,1424368495,-82.046
2026-07-14T01:47:57.296595+00:00,1424369960,-82.25
2026-07-14T01:47:57.296595+00:00,1424371425,-82.391
2026-07-14T01:47:57.296595+00:00,1424372889,-82.592
2026-07-14T01:47:57.296595+00:00,1424374354,-82.745
2026-07-14T01:47:57.296595+00:00,1424375819,-82.883
2026-07-14T01:47:57.296595+00:00,1424377284,-83.03
2026-07-14T01:47:57.296595+00:00,1424378749,-83.232
2026-07-14T01:47:57.296595+00:00,1424380214,-83.384
2026-07-14T01:47:57.296595+00:00,1424381678,-83.529
2026-07-14T01:47:57.296595+00:00,1424383143,-83.789
2026-07-14T01:47:57.296595+00:00,1424384608,-83.995
2026-07-14T01:47:57.296595+00:00,1424386073,-84.181
2026-07-14T01:47:57.296595+00:00,1424387538,-84.375
2026-07-14T01:47:57.296595+00:00,1424389003,-84.51
2026-07-14T01:47:57.296595+00:00,1424390467,-84.669
2026-07-14T01:47:57.296595+00:00,1424391932,-84.913
2026-07-14T01:47:57.296595+00:00,1424393397,-85.171
2026-07-14T01:47:57.296595+00:00,1424394862,-85.35
2026-07-14T01:47:57.296595+00:00,1424396327,-85.491
2026-07-14T01:47:57.296595+00:00,1424397792,-85.669
2026-07-14T01:47:57.296595+00:00,1424399257,-85.883
2026-07-14T01:47:57.296595+00:00,1424400721,-86.085
2026-07-14T01:47:57.296595+00:00,1424402186,-86.281
2026-07-14T01:47:57.296595+00:00,1424403651,-86.468
2026-07-14T01:47:57.296595+00:00,1424405116,-86.66
2026-07-14T01:47:57.296595+00:00,1424406581,-86.855
2026-07-14T01:47:57.296595+00:00,1424408046,-87.101
2026-07-14T01:47:57.296595+00:00,1424409510,-87.279
2026-07-14T01:47:57.296595+00:00,1424410975,-87.451
2026-07-14T01:47:57.296595+00:00,1424412440,-87.6
2026-07-14T01:47:57.296595+00:00,1424413905,-87.704
2026-07-14T01:47:57.296595+00:00,1424415370,-87.945
2026-07-14T01:47:57.296595+00:00,1424416835,-88.104
2026-07-14T01:47:57.296595+00:00,1424418300,-88.252
2026-07-14T01:47:57.296595+00:00,1424419764,-88.434
2026-07-14T01:47:57.296595+00:00,1424421229,-88.602
2026-07-14T01:47:57.296595+00:00,1424422694,-88.765
2026-07-14T01:47:57.296595+00:00,1424424159,-88.911
2026-07-14T01:47:57.296595+00:00,1424425624,-89.048
2026-07-14T01:47:57.296595+00:00,1424427089,-89.159
2026-07-14T01:47:57.296595+00:00,1424428553,-89.357
2026-07-14T01:47:57.296595+00:00,1424430018,-89.377
2026-07-14T01:47:57.296595+00:00,1424431483,-89.584
2026-07-14T01:47:57.296595+00:00,1424432948,-89.731
2026-07-14T01:47:57.296595+00:00,1424434413,-89.825
2026-07-14T01:47:57.296595+00:00,1424435878,-89.841
2026-07-14T01:47:57.296595+00:00,1424437342,-89.962
2026-07-14T01:47:57.296595+00:00,1424438807,-90.116
2026-07-14T01:47:57.296595+00:00,1424440272,-90.111
2026-07-14T01:47:57.296595+00:00,1424441737,-90.163
2026-07-14T01:47:57.296595+00:00,1424443202,-90.24
2026-07-14T01:47:57.296595+00:00,1424444667,-90.27
2026-07-14T01:47:57.296595+00:00,1424446132,-90.241
2026-07-14T01:47:57.296595+00:00,1424447596,-90.267
2026-07-14T01:47:57.296595+00:00,1424449061,-90.32
2026-07-14T01:47:57.296595+00:00,1424450526,-90.313
2026-07-14T01:47:57.296595+00:00,1424451991,-90.297
2026-07-14T01:47:57.296595+00:00,1424453456,-90.346
2026-07-14T01:47:57.296595+00:00,1424454921,-90.271
2026-07-14T01:47:57.296595+00:00,1424456385,-90.254
2026-07-14T01:47:57.296595+00:00,1424457850,-90.207
2026-07-14T01:47:57.296595+00:00,1424459315,-90.225
2026-07-14T01:47:57.296595+00:00,1424460780,-90.161
2026-07-14T01:47:57.296595+00:00,1424462245,-90.071
2026-07-14T01:47:57.296595+00:00,1424463710,-90.086
2026-07-14T01:47:57.296595+00:00,1424465175,-90.06
2026-07-14T01:47:57.296595+00:00,1424466639,-90.022
2026-07-14T01:47:57.296595+00:00,1424468104,-89.943
2026-07-14T01:47:57.296595+00:00,1424469569,-89.905
2026-07-14T01:47:57.296595+00:00,1424471034,-89.827
2026-07-14T01:47:57.296595+00:00,1424472499,-89.783
2026-07-14T01:47:57.296595+00:00,1424473964,-89.742
2026-07-14T01:47:57.296595+00:00,1424475428,-89.639
2026-07-14T01:47:57.296595+00:00,1424476893,-89.547
2026-07-14T01:47:57.296595+00:00,1424478358,-89.471
2026-07-14T01:47:57.296595+00:00,1424479823,-89.366
2026-07-14T01:47:57.296595+00:00,1424481288,-89.397
2026-07-14T01:47:57.296595+00:00,1424482753,-89.368
2026-07-14T01:47:57.296595+00:00,1424484217,-89.212
2026-07-14T01:47:57.296595+00:00,1424485682,-89.12
2026-07-14T01:47:57.296595+00:00,1424487147,-89.085
2026-07-14T01:47:57.296595+00:00,1424488612,-89.04
2026-07-14T01:47:57.296595+00:00,1424490077,-88.937
2026-07-14T01:47:57.296595+00:00,1424491542,-88.902
2026-07-14T01:47:57.296595+00:00,1424493007,-88.859
2026-07-14T01:47:57.296595+00:00,1424494471,-88.701
2026-07-14T01:47:57.296595+00:00,1424495936,-88.668
2026-07-14T01:47:57.296595+00:00,1424497401,-88.654
2026-07-14T01:47:57.296595+00:00,1424498866,-88.57
2026-07-14T01:47:57.296595+00:00,1424500331,-88.511
2026-07-14T01:47:57.296595+00:00,1424501796,-88.441
2026-07-14T01:47:57.296595+00:00,1424503260,-88.387
2026-07-14T01:47:57.296595+00:00,1424504725,-88.343
2026-07-14T01:47:57.296595+00:00,1424506190,-88.3
2026-07-14T01:47:57.296595+00:00,1424507655,-88.209
2026-07-14T01:47:57.296595+00:00,1424509120,-88.133
2026-07-14T01:47:57.296595+00:00,1424510585,-88.056
2026-07-14T01:47:57.296595+00:00,1424512050,-87.987
2026-07-14T01:47:57.296595+00:00,1424513514,-87.982
2026-07-14T01:47:57.296595+00:00,1424514979,-87.935
2026-07-14T01:47:57.296595+00:00,1424516444,-87.825
2026-07-14T01:47:57.296595+00:00,1424517909,-87.858
2026-07-14T01:47:57.296595+00:00,1424519374,-87.849
2026-07-14T01:47:57.296595+00:00,1424520839,-87.72
2026-07-14T01:47:57.296595+00:00,1424522303,-87.639
2026-07-14T01:47:57.296595+00:00,1424523768,-87.659
2026-07-14T01:47:57.296595+00:00,1424525233,-87.557
2026-07-14T01:47:57.296595+00:00,1424526698,-87.547
2026-07-14T01:47:57.296595+00:00,1424528163,-87.547
2026-07-14T01:47:57.296595+00:00,1424529628,-87.51
2026-07-14T01:47:57.296595+00:00,1424531092,-87.453
2026-07-14T01:47:57.296595+00:00,1424532557,-87.49
2026-07-14T01:47:57.296595+00:00,1424534022,-87.452
2026-07-14T01:47:57.296595+00:00,1424535487,-87.38
2026-07-14T01:47:57.296595+00:00,1424536952,-87.326
2026-07-14T01:47:57.296595+00:00,1424538417,-87.373
2026-07-14T01:47:57.296595+00:00,1424539882,-87.273
2026-07-14T01:47:57.296595+00:00,1424541346,-87.233
2026-07-14T01:47:57.296595+00:00,1424542811,-87.218
2026-07-14T01:47:57.296595+00:00,1424544276,-87.2
2026-07-14T01:47:57.296595+00:00,1424545741,-87.136
2026-07-14T01:47:57.296595+00:00,1424547206,-87.138
2026-07-14T01:47:57.296595+00:00,1424548671,-87.122
2026-07-14T01:47:57.296595+00:00,1424550135,-87.065
2026-07-14T01:47:57.296595+00:00,1424551600,-87.027
2026-07-14T01:47:57.296595+00:00,1424553065,-86.975
2026-07-14T01:47:57.296595+00:00,1424554530,-87.007
2026-07-14T01:47:57.296595+00:00,1424555995,-86.962
2026-07-14T01:47:57.296595+00:00,1424557460,-86.906
2026-07-14T01:47:57.296595+00:00,1424558925,-86.919
2026-07-14T01:47:57.296595+00:00,1424560389,-86.927
2026-07-14T01:47:57.296595+00:00,1424561854,-86.889
2026-07-14T01:47:57.296595+00:00,1424563319,-86.809
2026-07-14T01:47:57.296595+00:00,1424564784,-86.826
2026-07-14T01:47:57.296595+00:00,1424566249,-86.889
2026-07-14T01:47:57.296595+00:00,1424567714,-86.84
2026-07-14T01:47:57.296595+00:00,1424569178,-86.781
2026-07-14T01:47:57.296595+00:00,1424570643,-86.764
2026-07-14T01:47:57.296595+00:00,1424572108,-86.756
2026-07-14T01:47:57.296595+00:00,1424573573,-86.803
2026-07-14T01:47:57.296595+00:00,1424575038,-86.769
2026-07-14T01:47:57.296595+00:00,1424576503,-86.723
2026-07-14T01:47:57.296595+00:00,1424577967,-86.784
2026-07-14T01:47:57.296595+00:00,1424579432,-86.743
2026-07-14T01:47:57.296595+00:00,1424580897,-86.72
2026-07-14T01:47:57.296595+00:00,1424582362,-86.71
2026-07-14T01:47:57.296595+00:00,1424583827,-86.678
2026-07-14T01:47:57.296595+00:00,1424585292,-86.686
2026-07-14T01:47:57.296595+00:00,1424586757,-86.711
2026-07-14T01:47:57.296595+00:00,1424588221,-86.755
2026-07-14T01:47:57.296595+00:00,1424589686,-86.71
2026-07-14T01:47:57.296595+00:00,1424591151,-86.633
2026-07-14T01:47:57.296595+00:00,1424592616,-86.609
2026-07-14T01:47:57.296595+00:00,1424594081,-86.717
2026-07-14T01:47:57.296595+00:00,1424595546,-86.713
2026-07-14T01:47:57.296595+00:00,1424597010,-86.68
2026-07-14T01:47:57.296595+00:00,1424598475,-86.705
2026-07-14T01:47:57.296595+00:00,1424599940,-86.653
2026-07-14T01:47:57.296595+00:00,1424601405,-86.687
2026-07-14T01:47:57.296595+00:00,1424602870,-86.732
2026-07-14T01:47:57.296595+00:00,1424604335,-86.627
