timestamp_utc,frequency_hz,power_db_smoothed
2026-07-14T18:45:59.812595+00:00,1418605800,-86.984
2026-07-14T18:45:59.812595+00:00,1418607264,-86.982
2026-07-14T18:45:59.812595+00:00,1418608729,-86.971
2026-07-14T18:45:59.812595+00:00,1418610194,-86.972
2026-07-14T18:45:59.812595+00:00,1418611659,-87.01
2026-07-14T18:45:59.812595+00:00,1418613124,-86.998
2026-07-14T18:45:59.812595+00:00,1418614589,-87.043
2026-07-14T18:45:59.812595+00:00,1418616053,-87.157
2026-07-14T18:45:59.812595+00:00,1418617518,-87.055
2026-07-14T18:45:59.812595+00:00,1418618983,-86.99
2026-07-14T18:45:59.812595+00:00,1418620448,-87.031
2026-07-14T18:45:59.812595+00:00,1418621913,-86.99
2026-07-14T18:45:59.812595+00:00,1418623378,-86.973
2026-07-14T18:45:59.812595+00:00,1418624842,-86.945
2026-07-14T18:45:59.812595+00:00,1418626307,-87.001
2026-07-14T18:45:59.812595+00:00,1418627772,-87.019
2026-07-14T18:45:59.812595+00:00,1418629237,-87.062
2026-07-14T18:45:59.812595+00:00,1418630702,-87.021
2026-07-14T18:45:59.812595+00:00,1418632167,-87.133
2026-07-14T18:45:59.812595+00:00,1418633632,-87.143
2026-07-14T18:45:59.812595+00:00,1418635096,-87.027
2026-07-14T18:45:59.812595+00:00,1418636561,-87.086
2026-07-14T18:45:59.812595+00:00,1418638026,-87.167
2026-07-14T18:45:59.812595+00:00,1418639491,-87.174
2026-07-14T18:45:59.812595+00:00,1418640956,-87.104
2026-07-14T18:45:59.812595+00:00,1418642421,-87.078
2026-07-14T18:45:59.812595+00:00,1418643885,-87.097
2026-07-14T18:45:59.812595+00:00,1418645350,-87.09
2026-07-14T18:45:59.812595+00:00,1418646815,-87.165
2026-07-14T18:45:59.812595+00:00,1418648280,-87.238
2026-07-14T18:45:59.812595+00:00,1418649745,-87.184
2026-07-14T18:45:59.812595+00:00,1418651210,-87.203
2026-07-14T18:45:59.812595+00:00,1418652675,-87.244
2026-07-14T18:45:59.812595+00:00,1418654139,-87.307
2026-07-14T18:45:59.812595+00:00,1418655604,-87.276
2026-07-14T18:45:59.812595+00:00,1418657069,-87.273
2026-07-14T18:45:59.812595+00:00,1418658534,-87.345
2026-07-14T18:45:59.812595+00:00,1418659999,-87.298
2026-07-14T18:45:59.812595+00:00,1418661464,-87.341
2026-07-14T18:45:59.812595+00:00,1418662928,-87.312
2026-07-14T18:45:59.812595+00:00,1418664393,-87.412
2026-07-14T18:45:59.812595+00:00,1418665858,-87.393
2026-07-14T18:45:59.812595+00:00,1418667323,-87.464
2026-07-14T18:45:59.812595+00:00,1418668788,-87.503
2026-07-14T18:45:59.812595+00:00,1418670253,-87.522
2026-07-14T18:45:59.812595+00:00,1418671717,-87.57
2026-07-14T18:45:59.812595+00:00,1418673182,-87.598
2026-07-14T18:45:59.812595+00:00,1418674647,-87.624
2026-07-14T18:45:59.812595+00:00,1418676112,-87.667
2026-07-14T18:45:59.812595+00:00,1418677577,-87.695
2026-07-14T18:45:59.812595+00:00,1418679042,-87.741
2026-07-14T18:45:59.812595+00:00,1418680507,-87.705
2026-07-14T18:45:59.812595+00:00,1418681971,-87.769
2026-07-14T18:45:59.812595+00:00,1418683436,-87.885
2026-07-14T18:45:59.812595+00:00,1418684901,-87.923
2026-07-14T18:45:59.812595+00:00,1418686366,-87.921
2026-07-14T18:45:59.812595+00:00,1418687831,-87.932
2026-07-14T18:45:59.812595+00:00,1418689296,-88.006
2026-07-14T18:45:59.812595+00:00,1418690760,-88.065
2026-07-14T18:45:59.812595+00:00,1418692225,-88.107
2026-07-14T18:45:59.812595+00:00,1418693690,-88.197
2026-07-14T18:45:59.812595+00:00,1418695155,-88.221
2026-07-14T18:45:59.812595+00:00,1418696620,-88.235
2026-07-14T18:45:59.812595+00:00,1418698085,-88.306
2026-07-14T18:45:59.812595+00:00,1418699550,-88.39
2026-07-14T18:45:59.812595+00:00,1418701014,-88.411
2026-07-14T18:45:59.812595+00:00,1418702479,-88.494
2026-07-14T18:45:59.812595+00:00,1418703944,-88.513
2026-07-14T18:45:59.812595+00:00,1418705409,-88.534
2026-07-14T18:45:59.812595+00:00,1418706874,-88.586
2026-07-14T18:45:59.812595+00:00,1418708339,-88.621
2026-07-14T18:45:59.812595+00:00,1418709803,-88.694
2026-07-14T18:45:59.812595+00:00,1418711268,-88.721
2026-07-14T18:45:59.812595+00:00,1418712733,-88.795
2026-07-14T18:45:59.812595+00:00,1418714198,-88.924
2026-07-14T18:45:59.812595+00:00,1418715663,-88.953
2026-07-14T18:45:59.812595+00:00,1418717128,-88.983
2026-07-14T18:45:59.812595+00:00,1418718592,-89.091
2026-07-14T18:45:59.812595+00:00,1418720057,-89.182
2026-07-14T18:45:59.812595+00:00,1418721522,-89.233
2026-07-14T18:45:59.812595+00:00,1418722987,-89.231
2026-07-14T18:45:59.812595+00:00,1418724452,-89.354
2026-07-14T18:45:59.812595+00:00,1418725917,-89.472
2026-07-14T18:45:59.812595+00:00,1418727382,-89.541
2026-07-14T18:45:59.812595+00:00,1418728846,-89.618
2026-07-14T18:45:59.812595+00:00,1418730311,-89.638
2026-07-14T18:45:59.812595+00:00,1418731776,-89.676
2026-07-14T18:45:59.812595+00:00,1418733241,-89.849
2026-07-14T18:45:59.812595+00:00,1418734706,-89.858
2026-07-14T18:45:59.812595+00:00,1418736171,-89.943
2026-07-14T18:45:59.812595+00:00,1418737635,-89.986
2026-07-14T18:45:59.812595+00:00,1418739100,-89.97
2026-07-14T18:45:59.812595+00:00,1418740565,-89.993
2026-07-14T18:45:59.812595+00:00,1418742030,-90.099
2026-07-14T18:45:59.812595+00:00,1418743495,-90.197
2026-07-14T18:45:59.812595+00:00,1418744960,-90.252
2026-07-14T18:45:59.812595+00:00,1418746425,-90.304
2026-07-14T18:45:59.812595+00:00,1418747889,-90.281
2026-07-14T18:45:59.812595+00:00,1418749354,-90.318
2026-07-14T18:45:59.812595+00:00,1418750819,-90.343
2026-07-14T18:45:59.812595+00:00,1418752284,-90.378
2026-07-14T18:45:59.812595+00:00,1418753749,-90.409
2026-07-14T18:45:59.812595+00:00,1418755214,-90.397
2026-07-14T18:45:59.812595+00:00,1418756678,-90.447
2026-07-14T18:45:59.812595+00:00,1418758143,-90.472
2026-07-14T18:45:59.812595+00:00,1418759608,-90.516
2026-07-14T18:45:59.812595+00:00,1418761073,-90.572
2026-07-14T18:45:59.812595+00:00,1418762538,-90.501
2026-07-14T18:45:59.812595+00:00,1418764003,-90.46
2026-07-14T18:45:59.812595+00:00,1418765467,-90.478
2026-07-14T18:45:59.812595+00:00,1418766932,-90.411
2026-07-14T18:45:59.812595+00:00,1418768397,-90.284
2026-07-14T18:45:59.812595+00:00,1418769862,-90.175
2026-07-14T18:45:59.812595+00:00,1418771327,-90.182
2026-07-14T18:45:59.812595+00:00,1418772792,-90.195
2026-07-14T18:45:59.812595+00:00,1418774257,-90.118
2026-07-14T18:45:59.812595+00:00,1418775721,-89.999
2026-07-14T18:45:59.812595+00:00,1418777186,-89.967
2026-07-14T18:45:59.812595+00:00,1418778651,-89.802
2026-07-14T18:45:59.812595+00:00,1418780116,-89.694
2026-07-14T18:45:59.812595+00:00,1418781581,-89.592
2026-07-14T18:45:59.812595+00:00,1418783046,-89.523
2026-07-14T18:45:59.812595+00:00,1418784510,-89.401
2026-07-14T18:45:59.812595+00:00,1418785975,-89.189
2026-07-14T18:45:59.812595+00:00,1418787440,-89.07
2026-07-14T18:45:59.812595+00:00,1418788905,-88.922
2026-07-14T18:45:59.812595+00:00,1418790370,-88.777
2026-07-14T18:45:59.812595+00:00,1418791835,-88.619
2026-07-14T18:45:59.812595+00:00,1418793300,-88.426
2026-07-14T18:45:59.812595+00:00,1418794764,-88.266
2026-07-14T18:45:59.812595+00:00,1418796229,-88.12
2026-07-14T18:45:59.812595+00:00,1418797694,-87.916
2026-07-14T18:45:59.812595+00:00,1418799159,-87.761
2026-07-14T18:45:59.812595+00:00,1418800624,-87.637
2026-07-14T18:45:59.812595+00:00,1418802089,-87.377
2026-07-14T18:45:59.812595+00:00,1418803553,-87.218
2026-07-14T18:45:59.812595+00:00,1418805018,-87.048
2026-07-14T18:45:59.812595+00:00,1418806483,-86.871
2026-07-14T18:45:59.812595+00:00,1418807948,-86.626
2026-07-14T18:45:59.812595+00:00,1418809413,-86.514
2026-07-14T18:45:59.812595+00:00,1418810878,-86.23
2026-07-14T18:45:59.812595+00:00,1418812342,-86.031
2026-07-14T18:45:59.812595+00:00,1418813807,-85.854
2026-07-14T18:45:59.812595+00:00,1418815272,-85.663
2026-07-14T18:45:59.812595+00:00,1418816737,-85.466
2026-07-14T18:45:59.812595+00:00,1418818202,-85.26
2026-07-14T18:45:59.812595+00:00,1418819667,-85.087
2026-07-14T18:45:59.812595+00:00,1418821132,-84.892
2026-07-14T18:45:59.812595+00:00,1418822596,-84.74
2026-07-14T18:45:59.812595+00:00,1418824061,-84.585
2026-07-14T18:45:59.812595+00:00,1418825526,-84.34
2026-07-14T18:45:59.812595+00:00,1418826991,-84.192
2026-07-14T18:45:59.812595+00:00,1418828456,-84.028
2026-07-14T18:45:59.812595+00:00,1418829921,-83.818
2026-07-14T18:45:59.812595+00:00,1418831385,-83.655
2026-07-14T18:45:59.812595+00:00,1418832850,-83.512
2026-07-14T18:45:59.812595+00:00,1418834315,-83.25
2026-07-14T18:45:59.812595+00:00,1418835780,-83.094
2026-07-14T18:45:59.812595+00:00,1418837245,-82.975
2026-07-14T18:45:59.812595+00:00,1418838710,-82.764
2026-07-14T18:45:59.812595+00:00,1418840175,-82.557
2026-07-14T18:45:59.812595+00:00,1418841639,-82.399
2026-07-14T18:45:59.812595+00:00,1418843104,-82.229
2026-07-14T18:45:59.812595+00:00,1418844569,-82.103
2026-07-14T18:45:59.812595+00:00,1418846034,-81.897
2026-07-14T18:45:59.812595+00:00,1418847499,-81.685
2026-07-14T18:45:59.812595+00:00,1418848964,-81.584
2026-07-14T18:45:59.812595+00:00,1418850428,-81.403
2026-07-14T18:45:59.812595+00:00,1418851893,-81.256
2026-07-14T18:45:59.812595+00:00,1418853358,-81.078
2026-07-14T18:45:59.812595+00:00,1418854823,-80.915
2026-07-14T18:45:59.812595+00:00,1418856288,-80.728
2026-07-14T18:45:59.812595+00:00,1418857753,-80.604
2026-07-14T18:45:59.812595+00:00,1418859217,-80.471
2026-07-14T18:45:59.812595+00:00,1418860682,-80.352
2026-07-14T18:45:59.812595+00:00,1418862147,-80.161
2026-07-14T18:45:59.812595+00:00,1418863612,-80.066
2026-07-14T18:45:59.812595+00:00,1418865077,-79.929
2026-07-14T18:45:59.812595+00:00,1418866542,-79.769
2026-07-14T18:45:59.812595+00:00,1418868007,-79.665
2026-07-14T18:45:59.812595+00:00,1418869471,-79.517
2026-07-14T18:45:59.812595+00:00,1418870936,-79.364
2026-07-14T18:45:59.812595+00:00,1418872401,-79.221
2026-07-14T18:45:59.812595+00:00,1418873866,-79.114
2026-07-14T18:45:59.812595+00:00,1418875331,-78.934
2026-07-14T18:45:59.812595+00:00,1418876796,-78.749
2026-07-14T18:45:59.812595+00:00,1418878260,-78.684
2026-07-14T18:45:59.812595+00:00,1418879725,-78.618
2026-07-14T18:45:59.812595+00:00,1418881190,-78.477
2026-07-14T18:45:59.812595+00:00,1418882655,-78.38
2026-07-14T18:45:59.812595+00:00,1418884120,-78.11
2026-07-14T18:45:59.812595+00:00,1418885585,-77.995
2026-07-14T18:45:59.812595+00:00,1418887050,-77.897
2026-07-14T18:45:59.812595+00:00,1418888514,-77.786
2026-07-14T18:45:59.812595+00:00,1418889979,-77.648
2026-07-14T18:45:59.812595+00:00,1418891444,-77.482
2026-07-14T18:45:59.812595+00:00,1418892909,-77.361
2026-07-14T18:45:59.812595+00:00,1418894374,-77.301
2026-07-14T18:45:59.812595+00:00,1418895839,-77.222
2026-07-14T18:45:59.812595+00:00,1418897303,-77.042
2026-07-14T18:45:59.812595+00:00,1418898768,-76.933
2026-07-14T18:45:59.812595+00:00,1418900233,-76.842
2026-07-14T18:45:59.812595+00:00,1418901698,-76.74
2026-07-14T18:45:59.812595+00:00,1418903163,-76.618
2026-07-14T18:45:59.812595+00:00,1418904628,-76.495
2026-07-14T18:45:59.812595+00:00,1418906092,-76.429
2026-07-14T18:45:59.812595+00:00,1418907557,-76.374
2026-07-14T18:45:59.812595+00:00,1418909022,-76.157
2026-07-14T18:45:59.812595+00:00,1418910487,-76.094
2026-07-14T18:45:59.812595+00:00,1418911952,-76.063
2026-07-14T18:45:59.812595+00:00,1418913417,-75.936
2026-07-14T18:45:59.812595+00:00,1418914882,-75.747
2026-07-14T18:45:59.812595+00:00,1418916346,-75.694
2026-07-14T18:45:59.812595+00:00,1418917811,-75.564
2026-07-14T18:45:59.812595+00:00,1418919276,-75.454
2026-07-14T18:45:59.812595+00:00,1418920741,-75.425
2026-07-14T18:45:59.812595+00:00,1418922206,-75.348
2026-07-14T18:45:59.812595+00:00,1418923671,-75.224
2026-07-14T18:45:59.812595+00:00,1418925135,-75.099
2026-07-14T18:45:59.812595+00:00,1418926600,-75.087
2026-07-14T18:45:59.812595+00:00,1418928065,-74.99
2026-07-14T18:45:59.812595+00:00,1418929530,-74.876
2026-07-14T18:45:59.812595+00:00,1418930995,-74.752
2026-07-14T18:45:59.812595+00:00,1418932460,-74.685
2026-07-14T18:45:59.812595+00:00,1418933925,-74.661
2026-07-14T18:45:59.812595+00:00,1418935389,-74.536
2026-07-14T18:45:59.812595+00:00,1418936854,-74.423
2026-07-14T18:45:59.812595+00:00,1418938319,-74.36
2026-07-14T18:45:59.812595+00:00,1418939784,-74.257
2026-07-14T18:45:59.812595+00:00,1418941249,-74.195
2026-07-14T18:45:59.812595+00:00,1418942714,-74.143
2026-07-14T18:45:59.812595+00:00,1418944178,-74.041
2026-07-14T18:45:59.812595+00:00,1418945643,-73.945
2026-07-14T18:45:59.812595+00:00,1418947108,-73.894
2026-07-14T18:45:59.812595+00:00,1418948573,-73.834
2026-07-14T18:45:59.812595+00:00,1418950038,-73.684
2026-07-14T18:45:59.812595+00:00,1418951503,-73.614
2026-07-14T18:45:59.812595+00:00,1418952967,-73.542
2026-07-14T18:45:59.812595+00:00,1418954432,-73.498
2026-07-14T18:45:59.812595+00:00,1418955897,-73.468
2026-07-14T18:45:59.812595+00:00,1418957362,-73.361
2026-07-14T18:45:59.812595+00:00,1418958827,-73.226
2026-07-14T18:45:59.812595+00:00,1418960292,-73.187
2026-07-14T18:45:59.812595+00:00,1418961757,-73.177
2026-07-14T18:45:59.812595+00:00,1418963221,-73.098
2026-07-14T18:45:59.812595+00:00,1418964686,-73.075
2026-07-14T18:45:59.812595+00:00,1418966151,-73.024
2026-07-14T18:45:59.812595+00:00,1418967616,-72.933
2026-07-14T18:45:59.812595+00:00,1418969081,-72.837
2026-07-14T18:45:59.812595+00:00,1418970546,-72.733
2026-07-14T18:45:59.812595+00:00,1418972010,-72.735
2026-07-14T18:45:59.812595+00:00,1418973475,-72.657
2026-07-14T18:45:59.812595+00:00,1418974940,-72.62
2026-07-14T18:45:59.812595+00:00,1418976405,-72.574
2026-07-14T18:45:59.812595+00:00,1418977870,-72.528
2026-07-14T18:45:59.812595+00:00,1418979335,-72.461
2026-07-14T18:45:59.812595+00:00,1418980800,-72.397
2026-07-14T18:45:59.812595+00:00,1418982264,-72.344
2026-07-14T18:45:59.812595+00:00,1418983729,-72.222
2026-07-14T18:45:59.812595+00:00,1418985194,-72.194
2026-07-14T18:45:59.812595+00:00,1418986659,-72.215
2026-07-14T18:45:59.812595+00:00,1418988124,-72.066
2026-07-14T18:45:59.812595+00:00,1418989589,-71.992
2026-07-14T18:45:59.812595+00:00,1418991053,-71.999
2026-07-14T18:45:59.812595+00:00,1418992518,-71.993
2026-07-14T18:45:59.812595+00:00,1418993983,-71.897
2026-07-14T18:45:59.812595+00:00,1418995448,-71.856
2026-07-14T18:45:59.812595+00:00,1418996913,-71.795
2026-07-14T18:45:59.812595+00:00,1418998378,-71.732
2026-07-14T18:45:59.812595+00:00,1418999842,-71.695
2026-07-14T18:45:59.812595+00:00,1419001307,-71.565
2026-07-14T18:45:59.812595+00:00,1419002772,-71.547
2026-07-14T18:45:59.812595+00:00,1419004237,-71.543
2026-07-14T18:45:59.812595+00:00,1419005702,-71.56
2026-07-14T18:45:59.812595+00:00,1419007167,-71.444
2026-07-14T18:45:59.812595+00:00,1419008632,-71.371
2026-07-14T18:45:59.812595+00:00,1419010096,-71.35
2026-07-14T18:45:59.812595+00:00,1419011561,-71.394
2026-07-14T18:45:59.812595+00:00,1419013026,-71.268
2026-07-14T18:45:59.812595+00:00,1419014491,-71.24
2026-07-14T18:45:59.812595+00:00,1419015956,-71.223
2026-07-14T18:45:59.812595+00:00,1419017421,-71.176
2026-07-14T18:45:59.812595+00:00,1419018885,-71.161
2026-07-14T18:45:59.812595+00:00,1419020350,-71.118
2026-07-14T18:45:59.812595+00:00,1419021815,-71.097
2026-07-14T18:45:59.812595+00:00,1419023280,-71.07
2026-07-14T18:45:59.812595+00:00,1419024745,-71.016
2026-07-14T18:45:59.812595+00:00,1419026210,-70.975
2026-07-14T18:45:59.812595+00:00,1419027675,-70.89
2026-07-14T18:45:59.812595+00:00,1419029139,-70.942
2026-07-14T18:45:59.812595+00:00,1419030604,-70.948
2026-07-14T18:45:59.812595+00:00,1419032069,-70.844
2026-07-14T18:45:59.812595+00:00,1419033534,-70.784
2026-07-14T18:45:59.812595+00:00,1419034999,-70.747
2026-07-14T18:45:59.812595+00:00,1419036464,-70.756
2026-07-14T18:45:59.812595+00:00,1419037928,-70.711
2026-07-14T18:45:59.812595+00:00,1419039393,-70.591
2026-07-14T18:45:59.812595+00:00,1419040858,-70.619
2026-07-14T18:45:59.812595+00:00,1419042323,-70.656
2026-07-14T18:45:59.812595+00:00,1419043788,-70.583
2026-07-14T18:45:59.812595+00:00,1419045253,-70.525
2026-07-14T18:45:59.812595+00:00,1419046717,-70.527
2026-07-14T18:45:59.812595+00:00,1419048182,-70.491
2026-07-14T18:45:59.812595+00:00,1419049647,-70.47
2026-07-14T18:45:59.812595+00:00,1419051112,-70.475
2026-07-14T18:45:59.812595+00:00,1419052577,-70.491
2026-07-14T18:45:59.812595+00:00,1419054042,-70.405
2026-07-14T18:45:59.812595+00:00,1419055507,-70.416
2026-07-14T18:45:59.812595+00:00,1419056971,-70.455
2026-07-14T18:45:59.812595+00:00,1419058436,-70.377
2026-07-14T18:45:59.812595+00:00,1419059901,-70.312
2026-07-14T18:45:59.812595+00:00,1419061366,-70.353
2026-07-14T18:45:59.812595+00:00,1419062831,-70.259
2026-07-14T18:45:59.812595+00:00,1419064296,-70.236
2026-07-14T18:45:59.812595+00:00,1419065760,-70.229
2026-07-14T18:45:59.812595+00:00,1419067225,-70.234
2026-07-14T18:45:59.812595+00:00,1419068690,-70.147
2026-07-14T18:45:59.812595+00:00,1419070155,-70.184
2026-07-14T18:45:59.812595+00:00,1419071620,-70.176
2026-07-14T18:45:59.812595+00:00,1419073085,-70.129
2026-07-14T18:45:59.812595+00:00,1419074550,-70.088
2026-07-14T18:45:59.812595+00:00,1419076014,-70.126
2026-07-14T18:45:59.812595+00:00,1419077479,-70.141
2026-07-14T18:45:59.812595+00:00,1419078944,-70.161
2026-07-14T18:45:59.812595+00:00,1419080409,-70.143
2026-07-14T18:45:59.812595+00:00,1419081874,-70.126
2026-07-14T18:45:59.812595+00:00,1419083339,-70.094
2026-07-14T18:45:59.812595+00:00,1419084803,-70.029
2026-07-14T18:45:59.812595+00:00,1419086268,-70.02
2026-07-14T18:45:59.812595+00:00,1419087733,-70.036
2026-07-14T18:45:59.812595+00:00,1419089198,-69.951
2026-07-14T18:45:59.812595+00:00,1419090663,-69.934
2026-07-14T18:45:59.812595+00:00,1419092128,-69.946
2026-07-14T18:45:59.812595+00:00,1419093592,-69.972
2026-07-14T18:45:59.812595+00:00,1419095057,-69.969
2026-07-14T18:45:59.812595+00:00,1419096522,-69.946
2026-07-14T18:45:59.812595+00:00,1419097987,-69.917
2026-07-14T18:45:59.812595+00:00,1419099452,-69.946
2026-07-14T18:45:59.812595+00:00,1419100917,-69.939
2026-07-14T18:45:59.812595+00:00,1419102382,-69.871
2026-07-14T18:45:59.812595+00:00,1419103846,-69.79
2026-07-14T18:45:59.812595+00:00,1419105311,-69.869
2026-07-14T18:45:59.812595+00:00,1419106776,-69.903
2026-07-14T18:45:59.812595+00:00,1419108241,-69.823
2026-07-14T18:45:59.812595+00:00,1419109706,-69.853
2026-07-14T18:45:59.812595+00:00,1419111171,-69.825
2026-07-14T18:45:59.812595+00:00,1419112635,-69.795
2026-07-14T18:45:59.812595+00:00,1419114100,-69.87
2026-07-14T18:45:59.812595+00:00,1419115565,-69.853
2026-07-14T18:45:59.812595+00:00,1419117030,-69.832
2026-07-14T18:45:59.812595+00:00,1419118495,-69.813
2026-07-14T18:45:59.812595+00:00,1419119960,-69.829
2026-07-14T18:45:59.812595+00:00,1419121425,-69.746
2026-07-14T18:45:59.812595+00:00,1419122889,-69.792
2026-07-14T18:45:59.812595+00:00,1419124354,-69.794
2026-07-14T18:45:59.812595+00:00,1419125819,-69.759
2026-07-14T18:45:59.812595+00:00,1419127284,-69.778
2026-07-14T18:45:59.812595+00:00,1419128749,-69.762
2026-07-14T18:45:59.812595+00:00,1419130214,-69.698
2026-07-14T18:45:59.812595+00:00,1419131678,-69.682
2026-07-14T18:45:59.812595+00:00,1419133143,-69.748
2026-07-14T18:45:59.812595+00:00,1419134608,-69.754
2026-07-14T18:45:59.812595+00:00,1419136073,-69.718
2026-07-14T18:45:59.812595+00:00,1419137538,-69.699
2026-07-14T18:45:59.812595+00:00,1419139003,-69.747
2026-07-14T18:45:59.812595+00:00,1419140467,-69.732
2026-07-14T18:45:59.812595+00:00,1419141932,-69.742
2026-07-14T18:45:59.812595+00:00,1419143397,-69.71
2026-07-14T18:45:59.812595+00:00,1419144862,-69.708
2026-07-14T18:45:59.812595+00:00,1419146327,-69.717
2026-07-14T18:45:59.812595+00:00,1419147792,-69.718
2026-07-14T18:45:59.812595+00:00,1419149257,-69.748
2026-07-14T18:45:59.812595+00:00,1419150721,-69.66
2026-07-14T18:45:59.812595+00:00,1419152186,-69.708
2026-07-14T18:45:59.812595+00:00,1419153651,-69.726
2026-07-14T18:45:59.812595+00:00,1419155116,-69.696
2026-07-14T18:45:59.812595+00:00,1419156581,-69.721
2026-07-14T18:45:59.812595+00:00,1419158046,-69.663
2026-07-14T18:45:59.812595+00:00,1419159510,-69.673
2026-07-14T18:45:59.812595+00:00,1419160975,-69.707
2026-07-14T18:45:59.812595+00:00,1419162440,-69.689
2026-07-14T18:45:59.812595+00:00,1419163905,-69.679
2026-07-14T18:45:59.812595+00:00,1419165370,-69.643
2026-07-14T18:45:59.812595+00:00,1419166835,-69.657
2026-07-14T18:45:59.812595+00:00,1419168300,-69.666
2026-07-14T18:45:59.812595+00:00,1419169764,-69.699
2026-07-14T18:45:59.812595+00:00,1419171229,-69.645
2026-07-14T18:45:59.812595+00:00,1419172694,-69.7
2026-07-14T18:45:59.812595+00:00,1419174159,-69.695
2026-07-14T18:45:59.812595+00:00,1419175624,-69.744
2026-07-14T18:45:59.812595+00:00,1419177089,-69.762
2026-07-14T18:45:59.812595+00:00,1419178553,-69.773
2026-07-14T18:45:59.812595+00:00,1419180018,-69.658
2026-07-14T18:45:59.812595+00:00,1419181483,-69.72
2026-07-14T18:45:59.812595+00:00,1419182948,-69.75
2026-07-14T18:45:59.812595+00:00,1419184413,-69.761
2026-07-14T18:45:59.812595+00:00,1419185878,-69.76
2026-07-14T18:45:59.812595+00:00,1419187342,-69.735
2026-07-14T18:45:59.812595+00:00,1419188807,-69.713
2026-07-14T18:45:59.812595+00:00,1419190272,-69.802
2026-07-14T18:45:59.812595+00:00,1419191737,-69.825
2026-07-14T18:45:59.812595+00:00,1419193202,-69.77
2026-07-14T18:45:59.812595+00:00,1419194667,-69.769
2026-07-14T18:45:59.812595+00:00,1419196132,-69.75
2026-07-14T18:45:59.812595+00:00,1419197596,-69.736
2026-07-14T18:45:59.812595+00:00,1419199061,-69.798
2026-07-14T18:45:59.812595+00:00,1419200526,-69.857
2026-07-14T18:45:59.812595+00:00,1419201991,-69.816
2026-07-14T18:45:59.812595+00:00,1419203456,-69.801
2026-07-14T18:45:59.812595+00:00,1419204921,-69.811
2026-07-14T18:45:59.812595+00:00,1419206385,-69.837
2026-07-14T18:45:59.812595+00:00,1419207850,-69.827
2026-07-14T18:45:59.812595+00:00,1419209315,-69.849
2026-07-14T18:45:59.812595+00:00,1419210780,-69.862
2026-07-14T18:45:59.812595+00:00,1419212245,-69.827
2026-07-14T18:45:59.812595+00:00,1419213710,-69.796
2026-07-14T18:45:59.812595+00:00,1419215175,-69.759
2026-07-14T18:45:59.812595+00:00,1419216639,-69.765
2026-07-14T18:45:59.812595+00:00,1419218104,-69.836
2026-07-14T18:45:59.812595+00:00,1419219569,-69.827
2026-07-14T18:45:59.812595+00:00,1419221034,-69.812
2026-07-14T18:45:59.812595+00:00,1419222499,-69.835
2026-07-14T18:45:59.812595+00:00,1419223964,-69.812
2026-07-14T18:45:59.812595+00:00,1419225428,-69.831
2026-07-14T18:45:59.812595+00:00,1419226893,-69.819
2026-07-14T18:45:59.812595+00:00,1419228358,-69.847
2026-07-14T18:45:59.812595+00:00,1419229823,-69.774
2026-07-14T18:45:59.812595+00:00,1419231288,-69.854
2026-07-14T18:45:59.812595+00:00,1419232753,-69.853
2026-07-14T18:45:59.812595+00:00,1419234217,-69.851
2026-07-14T18:45:59.812595+00:00,1419235682,-69.898
2026-07-14T18:45:59.812595+00:00,1419237147,-69.877
2026-07-14T18:45:59.812595+00:00,1419238612,-69.824
2026-07-14T18:45:59.812595+00:00,1419240077,-69.872
2026-07-14T18:45:59.812595+00:00,1419241542,-69.915
2026-07-14T18:45:59.812595+00:00,1419243007,-69.902
2026-07-14T18:45:59.812595+00:00,1419244471,-69.919
2026-07-14T18:45:59.812595+00:00,1419245936,-69.921
2026-07-14T18:45:59.812595+00:00,1419247401,-69.937
2026-07-14T18:45:59.812595+00:00,1419248866,-69.942
2026-07-14T18:45:59.812595+00:00,1419250331,-69.959
2026-07-14T18:45:59.812595+00:00,1419251796,-69.944
2026-07-14T18:45:59.812595+00:00,1419253260,-69.918
2026-07-14T18:45:59.812595+00:00,1419254725,-69.981
2026-07-14T18:45:59.812595+00:00,1419256190,-70.039
2026-07-14T18:45:59.812595+00:00,1419257655,-69.98
2026-07-14T18:45:59.812595+00:00,1419259120,-69.981
2026-07-14T18:45:59.812595+00:00,1419260585,-69.992
2026-07-14T18:45:59.812595+00:00,1419262050,-70.0
2026-07-14T18:45:59.812595+00:00,1419263514,-70.054
2026-07-14T18:45:59.812595+00:00,1419264979,-70.001
2026-07-14T18:45:59.812595+00:00,1419266444,-70.048
2026-07-14T18:45:59.812595+00:00,1419267909,-70.11
2026-07-14T18:45:59.812595+00:00,1419269374,-70.037
2026-07-14T18:45:59.812595+00:00,1419270839,-70.031
2026-07-14T18:45:59.812595+00:00,1419272303,-70.05
2026-07-14T18:45:59.812595+00:00,1419273768,-70.067
2026-07-14T18:45:59.812595+00:00,1419275233,-70.106
2026-07-14T18:45:59.812595+00:00,1419276698,-70.019
2026-07-14T18:45:59.812595+00:00,1419278163,-70.021
2026-07-14T18:45:59.812595+00:00,1419279628,-70.086
2026-07-14T18:45:59.812595+00:00,1419281092,-70.043
2026-07-14T18:45:59.812595+00:00,1419282557,-70.062
2026-07-14T18:45:59.812595+00:00,1419284022,-70.084
2026-07-14T18:45:59.812595+00:00,1419285487,-70.042
2026-07-14T18:45:59.812595+00:00,1419286952,-70.054
2026-07-14T18:45:59.812595+00:00,1419288417,-70.091
2026-07-14T18:45:59.812595+00:00,1419289882,-70.119
2026-07-14T18:45:59.812595+00:00,1419291346,-70.127
2026-07-14T18:45:59.812595+00:00,1419292811,-70.153
2026-07-14T18:45:59.812595+00:00,1419294276,-70.214
2026-07-14T18:45:59.812595+00:00,1419295741,-70.206
2026-07-14T18:45:59.812595+00:00,1419297206,-70.167
2026-07-14T18:45:59.812595+00:00,1419298671,-70.154
2026-07-14T18:45:59.812595+00:00,1419300135,-70.131
2026-07-14T18:45:59.812595+00:00,1419301600,-70.158
2026-07-14T18:45:59.812595+00:00,1419303065,-70.148
2026-07-14T18:45:59.812595+00:00,1419304530,-70.139
2026-07-14T18:45:59.812595+00:00,1419305995,-70.187
2026-07-14T18:45:59.812595+00:00,1419307460,-70.076
2026-07-14T18:45:59.812595+00:00,1419308925,-70.099
2026-07-14T18:45:59.812595+00:00,1419310389,-70.171
2026-07-14T18:45:59.812595+00:00,1419311854,-70.146
2026-07-14T18:45:59.812595+00:00,1419313319,-70.155
2026-07-14T18:45:59.812595+00:00,1419314784,-70.17
2026-07-14T18:45:59.812595+00:00,1419316249,-70.201
2026-07-14T18:45:59.812595+00:00,1419317714,-70.198
2026-07-14T18:45:59.812595+00:00,1419319178,-70.19
2026-07-14T18:45:59.812595+00:00,1419320643,-70.153
2026-07-14T18:45:59.812595+00:00,1419322108,-70.14
2026-07-14T18:45:59.812595+00:00,1419323573,-70.184
2026-07-14T18:45:59.812595+00:00,1419325038,-70.278
2026-07-14T18:45:59.812595+00:00,1419326503,-70.3
2026-07-14T18:45:59.812595+00:00,1419327967,-70.177
2026-07-14T18:45:59.812595+00:00,1419329432,-70.188
2026-07-14T18:45:59.812595+00:00,1419330897,-70.186
2026-07-14T18:45:59.812595+00:00,1419332362,-70.163
2026-07-14T18:45:59.812595+00:00,1419333827,-70.121
2026-07-14T18:45:59.812595+00:00,1419335292,-70.164
2026-07-14T18:45:59.812595+00:00,1419336757,-70.194
2026-07-14T18:45:59.812595+00:00,1419338221,-70.255
2026-07-14T18:45:59.812595+00:00,1419339686,-70.181
2026-07-14T18:45:59.812595+00:00,1419341151,-70.126
2026-07-14T18:45:59.812595+00:00,1419342616,-70.191
2026-07-14T18:45:59.812595+00:00,1419344081,-70.178
2026-07-14T18:45:59.812595+00:00,1419345546,-70.183
2026-07-14T18:45:59.812595+00:00,1419347010,-70.143
2026-07-14T18:45:59.812595+00:00,1419348475,-70.091
2026-07-14T18:45:59.812595+00:00,1419349940,-70.16
2026-07-14T18:45:59.812595+00:00,1419351405,-70.188
2026-07-14T18:45:59.812595+00:00,1419352870,-70.216
2026-07-14T18:45:59.812595+00:00,1419354335,-70.208
2026-07-14T18:45:59.812595+00:00,1419355800,-70.204
2026-07-14T18:45:59.812595+00:00,1419357264,-70.178
2026-07-14T18:45:59.812595+00:00,1419358729,-70.22
2026-07-14T18:45:59.812595+00:00,1419360194,-70.194
2026-07-14T18:45:59.812595+00:00,1419361659,-70.139
2026-07-14T18:45:59.812595+00:00,1419363124,-70.221
2026-07-14T18:45:59.812595+00:00,1419364589,-70.204
2026-07-14T18:45:59.812595+00:00,1419366053,-70.117
2026-07-14T18:45:59.812595+00:00,1419367518,-70.214
2026-07-14T18:45:59.812595+00:00,1419368983,-70.133
2026-07-14T18:45:59.812595+00:00,1419370448,-70.108
2026-07-14T18:45:59.812595+00:00,1419371913,-70.189
2026-07-14T18:45:59.812595+00:00,1419373378,-70.176
2026-07-14T18:45:59.812595+00:00,1419374842,-70.235
2026-07-14T18:45:59.812595+00:00,1419376307,-70.212
2026-07-14T18:45:59.812595+00:00,1419377772,-70.19
2026-07-14T18:45:59.812595+00:00,1419379237,-70.087
2026-07-14T18:45:59.812595+00:00,1419380702,-70.134
2026-07-14T18:45:59.812595+00:00,1419382167,-70.184
2026-07-14T18:45:59.812595+00:00,1419383632,-70.182
2026-07-14T18:45:59.812595+00:00,1419385096,-70.162
2026-07-14T18:45:59.812595+00:00,1419386561,-70.113
2026-07-14T18:45:59.812595+00:00,1419388026,-70.088
2026-07-14T18:45:59.812595+00:00,1419389491,-70.125
2026-07-14T18:45:59.812595+00:00,1419390956,-70.091
2026-07-14T18:45:59.812595+00:00,1419392421,-70.063
2026-07-14T18:45:59.812595+00:00,1419393885,-70.047
2026-07-14T18:45:59.812595+00:00,1419395350,-70.094
2026-07-14T18:45:59.812595+00:00,1419396815,-70.051
2026-07-14T18:45:59.812595+00:00,1419398280,-70.109
2026-07-14T18:45:59.812595+00:00,1419399745,-70.094
2026-07-14T18:45:59.812595+00:00,1419401210,-70.084
2026-07-14T18:45:59.812595+00:00,1419402675,-70.046
2026-07-14T18:45:59.812595+00:00,1419404139,-70.101
2026-07-14T18:45:59.812595+00:00,1419405604,-70.131
2026-07-14T18:45:59.812595+00:00,1419407069,-70.08
2026-07-14T18:45:59.812595+00:00,1419408534,-70.062
2026-07-14T18:45:59.812595+00:00,1419409999,-70.107
2026-07-14T18:45:59.812595+00:00,1419411464,-70.103
2026-07-14T18:45:59.812595+00:00,1419412928,-70.115
2026-07-14T18:45:59.812595+00:00,1419414393,-70.067
2026-07-14T18:45:59.812595+00:00,1419415858,-70.035
2026-07-14T18:45:59.812595+00:00,1419417323,-69.975
2026-07-14T18:45:59.812595+00:00,1419418788,-70.007
2026-07-14T18:45:59.812595+00:00,1419420253,-70.082
2026-07-14T18:45:59.812595+00:00,1419421717,-70.009
2026-07-14T18:45:59.812595+00:00,1419423182,-70.0
2026-07-14T18:45:59.812595+00:00,1419424647,-69.994
2026-07-14T18:45:59.812595+00:00,1419426112,-70.055
2026-07-14T18:45:59.812595+00:00,1419427577,-70.043
2026-07-14T18:45:59.812595+00:00,1419429042,-70.042
2026-07-14T18:45:59.812595+00:00,1419430507,-69.997
2026-07-14T18:45:59.812595+00:00,1419431971,-69.988
2026-07-14T18:45:59.812595+00:00,1419433436,-69.977
2026-07-14T18:45:59.812595+00:00,1419434901,-69.961
2026-07-14T18:45:59.812595+00:00,1419436366,-69.987
2026-07-14T18:45:59.812595+00:00,1419437831,-69.912
2026-07-14T18:45:59.812595+00:00,1419439296,-69.932
2026-07-14T18:45:59.812595+00:00,1419440760,-69.891
2026-07-14T18:45:59.812595+00:00,1419442225,-69.937
2026-07-14T18:45:59.812595+00:00,1419443690,-69.978
2026-07-14T18:45:59.812595+00:00,1419445155,-69.967
2026-07-14T18:45:59.812595+00:00,1419446620,-69.917
2026-07-14T18:45:59.812595+00:00,1419448085,-69.912
2026-07-14T18:45:59.812595+00:00,1419449550,-69.875
2026-07-14T18:45:59.812595+00:00,1419451014,-69.892
2026-07-14T18:45:59.812595+00:00,1419452479,-69.92
2026-07-14T18:45:59.812595+00:00,1419453944,-69.896
2026-07-14T18:45:59.812595+00:00,1419455409,-69.821
2026-07-14T18:45:59.812595+00:00,1419456874,-69.814
2026-07-14T18:45:59.812595+00:00,1419458339,-69.87
2026-07-14T18:45:59.812595+00:00,1419459803,-69.872
2026-07-14T18:45:59.812595+00:00,1419461268,-69.845
2026-07-14T18:45:59.812595+00:00,1419462733,-69.859
2026-07-14T18:45:59.812595+00:00,1419464198,-69.817
2026-07-14T18:45:59.812595+00:00,1419465663,-69.825
2026-07-14T18:45:59.812595+00:00,1419467128,-69.868
2026-07-14T18:45:59.812595+00:00,1419468592,-69.898
2026-07-14T18:45:59.812595+00:00,1419470057,-69.811
2026-07-14T18:45:59.812595+00:00,1419471522,-69.803
2026-07-14T18:45:59.812595+00:00,1419472987,-69.728
2026-07-14T18:45:59.812595+00:00,1419474452,-69.816
2026-07-14T18:45:59.812595+00:00,1419475917,-69.891
2026-07-14T18:45:59.812595+00:00,1419477382,-69.854
2026-07-14T18:45:59.812595+00:00,1419478846,-69.843
2026-07-14T18:45:59.812595+00:00,1419480311,-69.849
2026-07-14T18:45:59.812595+00:00,1419481776,-69.824
2026-07-14T18:45:59.812595+00:00,1419483241,-69.725
2026-07-14T18:45:59.812595+00:00,1419484706,-69.731
2026-07-14T18:45:59.812595+00:00,1419486171,-69.774
2026-07-14T18:45:59.812595+00:00,1419487635,-69.732
2026-07-14T18:45:59.812595+00:00,1419489100,-69.697
2026-07-14T18:45:59.812595+00:00,1419490565,-69.736
2026-07-14T18:45:59.812595+00:00,1419492030,-69.745
2026-07-14T18:45:59.812595+00:00,1419493495,-69.761
2026-07-14T18:45:59.812595+00:00,1419494960,-69.753
2026-07-14T18:45:59.812595+00:00,1419496425,-69.796
2026-07-14T18:45:59.812595+00:00,1419497889,-69.744
2026-07-14T18:45:59.812595+00:00,1419499354,-69.722
2026-07-14T18:45:59.812595+00:00,1419500819,-69.734
2026-07-14T18:45:59.812595+00:00,1419502284,-69.656
2026-07-14T18:45:59.812595+00:00,1419503749,-69.66
2026-07-14T18:45:59.812595+00:00,1419505214,-69.697
2026-07-14T18:45:59.812595+00:00,1419506678,-69.702
2026-07-14T18:45:59.812595+00:00,1419508143,-69.725
2026-07-14T18:45:59.812595+00:00,1419509608,-69.696
2026-07-14T18:45:59.812595+00:00,1419511073,-69.676
2026-07-14T18:45:59.812595+00:00,1419512538,-69.618
2026-07-14T18:45:59.812595+00:00,1419514003,-69.614
2026-07-14T18:45:59.812595+00:00,1419515467,-69.621
2026-07-14T18:45:59.812595+00:00,1419516932,-69.629
2026-07-14T18:45:59.812595+00:00,1419518397,-69.694
2026-07-14T18:45:59.812595+00:00,1419519862,-69.659
2026-07-14T18:45:59.812595+00:00,1419521327,-69.627
2026-07-14T18:45:59.812595+00:00,1419522792,-69.67
2026-07-14T18:45:59.812595+00:00,1419524257,-69.637
2026-07-14T18:45:59.812595+00:00,1419525721,-69.591
2026-07-14T18:45:59.812595+00:00,1419527186,-69.669
2026-07-14T18:45:59.812595+00:00,1419528651,-69.68
2026-07-14T18:45:59.812595+00:00,1419530116,-69.658
2026-07-14T18:45:59.812595+00:00,1419531581,-69.586
2026-07-14T18:45:59.812595+00:00,1419533046,-69.635
2026-07-14T18:45:59.812595+00:00,1419534510,-69.644
2026-07-14T18:45:59.812595+00:00,1419535975,-69.629
2026-07-14T18:45:59.812595+00:00,1419537440,-69.612
2026-07-14T18:45:59.812595+00:00,1419538905,-69.567
2026-07-14T18:45:59.812595+00:00,1419540370,-69.568
2026-07-14T18:45:59.812595+00:00,1419541835,-69.607
2026-07-14T18:45:59.812595+00:00,1419543300,-69.613
2026-07-14T18:45:59.812595+00:00,1419544764,-69.543
2026-07-14T18:45:59.812595+00:00,1419546229,-69.59
2026-07-14T18:45:59.812595+00:00,1419547694,-69.587
2026-07-14T18:45:59.812595+00:00,1419549159,-69.54
2026-07-14T18:45:59.812595+00:00,1419550624,-69.427
2026-07-14T18:45:59.812595+00:00,1419552089,-69.451
2026-07-14T18:45:59.812595+00:00,1419553553,-69.488
2026-07-14T18:45:59.812595+00:00,1419555018,-69.453
2026-07-14T18:45:59.812595+00:00,1419556483,-69.444
2026-07-14T18:45:59.812595+00:00,1419557948,-69.486
2026-07-14T18:45:59.812595+00:00,1419559413,-69.527
2026-07-14T18:45:59.812595+00:00,1419560878,-69.433
2026-07-14T18:45:59.812595+00:00,1419562342,-69.463
2026-07-14T18:45:59.812595+00:00,1419563807,-69.462
2026-07-14T18:45:59.812595+00:00,1419565272,-69.44
2026-07-14T18:45:59.812595+00:00,1419566737,-69.455
2026-07-14T18:45:59.812595+00:00,1419568202,-69.496
2026-07-14T18:45:59.812595+00:00,1419569667,-69.524
2026-07-14T18:45:59.812595+00:00,1419571132,-69.463
2026-07-14T18:45:59.812595+00:00,1419572596,-69.513
2026-07-14T18:45:59.812595+00:00,1419574061,-69.523
2026-07-14T18:45:59.812595+00:00,1419575526,-69.462
2026-07-14T18:45:59.812595+00:00,1419576991,-69.477
2026-07-14T18:45:59.812595+00:00,1419578456,-69.488
2026-07-14T18:45:59.812595+00:00,1419579921,-69.443
2026-07-14T18:45:59.812595+00:00,1419581385,-69.359
2026-07-14T18:45:59.812595+00:00,1419582850,-69.391
2026-07-14T18:45:59.812595+00:00,1419584315,-69.394
2026-07-14T18:45:59.812595+00:00,1419585780,-69.445
2026-07-14T18:45:59.812595+00:00,1419587245,-69.44
2026-07-14T18:45:59.812595+00:00,1419588710,-69.427
2026-07-14T18:45:59.812595+00:00,1419590175,-69.376
2026-07-14T18:45:59.812595+00:00,1419591639,-69.374
2026-07-14T18:45:59.812595+00:00,1419593104,-69.418
2026-07-14T18:45:59.812595+00:00,1419594569,-69.433
2026-07-14T18:45:59.812595+00:00,1419596034,-69.372
2026-07-14T18:45:59.812595+00:00,1419597499,-69.37
2026-07-14T18:45:59.812595+00:00,1419598964,-69.371
2026-07-14T18:45:59.812595+00:00,1419600428,-69.351
2026-07-14T18:45:59.812595+00:00,1419601893,-69.359
2026-07-14T18:45:59.812595+00:00,1419603358,-69.363
2026-07-14T18:45:59.812595+00:00,1419604823,-69.37
2026-07-14T18:45:59.812595+00:00,1419606288,-69.432
2026-07-14T18:45:59.812595+00:00,1419607753,-69.498
2026-07-14T18:45:59.812595+00:00,1419609217,-69.439
2026-07-14T18:45:59.812595+00:00,1419610682,-69.395
2026-07-14T18:45:59.812595+00:00,1419612147,-69.379
2026-07-14T18:45:59.812595+00:00,1419613612,-69.384
2026-07-14T18:45:59.812595+00:00,1419615077,-69.391
2026-07-14T18:45:59.812595+00:00,1419616542,-69.381
2026-07-14T18:45:59.812595+00:00,1419618007,-69.407
2026-07-14T18:45:59.812595+00:00,1419619471,-69.369
2026-07-14T18:45:59.812595+00:00,1419620936,-69.309
2026-07-14T18:45:59.812595+00:00,1419622401,-69.341
2026-07-14T18:45:59.812595+00:00,1419623866,-69.366
2026-07-14T18:45:59.812595+00:00,1419625331,-69.433
2026-07-14T18:45:59.812595+00:00,1419626796,-69.342
2026-07-14T18:45:59.812595+00:00,1419628260,-69.352
2026-07-14T18:45:59.812595+00:00,1419629725,-69.382
2026-07-14T18:45:59.812595+00:00,1419631190,-69.325
2026-07-14T18:45:59.812595+00:00,1419632655,-69.356
2026-07-14T18:45:59.812595+00:00,1419634120,-69.36
2026-07-14T18:45:59.812595+00:00,1419635585,-69.302
2026-07-14T18:45:59.812595+00:00,1419637050,-69.324
2026-07-14T18:45:59.812595+00:00,1419638514,-69.369
2026-07-14T18:45:59.812595+00:00,1419639979,-69.337
2026-07-14T18:45:59.812595+00:00,1419641444,-69.331
2026-07-14T18:45:59.812595+00:00,1419642909,-69.328
2026-07-14T18:45:59.812595+00:00,1419644374,-69.319
2026-07-14T18:45:59.812595+00:00,1419645839,-69.315
2026-07-14T18:45:59.812595+00:00,1419647303,-69.271
2026-07-14T18:45:59.812595+00:00,1419648768,-69.234
2026-07-14T18:45:59.812595+00:00,1419650233,-69.297
2026-07-14T18:45:59.812595+00:00,1419651698,-69.322
2026-07-14T18:45:59.812595+00:00,1419653163,-69.342
2026-07-14T18:45:59.812595+00:00,1419654628,-69.29
2026-07-14T18:45:59.812595+00:00,1419656092,-69.271
2026-07-14T18:45:59.812595+00:00,1419657557,-69.311
2026-07-14T18:45:59.812595+00:00,1419659022,-69.311
2026-07-14T18:45:59.812595+00:00,1419660487,-69.263
2026-07-14T18:45:59.812595+00:00,1419661952,-69.319
2026-07-14T18:45:59.812595+00:00,1419663417,-69.338
2026-07-14T18:45:59.812595+00:00,1419664882,-69.267
2026-07-14T18:45:59.812595+00:00,1419666346,-69.274
2026-07-14T18:45:59.812595+00:00,1419667811,-69.346
2026-07-14T18:45:59.812595+00:00,1419669276,-69.327
2026-07-14T18:45:59.812595+00:00,1419670741,-69.323
2026-07-14T18:45:59.812595+00:00,1419672206,-69.357
2026-07-14T18:45:59.812595+00:00,1419673671,-69.274
2026-07-14T18:45:59.812595+00:00,1419675135,-69.268
2026-07-14T18:45:59.812595+00:00,1419676600,-69.205
2026-07-14T18:45:59.812595+00:00,1419678065,-69.224
2026-07-14T18:45:59.812595+00:00,1419679530,-69.213
2026-07-14T18:45:59.812595+00:00,1419680995,-69.297
2026-07-14T18:45:59.812595+00:00,1419682460,-69.248
2026-07-14T18:45:59.812595+00:00,1419683925,-69.27
2026-07-14T18:45:59.812595+00:00,1419685389,-69.278
2026-07-14T18:45:59.812595+00:00,1419686854,-69.179
2026-07-14T18:45:59.812595+00:00,1419688319,-69.23
2026-07-14T18:45:59.812595+00:00,1419689784,-69.29
2026-07-14T18:45:59.812595+00:00,1419691249,-69.181
2026-07-14T18:45:59.812595+00:00,1419692714,-69.221
2026-07-14T18:45:59.812595+00:00,1419694178,-69.187
2026-07-14T18:45:59.812595+00:00,1419695643,-69.174
2026-07-14T18:45:59.812595+00:00,1419697108,-69.247
2026-07-14T18:45:59.812595+00:00,1419698573,-69.321
2026-07-14T18:45:59.812595+00:00,1419700038,-69.2
2026-07-14T18:45:59.812595+00:00,1419701503,-69.173
2026-07-14T18:45:59.812595+00:00,1419702967,-69.171
2026-07-14T18:45:59.812595+00:00,1419704432,-69.166
2026-07-14T18:45:59.812595+00:00,1419705897,-69.197
2026-07-14T18:45:59.812595+00:00,1419707362,-69.229
2026-07-14T18:45:59.812595+00:00,1419708827,-69.188
2026-07-14T18:45:59.812595+00:00,1419710292,-69.154
2026-07-14T18:45:59.812595+00:00,1419711757,-69.161
2026-07-14T18:45:59.812595+00:00,1419713221,-69.184
2026-07-14T18:45:59.812595+00:00,1419714686,-69.267
2026-07-14T18:45:59.812595+00:00,1419716151,-69.198
2026-07-14T18:45:59.812595+00:00,1419717616,-69.208
2026-07-14T18:45:59.812595+00:00,1419719081,-69.17
2026-07-14T18:45:59.812595+00:00,1419720546,-69.191
2026-07-14T18:45:59.812595+00:00,1419722010,-69.141
2026-07-14T18:45:59.812595+00:00,1419723475,-69.195
2026-07-14T18:45:59.812595+00:00,1419724940,-69.19
2026-07-14T18:45:59.812595+00:00,1419726405,-69.158
2026-07-14T18:45:59.812595+00:00,1419727870,-69.219
2026-07-14T18:45:59.812595+00:00,1419729335,-69.195
2026-07-14T18:45:59.812595+00:00,1419730800,-69.152
2026-07-14T18:45:59.812595+00:00,1419732264,-69.112
2026-07-14T18:45:59.812595+00:00,1419733729,-69.167
2026-07-14T18:45:59.812595+00:00,1419735194,-69.174
2026-07-14T18:45:59.812595+00:00,1419736659,-69.15
2026-07-14T18:45:59.812595+00:00,1419738124,-69.152
2026-07-14T18:45:59.812595+00:00,1419739589,-69.126
2026-07-14T18:45:59.812595+00:00,1419741053,-69.177
2026-07-14T18:45:59.812595+00:00,1419742518,-69.24
2026-07-14T18:45:59.812595+00:00,1419743983,-69.288
2026-07-14T18:45:59.812595+00:00,1419745448,-69.205
2026-07-14T18:45:59.812595+00:00,1419746913,-69.129
2026-07-14T18:45:59.812595+00:00,1419748378,-69.139
2026-07-14T18:45:59.812595+00:00,1419749842,-69.176
2026-07-14T18:45:59.812595+00:00,1419751307,-69.235
2026-07-14T18:45:59.812595+00:00,1419752772,-69.161
2026-07-14T18:45:59.812595+00:00,1419754237,-69.131
2026-07-14T18:45:59.812595+00:00,1419755702,-69.146
2026-07-14T18:45:59.812595+00:00,1419757167,-69.157
2026-07-14T18:45:59.812595+00:00,1419758632,-69.183
2026-07-14T18:45:59.812595+00:00,1419760096,-69.2
2026-07-14T18:45:59.812595+00:00,1419761561,-69.117
2026-07-14T18:45:59.812595+00:00,1419763026,-69.208
2026-07-14T18:45:59.812595+00:00,1419764491,-69.133
2026-07-14T18:45:59.812595+00:00,1419765956,-69.162
2026-07-14T18:45:59.812595+00:00,1419767421,-69.142
2026-07-14T18:45:59.812595+00:00,1419768885,-69.1
2026-07-14T18:45:59.812595+00:00,1419770350,-69.116
2026-07-14T18:45:59.812595+00:00,1419771815,-69.105
2026-07-14T18:45:59.812595+00:00,1419773280,-69.075
2026-07-14T18:45:59.812595+00:00,1419774745,-69.112
2026-07-14T18:45:59.812595+00:00,1419776210,-69.116
2026-07-14T18:45:59.812595+00:00,1419777675,-69.148
2026-07-14T18:45:59.812595+00:00,1419779139,-69.129
2026-07-14T18:45:59.812595+00:00,1419780604,-69.122
2026-07-14T18:45:59.812595+00:00,1419782069,-69.109
2026-07-14T18:45:59.812595+00:00,1419783534,-69.155
2026-07-14T18:45:59.812595+00:00,1419784999,-69.139
2026-07-14T18:45:59.812595+00:00,1419786464,-69.094
2026-07-14T18:45:59.812595+00:00,1419787928,-69.088
2026-07-14T18:45:59.812595+00:00,1419789393,-69.077
2026-07-14T18:45:59.812595+00:00,1419790858,-69.085
2026-07-14T18:45:59.812595+00:00,1419792323,-69.121
2026-07-14T18:45:59.812595+00:00,1419793788,-69.119
2026-07-14T18:45:59.812595+00:00,1419795253,-69.098
2026-07-14T18:45:59.812595+00:00,1419796717,-69.057
2026-07-14T18:45:59.812595+00:00,1419798182,-69.069
2026-07-14T18:45:59.812595+00:00,1419799647,-69.158
2026-07-14T18:45:59.812595+00:00,1419801112,-69.128
2026-07-14T18:45:59.812595+00:00,1419802577,-69.121
2026-07-14T18:45:59.812595+00:00,1419804042,-69.128
2026-07-14T18:45:59.812595+00:00,1419805507,-69.1
2026-07-14T18:45:59.812595+00:00,1419806971,-69.105
2026-07-14T18:45:59.812595+00:00,1419808436,-69.106
2026-07-14T18:45:59.812595+00:00,1419809901,-69.154
2026-07-14T18:45:59.812595+00:00,1419811366,-69.096
2026-07-14T18:45:59.812595+00:00,1419812831,-69.123
2026-07-14T18:45:59.812595+00:00,1419814296,-69.114
2026-07-14T18:45:59.812595+00:00,1419815760,-69.113
2026-07-14T18:45:59.812595+00:00,1419817225,-69.109
2026-07-14T18:45:59.812595+00:00,1419818690,-69.14
2026-07-14T18:45:59.812595+00:00,1419820155,-69.089
2026-07-14T18:45:59.812595+00:00,1419821620,-69.087
2026-07-14T18:45:59.812595+00:00,1419823085,-69.128
2026-07-14T18:45:59.812595+00:00,1419824550,-69.105
2026-07-14T18:45:59.812595+00:00,1419826014,-69.152
2026-07-14T18:45:59.812595+00:00,1419827479,-69.124
2026-07-14T18:45:59.812595+00:00,1419828944,-69.161
2026-07-14T18:45:59.812595+00:00,1419830409,-69.156
2026-07-14T18:45:59.812595+00:00,1419831874,-69.175
2026-07-14T18:45:59.812595+00:00,1419833339,-69.137
2026-07-14T18:45:59.812595+00:00,1419834803,-69.171
2026-07-14T18:45:59.812595+00:00,1419836268,-69.159
2026-07-14T18:45:59.812595+00:00,1419837733,-69.153
2026-07-14T18:45:59.812595+00:00,1419839198,-69.083
2026-07-14T18:45:59.812595+00:00,1419840663,-69.15
2026-07-14T18:45:59.812595+00:00,1419842128,-69.136
2026-07-14T18:45:59.812595+00:00,1419843592,-69.13
2026-07-14T18:45:59.812595+00:00,1419845057,-69.104
2026-07-14T18:45:59.812595+00:00,1419846522,-69.129
2026-07-14T18:45:59.812595+00:00,1419847987,-69.162
2026-07-14T18:45:59.812595+00:00,1419849452,-69.109
2026-07-14T18:45:59.812595+00:00,1419850917,-69.087
2026-07-14T18:45:59.812595+00:00,1419852382,-69.113
2026-07-14T18:45:59.812595+00:00,1419853846,-69.116
2026-07-14T18:45:59.812595+00:00,1419855311,-69.163
2026-07-14T18:45:59.812595+00:00,1419856776,-69.208
2026-07-14T18:45:59.812595+00:00,1419858241,-69.175
2026-07-14T18:45:59.812595+00:00,1419859706,-69.112
2026-07-14T18:45:59.812595+00:00,1419861171,-69.092
2026-07-14T18:45:59.812595+00:00,1419862635,-69.035
2026-07-14T18:45:59.812595+00:00,1419864100,-69.07
2026-07-14T18:45:59.812595+00:00,1419865565,-69.075
2026-07-14T18:45:59.812595+00:00,1419867030,-69.119
2026-07-14T18:45:59.812595+00:00,1419868495,-69.129
2026-07-14T18:45:59.812595+00:00,1419869960,-69.131
2026-07-14T18:45:59.812595+00:00,1419871425,-69.053
2026-07-14T18:45:59.812595+00:00,1419872889,-69.045
2026-07-14T18:45:59.812595+00:00,1419874354,-69.074
2026-07-14T18:45:59.812595+00:00,1419875819,-69.087
2026-07-14T18:45:59.812595+00:00,1419877284,-69.168
2026-07-14T18:45:59.812595+00:00,1419878749,-69.197
2026-07-14T18:45:59.812595+00:00,1419880214,-69.202
2026-07-14T18:45:59.812595+00:00,1419881678,-69.122
2026-07-14T18:45:59.812595+00:00,1419883143,-69.146
2026-07-14T18:45:59.812595+00:00,1419884608,-69.145
2026-07-14T18:45:59.812595+00:00,1419886073,-69.093
2026-07-14T18:45:59.812595+00:00,1419887538,-69.126
2026-07-14T18:45:59.812595+00:00,1419889003,-69.126
2026-07-14T18:45:59.812595+00:00,1419890467,-69.14
2026-07-14T18:45:59.812595+00:00,1419891932,-69.116
2026-07-14T18:45:59.812595+00:00,1419893397,-69.09
2026-07-14T18:45:59.812595+00:00,1419894862,-69.114
2026-07-14T18:45:59.812595+00:00,1419896327,-69.125
2026-07-14T18:45:59.812595+00:00,1419897792,-69.096
2026-07-14T18:45:59.812595+00:00,1419899257,-69.087
2026-07-14T18:45:59.812595+00:00,1419900721,-69.111
2026-07-14T18:45:59.812595+00:00,1419902186,-69.163
2026-07-14T18:45:59.812595+00:00,1419903651,-69.166
2026-07-14T18:45:59.812595+00:00,1419905116,-69.13
2026-07-14T18:45:59.812595+00:00,1419906581,-69.078
2026-07-14T18:45:59.812595+00:00,1419908046,-69.094
2026-07-14T18:45:59.812595+00:00,1419909510,-69.134
2026-07-14T18:45:59.812595+00:00,1419910975,-69.137
2026-07-14T18:45:59.812595+00:00,1419912440,-69.144
2026-07-14T18:45:59.812595+00:00,1419913905,-69.141
2026-07-14T18:45:59.812595+00:00,1419915370,-69.104
2026-07-14T18:45:59.812595+00:00,1419916835,-69.154
2026-07-14T18:45:59.812595+00:00,1419918300,-69.268
2026-07-14T18:45:59.812595+00:00,1419919764,-69.202
2026-07-14T18:45:59.812595+00:00,1419921229,-69.121
2026-07-14T18:45:59.812595+00:00,1419922694,-69.208
2026-07-14T18:45:59.812595+00:00,1419924159,-69.186
2026-07-14T18:45:59.812595+00:00,1419925624,-69.136
2026-07-14T18:45:59.812595+00:00,1419927089,-69.128
2026-07-14T18:45:59.812595+00:00,1419928553,-69.134
2026-07-14T18:45:59.812595+00:00,1419930018,-69.179
2026-07-14T18:45:59.812595+00:00,1419931483,-69.203
2026-07-14T18:45:59.812595+00:00,1419932948,-69.127
2026-07-14T18:45:59.812595+00:00,1419934413,-69.1
2026-07-14T18:45:59.812595+00:00,1419935878,-69.142
2026-07-14T18:45:59.812595+00:00,1419937342,-69.137
2026-07-14T18:45:59.812595+00:00,1419938807,-69.144
2026-07-14T18:45:59.812595+00:00,1419940272,-69.198
2026-07-14T18:45:59.812595+00:00,1419941737,-69.214
2026-07-14T18:45:59.812595+00:00,1419943202,-69.203
2026-07-14T18:45:59.812595+00:00,1419944667,-69.137
2026-07-14T18:45:59.812595+00:00,1419946132,-69.102
2026-07-14T18:45:59.812595+00:00,1419947596,-69.174
2026-07-14T18:45:59.812595+00:00,1419949061,-69.195
2026-07-14T18:45:59.812595+00:00,1419950526,-69.187
2026-07-14T18:45:59.812595+00:00,1419951991,-69.117
2026-07-14T18:45:59.812595+00:00,1419953456,-69.154
2026-07-14T18:45:59.812595+00:00,1419954921,-69.183
2026-07-14T18:45:59.812595+00:00,1419956385,-69.18
2026-07-14T18:45:59.812595+00:00,1419957850,-69.167
2026-07-14T18:45:59.812595+00:00,1419959315,-69.212
2026-07-14T18:45:59.812595+00:00,1419960780,-69.222
2026-07-14T18:45:59.812595+00:00,1419962245,-69.182
2026-07-14T18:45:59.812595+00:00,1419963710,-69.168
2026-07-14T18:45:59.812595+00:00,1419965175,-69.216
2026-07-14T18:45:59.812595+00:00,1419966639,-69.212
2026-07-14T18:45:59.812595+00:00,1419968104,-69.197
2026-07-14T18:45:59.812595+00:00,1419969569,-69.172
2026-07-14T18:45:59.812595+00:00,1419971034,-69.193
2026-07-14T18:45:59.812595+00:00,1419972499,-69.197
2026-07-14T18:45:59.812595+00:00,1419973964,-69.199
2026-07-14T18:45:59.812595+00:00,1419975428,-69.233
2026-07-14T18:45:59.812595+00:00,1419976893,-69.22
2026-07-14T18:45:59.812595+00:00,1419978358,-69.261
2026-07-14T18:45:59.812595+00:00,1419979823,-69.263
2026-07-14T18:45:59.812595+00:00,1419981288,-69.227
2026-07-14T18:45:59.812595+00:00,1419982753,-69.218
2026-07-14T18:45:59.812595+00:00,1419984217,-69.252
2026-07-14T18:45:59.812595+00:00,1419985682,-69.23
2026-07-14T18:45:59.812595+00:00,1419987147,-69.213
2026-07-14T18:45:59.812595+00:00,1419988612,-69.184
2026-07-14T18:45:59.812595+00:00,1419990077,-69.185
2026-07-14T18:45:59.812595+00:00,1419991542,-69.179
2026-07-14T18:45:59.812595+00:00,1419993007,-69.214
2026-07-14T18:45:59.812595+00:00,1419994471,-69.191
2026-07-14T18:45:59.812595+00:00,1419995936,-69.193
2026-07-14T18:45:59.812595+00:00,1419997401,-69.173
2026-07-14T18:45:59.812595+00:00,1419998866,-69.231
2026-07-14T18:45:59.812595+00:00,1420000331,-69.19
2026-07-14T18:45:59.812595+00:00,1420001796,-69.172
2026-07-14T18:45:59.812595+00:00,1420003260,-69.219
2026-07-14T18:45:59.812595+00:00,1420004725,-69.258
2026-07-14T18:45:59.812595+00:00,1420006190,-69.246
2026-07-14T18:45:59.812595+00:00,1420007655,-69.177
2026-07-14T18:45:59.812595+00:00,1420009120,-69.192
2026-07-14T18:45:59.812595+00:00,1420010585,-69.266
2026-07-14T18:45:59.812595+00:00,1420012050,-69.242
2026-07-14T18:45:59.812595+00:00,1420013514,-69.238
2026-07-14T18:45:59.812595+00:00,1420014979,-69.215
2026-07-14T18:45:59.812595+00:00,1420016444,-69.157
2026-07-14T18:45:59.812595+00:00,1420017909,-69.23
2026-07-14T18:45:59.812595+00:00,1420019374,-69.215
2026-07-14T18:45:59.812595+00:00,1420020839,-69.276
2026-07-14T18:45:59.812595+00:00,1420022303,-69.286
2026-07-14T18:45:59.812595+00:00,1420023768,-69.25
2026-07-14T18:45:59.812595+00:00,1420025233,-69.197
2026-07-14T18:45:59.812595+00:00,1420026698,-69.188
2026-07-14T18:45:59.812595+00:00,1420028163,-69.149
2026-07-14T18:45:59.812595+00:00,1420029628,-69.171
2026-07-14T18:45:59.812595+00:00,1420031092,-69.28
2026-07-14T18:45:59.812595+00:00,1420032557,-69.293
2026-07-14T18:45:59.812595+00:00,1420034022,-69.236
2026-07-14T18:45:59.812595+00:00,1420035487,-69.233
2026-07-14T18:45:59.812595+00:00,1420036952,-69.201
2026-07-14T18:45:59.812595+00:00,1420038417,-69.252
2026-07-14T18:45:59.812595+00:00,1420039882,-69.332
2026-07-14T18:45:59.812595+00:00,1420041346,-69.251
2026-07-14T18:45:59.812595+00:00,1420042811,-69.258
2026-07-14T18:45:59.812595+00:00,1420044276,-69.239
2026-07-14T18:45:59.812595+00:00,1420045741,-69.253
2026-07-14T18:45:59.812595+00:00,1420047206,-69.212
2026-07-14T18:45:59.812595+00:00,1420048671,-69.263
2026-07-14T18:45:59.812595+00:00,1420050135,-69.277
2026-07-14T18:45:59.812595+00:00,1420051600,-69.229
2026-07-14T18:45:59.812595+00:00,1420053065,-69.237
2026-07-14T18:45:59.812595+00:00,1420054530,-69.253
2026-07-14T18:45:59.812595+00:00,1420055995,-69.238
2026-07-14T18:45:59.812595+00:00,1420057460,-69.257
2026-07-14T18:45:59.812595+00:00,1420058925,-69.275
2026-07-14T18:45:59.812595+00:00,1420060389,-69.208
2026-07-14T18:45:59.812595+00:00,1420061854,-69.237
2026-07-14T18:45:59.812595+00:00,1420063319,-69.234
2026-07-14T18:45:59.812595+00:00,1420064784,-69.31
2026-07-14T18:45:59.812595+00:00,1420066249,-69.344
2026-07-14T18:45:59.812595+00:00,1420067714,-69.269
2026-07-14T18:45:59.812595+00:00,1420069178,-69.22
2026-07-14T18:45:59.812595+00:00,1420070643,-69.257
2026-07-14T18:45:59.812595+00:00,1420072108,-69.219
2026-07-14T18:45:59.812595+00:00,1420073573,-69.263
2026-07-14T18:45:59.812595+00:00,1420075038,-69.269
2026-07-14T18:45:59.812595+00:00,1420076503,-69.252
2026-07-14T18:45:59.812595+00:00,1420077967,-69.283
2026-07-14T18:45:59.812595+00:00,1420079432,-69.252
2026-07-14T18:45:59.812595+00:00,1420080897,-69.257
2026-07-14T18:45:59.812595+00:00,1420082362,-69.207
2026-07-14T18:45:59.812595+00:00,1420083827,-69.243
2026-07-14T18:45:59.812595+00:00,1420085292,-69.298
2026-07-14T18:45:59.812595+00:00,1420086757,-69.307
2026-07-14T18:45:59.812595+00:00,1420088221,-69.315
2026-07-14T18:45:59.812595+00:00,1420089686,-69.219
2026-07-14T18:45:59.812595+00:00,1420091151,-69.203
2026-07-14T18:45:59.812595+00:00,1420092616,-69.227
2026-07-14T18:45:59.812595+00:00,1420094081,-69.302
2026-07-14T18:45:59.812595+00:00,1420095546,-69.249
2026-07-14T18:45:59.812595+00:00,1420097010,-69.245
2026-07-14T18:45:59.812595+00:00,1420098475,-69.288
2026-07-14T18:45:59.812595+00:00,1420099940,-69.351
2026-07-14T18:45:59.812595+00:00,1420101405,-69.286
2026-07-14T18:45:59.812595+00:00,1420102870,-69.273
2026-07-14T18:45:59.812595+00:00,1420104335,-69.288
2026-07-14T18:45:59.812595+00:00,1420105800,-69.24
2026-07-14T18:45:59.812595+00:00,1420107264,-69.248
2026-07-14T18:45:59.812595+00:00,1420108729,-69.223
2026-07-14T18:45:59.812595+00:00,1420110194,-69.297
2026-07-14T18:45:59.812595+00:00,1420111659,-69.296
2026-07-14T18:45:59.812595+00:00,1420113124,-69.266
2026-07-14T18:45:59.812595+00:00,1420114589,-69.252
2026-07-14T18:45:59.812595+00:00,1420116053,-69.26
2026-07-14T18:45:59.812595+00:00,1420117518,-69.265
2026-07-14T18:45:59.812595+00:00,1420118983,-69.225
2026-07-14T18:45:59.812595+00:00,1420120448,-69.179
2026-07-14T18:45:59.812595+00:00,1420121913,-69.259
2026-07-14T18:45:59.812595+00:00,1420123378,-69.21
2026-07-14T18:45:59.812595+00:00,1420124842,-69.207
2026-07-14T18:45:59.812595+00:00,1420126307,-69.326
2026-07-14T18:45:59.812595+00:00,1420127772,-69.316
2026-07-14T18:45:59.812595+00:00,1420129237,-69.195
2026-07-14T18:45:59.812595+00:00,1420130702,-69.254
2026-07-14T18:45:59.812595+00:00,1420132167,-69.292
2026-07-14T18:45:59.812595+00:00,1420133632,-69.273
2026-07-14T18:45:59.812595+00:00,1420135096,-69.243
2026-07-14T18:45:59.812595+00:00,1420136561,-69.276
2026-07-14T18:45:59.812595+00:00,1420138026,-69.34
2026-07-14T18:45:59.812595+00:00,1420139491,-69.317
2026-07-14T18:45:59.812595+00:00,1420140956,-69.281
2026-07-14T18:45:59.812595+00:00,1420142421,-69.209
2026-07-14T18:45:59.812595+00:00,1420143885,-69.187
2026-07-14T18:45:59.812595+00:00,1420145350,-69.231
2026-07-14T18:45:59.812595+00:00,1420146815,-69.202
2026-07-14T18:45:59.812595+00:00,1420148280,-69.256
2026-07-14T18:45:59.812595+00:00,1420149745,-69.278
2026-07-14T18:45:59.812595+00:00,1420151210,-69.236
2026-07-14T18:45:59.812595+00:00,1420152675,-69.185
2026-07-14T18:45:59.812595+00:00,1420154139,-69.2
2026-07-14T18:45:59.812595+00:00,1420155604,-69.315
2026-07-14T18:45:59.812595+00:00,1420157069,-69.307
2026-07-14T18:45:59.812595+00:00,1420158534,-69.253
2026-07-14T18:45:59.812595+00:00,1420159999,-69.233
2026-07-14T18:45:59.812595+00:00,1420161464,-69.194
2026-07-14T18:45:59.812595+00:00,1420162928,-69.173
2026-07-14T18:45:59.812595+00:00,1420164393,-69.241
2026-07-14T18:45:59.812595+00:00,1420165858,-69.265
2026-07-14T18:45:59.812595+00:00,1420167323,-69.29
2026-07-14T18:45:59.812595+00:00,1420168788,-69.284
2026-07-14T18:45:59.812595+00:00,1420170253,-69.289
2026-07-14T18:45:59.812595+00:00,1420171717,-69.274
2026-07-14T18:45:59.812595+00:00,1420173182,-69.247
2026-07-14T18:45:59.812595+00:00,1420174647,-69.232
2026-07-14T18:45:59.812595+00:00,1420176112,-69.248
2026-07-14T18:45:59.812595+00:00,1420177577,-69.285
2026-07-14T18:45:59.812595+00:00,1420179042,-69.268
2026-07-14T18:45:59.812595+00:00,1420180507,-69.29
2026-07-14T18:45:59.812595+00:00,1420181971,-69.29
2026-07-14T18:45:59.812595+00:00,1420183436,-69.318
2026-07-14T18:45:59.812595+00:00,1420184901,-69.254
2026-07-14T18:45:59.812595+00:00,1420186366,-69.264
2026-07-14T18:45:59.812595+00:00,1420187831,-69.223
2026-07-14T18:45:59.812595+00:00,1420189296,-69.224
2026-07-14T18:45:59.812595+00:00,1420190760,-69.254
2026-07-14T18:45:59.812595+00:00,1420192225,-69.244
2026-07-14T18:45:59.812595+00:00,1420193690,-69.216
2026-07-14T18:45:59.812595+00:00,1420195155,-69.243
2026-07-14T18:45:59.812595+00:00,1420196620,-69.267
2026-07-14T18:45:59.812595+00:00,1420198085,-69.298
2026-07-14T18:45:59.812595+00:00,1420199550,-69.273
2026-07-14T18:45:59.812595+00:00,1420201014,-69.283
2026-07-14T18:45:59.812595+00:00,1420202479,-69.295
2026-07-14T18:45:59.812595+00:00,1420203944,-69.256
2026-07-14T18:45:59.812595+00:00,1420205409,-69.229
2026-07-14T18:45:59.812595+00:00,1420206874,-69.231
2026-07-14T18:45:59.812595+00:00,1420208339,-69.26
2026-07-14T18:45:59.812595+00:00,1420209803,-69.258
2026-07-14T18:45:59.812595+00:00,1420211268,-69.205
2026-07-14T18:45:59.812595+00:00,1420212733,-69.281
2026-07-14T18:45:59.812595+00:00,1420214198,-69.379
2026-07-14T18:45:59.812595+00:00,1420215663,-69.282
2026-07-14T18:45:59.812595+00:00,1420217128,-69.261
2026-07-14T18:45:59.812595+00:00,1420218592,-69.263
2026-07-14T18:45:59.812595+00:00,1420220057,-69.256
2026-07-14T18:45:59.812595+00:00,1420221522,-69.237
2026-07-14T18:45:59.812595+00:00,1420222987,-69.268
2026-07-14T18:45:59.812595+00:00,1420224452,-69.319
2026-07-14T18:45:59.812595+00:00,1420225917,-69.357
2026-07-14T18:45:59.812595+00:00,1420227382,-69.315
2026-07-14T18:45:59.812595+00:00,1420228846,-69.205
2026-07-14T18:45:59.812595+00:00,1420230311,-69.263
2026-07-14T18:45:59.812595+00:00,1420231776,-69.332
2026-07-14T18:45:59.812595+00:00,1420233241,-69.283
2026-07-14T18:45:59.812595+00:00,1420234706,-69.303
2026-07-14T18:45:59.812595+00:00,1420236171,-69.335
2026-07-14T18:45:59.812595+00:00,1420237635,-69.294
2026-07-14T18:45:59.812595+00:00,1420239100,-69.33
2026-07-14T18:45:59.812595+00:00,1420240565,-69.31
2026-07-14T18:45:59.812595+00:00,1420242030,-69.268
2026-07-14T18:45:59.812595+00:00,1420243495,-69.188
2026-07-14T18:45:59.812595+00:00,1420244960,-69.246
2026-07-14T18:45:59.812595+00:00,1420246425,-69.324
2026-07-14T18:45:59.812595+00:00,1420247889,-69.316
2026-07-14T18:45:59.812595+00:00,1420249354,-69.268
2026-07-14T18:45:59.812595+00:00,1420250819,-69.248
2026-07-14T18:45:59.812595+00:00,1420252284,-69.287
2026-07-14T18:45:59.812595+00:00,1420253749,-69.301
2026-07-14T18:45:59.812595+00:00,1420255214,-69.315
2026-07-14T18:45:59.812595+00:00,1420256678,-69.308
2026-07-14T18:45:59.812595+00:00,1420258143,-69.337
2026-07-14T18:45:59.812595+00:00,1420259608,-69.369
2026-07-14T18:45:59.812595+00:00,1420261073,-69.323
2026-07-14T18:45:59.812595+00:00,1420262538,-69.335
2026-07-14T18:45:59.812595+00:00,1420264003,-69.352
2026-07-14T18:45:59.812595+00:00,1420265467,-69.284
2026-07-14T18:45:59.812595+00:00,1420266932,-69.248
2026-07-14T18:45:59.812595+00:00,1420268397,-69.288
2026-07-14T18:45:59.812595+00:00,1420269862,-69.362
2026-07-14T18:45:59.812595+00:00,1420271327,-69.425
2026-07-14T18:45:59.812595+00:00,1420272792,-69.372
2026-07-14T18:45:59.812595+00:00,1420274257,-69.356
2026-07-14T18:45:59.812595+00:00,1420275721,-69.284
2026-07-14T18:45:59.812595+00:00,1420277186,-69.28
2026-07-14T18:45:59.812595+00:00,1420278651,-69.353
2026-07-14T18:45:59.812595+00:00,1420280116,-69.397
2026-07-14T18:45:59.812595+00:00,1420281581,-69.292
2026-07-14T18:45:59.812595+00:00,1420283046,-69.306
2026-07-14T18:45:59.812595+00:00,1420284510,-69.337
2026-07-14T18:45:59.812595+00:00,1420285975,-69.355
2026-07-14T18:45:59.812595+00:00,1420287440,-69.327
2026-07-14T18:45:59.812595+00:00,1420288905,-69.307
2026-07-14T18:45:59.812595+00:00,1420290370,-69.367
2026-07-14T18:45:59.812595+00:00,1420291835,-69.381
2026-07-14T18:45:59.812595+00:00,1420293300,-69.389
2026-07-14T18:45:59.812595+00:00,1420294764,-69.363
2026-07-14T18:45:59.812595+00:00,1420296229,-69.326
2026-07-14T18:45:59.812595+00:00,1420297694,-69.286
2026-07-14T18:45:59.812595+00:00,1420299159,-69.331
2026-07-14T18:45:59.812595+00:00,1420300624,-69.371
2026-07-14T18:45:59.812595+00:00,1420302089,-69.385
2026-07-14T18:45:59.812595+00:00,1420303553,-69.41
2026-07-14T18:45:59.812595+00:00,1420305018,-69.375
2026-07-14T18:45:59.812595+00:00,1420306483,-69.37
2026-07-14T18:45:59.812595+00:00,1420307948,-69.376
2026-07-14T18:45:59.812595+00:00,1420309413,-69.35
2026-07-14T18:45:59.812595+00:00,1420310878,-69.437
2026-07-14T18:45:59.812595+00:00,1420312342,-69.408
2026-07-14T18:45:59.812595+00:00,1420313807,-69.335
2026-07-14T18:45:59.812595+00:00,1420315272,-69.338
2026-07-14T18:45:59.812595+00:00,1420316737,-69.381
2026-07-14T18:45:59.812595+00:00,1420318202,-69.387
2026-07-14T18:45:59.812595+00:00,1420319667,-69.367
2026-07-14T18:45:59.812595+00:00,1420321132,-69.436
2026-07-14T18:45:59.812595+00:00,1420322596,-69.397
2026-07-14T18:45:59.812595+00:00,1420324061,-69.401
2026-07-14T18:45:59.812595+00:00,1420325526,-69.372
2026-07-14T18:45:59.812595+00:00,1420326991,-69.365
2026-07-14T18:45:59.812595+00:00,1420328456,-69.45
2026-07-14T18:45:59.812595+00:00,1420329921,-69.445
2026-07-14T18:45:59.812595+00:00,1420331385,-69.384
2026-07-14T18:45:59.812595+00:00,1420332850,-69.372
2026-07-14T18:45:59.812595+00:00,1420334315,-69.39
2026-07-14T18:45:59.812595+00:00,1420335780,-69.37
2026-07-14T18:45:59.812595+00:00,1420337245,-69.437
2026-07-14T18:45:59.812595+00:00,1420338710,-69.402
2026-07-14T18:45:59.812595+00:00,1420340175,-69.401
2026-07-14T18:45:59.812595+00:00,1420341639,-69.404
2026-07-14T18:45:59.812595+00:00,1420343104,-69.426
2026-07-14T18:45:59.812595+00:00,1420344569,-69.427
2026-07-14T18:45:59.812595+00:00,1420346034,-69.439
2026-07-14T18:45:59.812595+00:00,1420347499,-69.438
2026-07-14T18:45:59.812595+00:00,1420348964,-69.45
2026-07-14T18:45:59.812595+00:00,1420350428,-69.469
2026-07-14T18:45:59.812595+00:00,1420351893,-69.489
2026-07-14T18:45:59.812595+00:00,1420353358,-69.397
2026-07-14T18:45:59.812595+00:00,1420354823,-69.432
2026-07-14T18:45:59.812595+00:00,1420356288,-69.508
2026-07-14T18:45:59.812595+00:00,1420357753,-69.41
2026-07-14T18:45:59.812595+00:00,1420359217,-69.458
2026-07-14T18:45:59.812595+00:00,1420360682,-69.49
2026-07-14T18:45:59.812595+00:00,1420362147,-69.48
2026-07-14T18:45:59.812595+00:00,1420363612,-69.482
2026-07-14T18:45:59.812595+00:00,1420365077,-69.454
2026-07-14T18:45:59.812595+00:00,1420366542,-69.53
2026-07-14T18:45:59.812595+00:00,1420368007,-69.552
2026-07-14T18:45:59.812595+00:00,1420369471,-69.517
2026-07-14T18:45:59.812595+00:00,1420370936,-69.423
2026-07-14T18:45:59.812595+00:00,1420372401,-69.395
2026-07-14T18:45:59.812595+00:00,1420373866,-69.415
2026-07-14T18:45:59.812595+00:00,1420375331,-69.446
2026-07-14T18:45:59.812595+00:00,1420376796,-69.516
2026-07-14T18:45:59.812595+00:00,1420378260,-69.5
2026-07-14T18:45:59.812595+00:00,1420379725,-69.472
2026-07-14T18:45:59.812595+00:00,1420381190,-69.527
2026-07-14T18:45:59.812595+00:00,1420382655,-69.445
2026-07-14T18:45:59.812595+00:00,1420384120,-69.484
2026-07-14T18:45:59.812595+00:00,1420385585,-69.474
2026-07-14T18:45:59.812595+00:00,1420387050,-69.487
2026-07-14T18:45:59.812595+00:00,1420388514,-69.451
2026-07-14T18:45:59.812595+00:00,1420389979,-69.443
2026-07-14T18:45:59.812595+00:00,1420391444,-69.514
2026-07-14T18:45:59.812595+00:00,1420392909,-69.503
2026-07-14T18:45:59.812595+00:00,1420394374,-69.465
2026-07-14T18:45:59.812595+00:00,1420395839,-69.494
2026-07-14T18:45:59.812595+00:00,1420397303,-69.563
2026-07-14T18:45:59.812595+00:00,1420398768,-69.547
2026-07-14T18:45:59.812595+00:00,1420400233,-69.465
2026-07-14T18:45:59.812595+00:00,1420401698,-69.493
2026-07-14T18:45:59.812595+00:00,1420403163,-69.531
2026-07-14T18:45:59.812595+00:00,1420404628,-69.523
2026-07-14T18:45:59.812595+00:00,1420406092,-69.54
2026-07-14T18:45:59.812595+00:00,1420407557,-69.557
2026-07-14T18:45:59.812595+00:00,1420409022,-69.554
2026-07-14T18:45:59.812595+00:00,1420410487,-69.556
2026-07-14T18:45:59.812595+00:00,1420411952,-69.571
2026-07-14T18:45:59.812595+00:00,1420413417,-69.58
2026-07-14T18:45:59.812595+00:00,1420414882,-69.509
2026-07-14T18:45:59.812595+00:00,1420416346,-69.481
2026-07-14T18:45:59.812595+00:00,1420417811,-69.46
2026-07-14T18:45:59.812595+00:00,1420419276,-69.509
2026-07-14T18:45:59.812595+00:00,1420420741,-69.517
2026-07-14T18:45:59.812595+00:00,1420422206,-69.457
2026-07-14T18:45:59.812595+00:00,1420423671,-69.479
2026-07-14T18:45:59.812595+00:00,1420425135,-69.522
2026-07-14T18:45:59.812595+00:00,1420426600,-69.501
2026-07-14T18:45:59.812595+00:00,1420428065,-69.567
2026-07-14T18:45:59.812595+00:00,1420429530,-69.592
2026-07-14T18:45:59.812595+00:00,1420430995,-69.567
2026-07-14T18:45:59.812595+00:00,1420432460,-69.591
2026-07-14T18:45:59.812595+00:00,1420433925,-69.606
2026-07-14T18:45:59.812595+00:00,1420435389,-69.59
2026-07-14T18:45:59.812595+00:00,1420436854,-69.546
2026-07-14T18:45:59.812595+00:00,1420438319,-69.642
2026-07-14T18:45:59.812595+00:00,1420439784,-69.615
2026-07-14T18:45:59.812595+00:00,1420441249,-69.586
2026-07-14T18:45:59.812595+00:00,1420442714,-69.599
2026-07-14T18:45:59.812595+00:00,1420444178,-69.632
2026-07-14T18:45:59.812595+00:00,1420445643,-69.535
2026-07-14T18:45:59.812595+00:00,1420447108,-69.54
2026-07-14T18:45:59.812595+00:00,1420448573,-69.551
2026-07-14T18:45:59.812595+00:00,1420450038,-69.531
2026-07-14T18:45:59.812595+00:00,1420451503,-69.55
2026-07-14T18:45:59.812595+00:00,1420452967,-69.551
2026-07-14T18:45:59.812595+00:00,1420454432,-69.503
2026-07-14T18:45:59.812595+00:00,1420455897,-69.533
2026-07-14T18:45:59.812595+00:00,1420457362,-69.577
2026-07-14T18:45:59.812595+00:00,1420458827,-69.612
2026-07-14T18:45:59.812595+00:00,1420460292,-69.579
2026-07-14T18:45:59.812595+00:00,1420461757,-69.502
2026-07-14T18:45:59.812595+00:00,1420463221,-69.483
2026-07-14T18:45:59.812595+00:00,1420464686,-69.559
2026-07-14T18:45:59.812595+00:00,1420466151,-69.621
2026-07-14T18:45:59.812595+00:00,1420467616,-69.57
2026-07-14T18:45:59.812595+00:00,1420469081,-69.51
2026-07-14T18:45:59.812595+00:00,1420470546,-69.544
2026-07-14T18:45:59.812595+00:00,1420472010,-69.674
2026-07-14T18:45:59.812595+00:00,1420473475,-69.71
2026-07-14T18:45:59.812595+00:00,1420474940,-69.685
2026-07-14T18:45:59.812595+00:00,1420476405,-69.645
2026-07-14T18:45:59.812595+00:00,1420477870,-69.622
2026-07-14T18:45:59.812595+00:00,1420479335,-69.635
2026-07-14T18:45:59.812595+00:00,1420480800,-69.639
2026-07-14T18:45:59.812595+00:00,1420482264,-69.675
2026-07-14T18:45:59.812595+00:00,1420483729,-69.662
2026-07-14T18:45:59.812595+00:00,1420485194,-69.624
2026-07-14T18:45:59.812595+00:00,1420486659,-69.584
2026-07-14T18:45:59.812595+00:00,1420488124,-69.578
2026-07-14T18:45:59.812595+00:00,1420489589,-69.499
2026-07-14T18:45:59.812595+00:00,1420491053,-69.579
2026-07-14T18:45:59.812595+00:00,1420492518,-69.655
2026-07-14T18:45:59.812595+00:00,1420493983,-69.615
2026-07-14T18:45:59.812595+00:00,1420495448,-69.538
2026-07-14T18:45:59.812595+00:00,1420496913,-69.57
2026-07-14T18:45:59.812595+00:00,1420498378,-69.636
2026-07-14T18:45:59.812595+00:00,1420499842,-69.589
2026-07-14T18:45:59.812595+00:00,1420501307,-69.606
2026-07-14T18:45:59.812595+00:00,1420502772,-69.632
2026-07-14T18:45:59.812595+00:00,1420504237,-69.583
2026-07-14T18:45:59.812595+00:00,1420505702,-69.671
2026-07-14T18:45:59.812595+00:00,1420507167,-69.684
2026-07-14T18:45:59.812595+00:00,1420508632,-69.625
2026-07-14T18:45:59.812595+00:00,1420510096,-69.599
2026-07-14T18:45:59.812595+00:00,1420511561,-69.564
2026-07-14T18:45:59.812595+00:00,1420513026,-69.601
2026-07-14T18:45:59.812595+00:00,1420514491,-69.618
2026-07-14T18:45:59.812595+00:00,1420515956,-69.647
2026-07-14T18:45:59.812595+00:00,1420517421,-69.679
2026-07-14T18:45:59.812595+00:00,1420518885,-69.671
2026-07-14T18:45:59.812595+00:00,1420520350,-69.676
2026-07-14T18:45:59.812595+00:00,1420521815,-69.635
2026-07-14T18:45:59.812595+00:00,1420523280,-69.676
2026-07-14T18:45:59.812595+00:00,1420524745,-69.711
2026-07-14T18:45:59.812595+00:00,1420526210,-69.623
2026-07-14T18:45:59.812595+00:00,1420527675,-69.609
2026-07-14T18:45:59.812595+00:00,1420529139,-69.648
2026-07-14T18:45:59.812595+00:00,1420530604,-69.628
2026-07-14T18:45:59.812595+00:00,1420532069,-69.597
2026-07-14T18:45:59.812595+00:00,1420533534,-69.591
2026-07-14T18:45:59.812595+00:00,1420534999,-69.589
2026-07-14T18:45:59.812595+00:00,1420536464,-69.658
2026-07-14T18:45:59.812595+00:00,1420537928,-69.593
2026-07-14T18:45:59.812595+00:00,1420539393,-69.644
2026-07-14T18:45:59.812595+00:00,1420540858,-69.619
2026-07-14T18:45:59.812595+00:00,1420542323,-69.582
2026-07-14T18:45:59.812595+00:00,1420543788,-69.613
2026-07-14T18:45:59.812595+00:00,1420545253,-69.65
2026-07-14T18:45:59.812595+00:00,1420546717,-69.719
2026-07-14T18:45:59.812595+00:00,1420548182,-69.682
2026-07-14T18:45:59.812595+00:00,1420549647,-69.683
2026-07-14T18:45:59.812595+00:00,1420551112,-69.688
2026-07-14T18:45:59.812595+00:00,1420552577,-69.704
2026-07-14T18:45:59.812595+00:00,1420554042,-69.682
2026-07-14T18:45:59.812595+00:00,1420555507,-69.676
2026-07-14T18:45:59.812595+00:00,1420556971,-69.737
2026-07-14T18:45:59.812595+00:00,1420558436,-69.691
2026-07-14T18:45:59.812595+00:00,1420559901,-69.718
2026-07-14T18:45:59.812595+00:00,1420561366,-69.705
2026-07-14T18:45:59.812595+00:00,1420562831,-69.659
2026-07-14T18:45:59.812595+00:00,1420564296,-69.653
2026-07-14T18:45:59.812595+00:00,1420565760,-69.743
2026-07-14T18:45:59.812595+00:00,1420567225,-69.765
2026-07-14T18:45:59.812595+00:00,1420568690,-69.735
2026-07-14T18:45:59.812595+00:00,1420570155,-69.669
2026-07-14T18:45:59.812595+00:00,1420571620,-69.688
2026-07-14T18:45:59.812595+00:00,1420573085,-69.678
2026-07-14T18:45:59.812595+00:00,1420574550,-69.716
2026-07-14T18:45:59.812595+00:00,1420576014,-69.728
2026-07-14T18:45:59.812595+00:00,1420577479,-69.742
2026-07-14T18:45:59.812595+00:00,1420578944,-69.755
2026-07-14T18:45:59.812595+00:00,1420580409,-69.679
2026-07-14T18:45:59.812595+00:00,1420581874,-69.707
2026-07-14T18:45:59.812595+00:00,1420583339,-69.75
2026-07-14T18:45:59.812595+00:00,1420584803,-69.762
2026-07-14T18:45:59.812595+00:00,1420586268,-69.778
2026-07-14T18:45:59.812595+00:00,1420587733,-69.738
2026-07-14T18:45:59.812595+00:00,1420589198,-69.744
2026-07-14T18:45:59.812595+00:00,1420590663,-69.74
2026-07-14T18:45:59.812595+00:00,1420592128,-69.737
2026-07-14T18:45:59.812595+00:00,1420593592,-69.689
2026-07-14T18:45:59.812595+00:00,1420595057,-69.731
2026-07-14T18:45:59.812595+00:00,1420596522,-69.703
2026-07-14T18:45:59.812595+00:00,1420597987,-69.631
2026-07-14T18:45:59.812595+00:00,1420599452,-69.719
2026-07-14T18:45:59.812595+00:00,1420600917,-69.711
2026-07-14T18:45:59.812595+00:00,1420602382,-69.769
2026-07-14T18:45:59.812595+00:00,1420603846,-69.774
2026-07-14T18:45:59.812595+00:00,1420605311,-69.762
2026-07-14T18:45:59.812595+00:00,1420606776,-69.708
2026-07-14T18:45:59.812595+00:00,1420608241,-69.779
2026-07-14T18:45:59.812595+00:00,1420609706,-69.77
2026-07-14T18:45:59.812595+00:00,1420611171,-69.748
2026-07-14T18:45:59.812595+00:00,1420612635,-69.823
2026-07-14T18:45:59.812595+00:00,1420614100,-69.794
2026-07-14T18:45:59.812595+00:00,1420615565,-69.705
2026-07-14T18:45:59.812595+00:00,1420617030,-69.798
2026-07-14T18:45:59.812595+00:00,1420618495,-69.811
2026-07-14T18:45:59.812595+00:00,1420619960,-69.814
2026-07-14T18:45:59.812595+00:00,1420621425,-69.79
2026-07-14T18:45:59.812595+00:00,1420622889,-69.802
2026-07-14T18:45:59.812595+00:00,1420624354,-69.825
2026-07-14T18:45:59.812595+00:00,1420625819,-69.851
2026-07-14T18:45:59.812595+00:00,1420627284,-69.78
2026-07-14T18:45:59.812595+00:00,1420628749,-69.819
2026-07-14T18:45:59.812595+00:00,1420630214,-69.819
2026-07-14T18:45:59.812595+00:00,1420631678,-69.73
2026-07-14T18:45:59.812595+00:00,1420633143,-69.81
2026-07-14T18:45:59.812595+00:00,1420634608,-69.871
2026-07-14T18:45:59.812595+00:00,1420636073,-69.832
2026-07-14T18:45:59.812595+00:00,1420637538,-69.821
2026-07-14T18:45:59.812595+00:00,1420639003,-69.792
2026-07-14T18:45:59.812595+00:00,1420640467,-69.792
2026-07-14T18:45:59.812595+00:00,1420641932,-69.818
2026-07-14T18:45:59.812595+00:00,1420643397,-69.81
2026-07-14T18:45:59.812595+00:00,1420644862,-69.753
2026-07-14T18:45:59.812595+00:00,1420646327,-69.793
2026-07-14T18:45:59.812595+00:00,1420647792,-69.856
2026-07-14T18:45:59.812595+00:00,1420649257,-69.812
2026-07-14T18:45:59.812595+00:00,1420650721,-69.813
2026-07-14T18:45:59.812595+00:00,1420652186,-69.782
2026-07-14T18:45:59.812595+00:00,1420653651,-69.804
2026-07-14T18:45:59.812595+00:00,1420655116,-69.821
2026-07-14T18:45:59.812595+00:00,1420656581,-69.864
2026-07-14T18:45:59.812595+00:00,1420658046,-69.91
2026-07-14T18:45:59.812595+00:00,1420659510,-69.9
2026-07-14T18:45:59.812595+00:00,1420660975,-69.795
2026-07-14T18:45:59.812595+00:00,1420662440,-69.776
2026-07-14T18:45:59.812595+00:00,1420663905,-69.892
2026-07-14T18:45:59.812595+00:00,1420665370,-69.941
2026-07-14T18:45:59.812595+00:00,1420666835,-69.937
2026-07-14T18:45:59.812595+00:00,1420668300,-69.927
2026-07-14T18:45:59.812595+00:00,1420669764,-69.888
2026-07-14T18:45:59.812595+00:00,1420671229,-69.964
2026-07-14T18:45:59.812595+00:00,1420672694,-70.006
2026-07-14T18:45:59.812595+00:00,1420674159,-69.927
2026-07-14T18:45:59.812595+00:00,1420675624,-69.878
2026-07-14T18:45:59.812595+00:00,1420677089,-69.949
2026-07-14T18:45:59.812595+00:00,1420678553,-69.937
2026-07-14T18:45:59.812595+00:00,1420680018,-69.933
2026-07-14T18:45:59.812595+00:00,1420681483,-69.941
2026-07-14T18:45:59.812595+00:00,1420682948,-69.988
2026-07-14T18:45:59.812595+00:00,1420684413,-70.011
2026-07-14T18:45:59.812595+00:00,1420685878,-69.944
2026-07-14T18:45:59.812595+00:00,1420687342,-69.935
2026-07-14T18:45:59.812595+00:00,1420688807,-69.997
2026-07-14T18:45:59.812595+00:00,1420690272,-69.939
2026-07-14T18:45:59.812595+00:00,1420691737,-69.942
2026-07-14T18:45:59.812595+00:00,1420693202,-69.941
2026-07-14T18:45:59.812595+00:00,1420694667,-69.938
2026-07-14T18:45:59.812595+00:00,1420696132,-69.959
2026-07-14T18:45:59.812595+00:00,1420697596,-69.888
2026-07-14T18:45:59.812595+00:00,1420699061,-69.944
2026-07-14T18:45:59.812595+00:00,1420700526,-69.957
2026-07-14T18:45:59.812595+00:00,1420701991,-69.976
2026-07-14T18:45:59.812595+00:00,1420703456,-70.013
2026-07-14T18:45:59.812595+00:00,1420704921,-70.032
2026-07-14T18:45:59.812595+00:00,1420706385,-70.031
2026-07-14T18:45:59.812595+00:00,1420707850,-69.946
2026-07-14T18:45:59.812595+00:00,1420709315,-69.961
2026-07-14T18:45:59.812595+00:00,1420710780,-70.001
2026-07-14T18:45:59.812595+00:00,1420712245,-70.015
2026-07-14T18:45:59.812595+00:00,1420713710,-70.011
2026-07-14T18:45:59.812595+00:00,1420715175,-69.979
2026-07-14T18:45:59.812595+00:00,1420716639,-70.05
2026-07-14T18:45:59.812595+00:00,1420718104,-70.041
2026-07-14T18:45:59.812595+00:00,1420719569,-70.023
2026-07-14T18:45:59.812595+00:00,1420721034,-70.033
2026-07-14T18:45:59.812595+00:00,1420722499,-69.985
2026-07-14T18:45:59.812595+00:00,1420723964,-70.007
2026-07-14T18:45:59.812595+00:00,1420725428,-70.018
2026-07-14T18:45:59.812595+00:00,1420726893,-70.022
2026-07-14T18:45:59.812595+00:00,1420728358,-70.024
2026-07-14T18:45:59.812595+00:00,1420729823,-70.06
2026-07-14T18:45:59.812595+00:00,1420731288,-70.034
2026-07-14T18:45:59.812595+00:00,1420732753,-70.038
2026-07-14T18:45:59.812595+00:00,1420734217,-70.066
2026-07-14T18:45:59.812595+00:00,1420735682,-70.092
2026-07-14T18:45:59.812595+00:00,1420737147,-70.062
2026-07-14T18:45:59.812595+00:00,1420738612,-70.029
2026-07-14T18:45:59.812595+00:00,1420740077,-70.062
2026-07-14T18:45:59.812595+00:00,1420741542,-70.081
2026-07-14T18:45:59.812595+00:00,1420743007,-70.035
2026-07-14T18:45:59.812595+00:00,1420744471,-70.044
2026-07-14T18:45:59.812595+00:00,1420745936,-70.116
2026-07-14T18:45:59.812595+00:00,1420747401,-70.055
2026-07-14T18:45:59.812595+00:00,1420748866,-69.985
2026-07-14T18:45:59.812595+00:00,1420750331,-70.032
2026-07-14T18:45:59.812595+00:00,1420751796,-70.07
2026-07-14T18:45:59.812595+00:00,1420753260,-70.056
2026-07-14T18:45:59.812595+00:00,1420754725,-70.118
2026-07-14T18:45:59.812595+00:00,1420756190,-70.106
2026-07-14T18:45:59.812595+00:00,1420757655,-70.067
2026-07-14T18:45:59.812595+00:00,1420759120,-70.086
2026-07-14T18:45:59.812595+00:00,1420760585,-70.105
2026-07-14T18:45:59.812595+00:00,1420762050,-70.19
2026-07-14T18:45:59.812595+00:00,1420763514,-70.17
2026-07-14T18:45:59.812595+00:00,1420764979,-70.103
2026-07-14T18:45:59.812595+00:00,1420766444,-70.109
2026-07-14T18:45:59.812595+00:00,1420767909,-70.123
2026-07-14T18:45:59.812595+00:00,1420769374,-70.172
2026-07-14T18:45:59.812595+00:00,1420770839,-70.179
2026-07-14T18:45:59.812595+00:00,1420772303,-70.132
2026-07-14T18:45:59.812595+00:00,1420773768,-70.091
2026-07-14T18:45:59.812595+00:00,1420775233,-70.118
2026-07-14T18:45:59.812595+00:00,1420776698,-70.114
2026-07-14T18:45:59.812595+00:00,1420778163,-70.088
2026-07-14T18:45:59.812595+00:00,1420779628,-70.131
2026-07-14T18:45:59.812595+00:00,1420781092,-70.128
2026-07-14T18:45:59.812595+00:00,1420782557,-70.176
2026-07-14T18:45:59.812595+00:00,1420784022,-70.202
2026-07-14T18:45:59.812595+00:00,1420785487,-70.162
2026-07-14T18:45:59.812595+00:00,1420786952,-70.179
2026-07-14T18:45:59.812595+00:00,1420788417,-70.201
2026-07-14T18:45:59.812595+00:00,1420789882,-70.17
2026-07-14T18:45:59.812595+00:00,1420791346,-70.152
2026-07-14T18:45:59.812595+00:00,1420792811,-70.174
2026-07-14T18:45:59.812595+00:00,1420794276,-70.169
2026-07-14T18:45:59.812595+00:00,1420795741,-70.087
2026-07-14T18:45:59.812595+00:00,1420797206,-70.099
2026-07-14T18:45:59.812595+00:00,1420798671,-70.213
2026-07-14T18:45:59.812595+00:00,1420800135,-70.228
2026-07-14T18:45:59.812595+00:00,1420801600,-70.205
2026-07-14T18:45:59.812595+00:00,1420803065,-70.188
2026-07-14T18:45:59.812595+00:00,1420804530,-70.155
2026-07-14T18:45:59.812595+00:00,1420805995,-70.194
2026-07-14T18:45:59.812595+00:00,1420807460,-70.168
2026-07-14T18:45:59.812595+00:00,1420808925,-70.109
2026-07-14T18:45:59.812595+00:00,1420810389,-70.194
2026-07-14T18:45:59.812595+00:00,1420811854,-70.198
2026-07-14T18:45:59.812595+00:00,1420813319,-70.163
2026-07-14T18:45:59.812595+00:00,1420814784,-70.166
2026-07-14T18:45:59.812595+00:00,1420816249,-70.214
2026-07-14T18:45:59.812595+00:00,1420817714,-70.222
2026-07-14T18:45:59.812595+00:00,1420819178,-70.163
2026-07-14T18:45:59.812595+00:00,1420820643,-70.247
2026-07-14T18:45:59.812595+00:00,1420822108,-70.26
2026-07-14T18:45:59.812595+00:00,1420823573,-70.25
2026-07-14T18:45:59.812595+00:00,1420825038,-70.197
2026-07-14T18:45:59.812595+00:00,1420826503,-70.205
2026-07-14T18:45:59.812595+00:00,1420827967,-70.201
2026-07-14T18:45:59.812595+00:00,1420829432,-70.274
2026-07-14T18:45:59.812595+00:00,1420830897,-70.273
2026-07-14T18:45:59.812595+00:00,1420832362,-70.26
2026-07-14T18:45:59.812595+00:00,1420833827,-70.239
2026-07-14T18:45:59.812595+00:00,1420835292,-70.163
2026-07-14T18:45:59.812595+00:00,1420836757,-70.189
2026-07-14T18:45:59.812595+00:00,1420838221,-70.212
2026-07-14T18:45:59.812595+00:00,1420839686,-70.158
2026-07-14T18:45:59.812595+00:00,1420841151,-70.129
2026-07-14T18:45:59.812595+00:00,1420842616,-70.164
2026-07-14T18:45:59.812595+00:00,1420844081,-70.223
2026-07-14T18:45:59.812595+00:00,1420845546,-70.272
2026-07-14T18:45:59.812595+00:00,1420847010,-70.273
2026-07-14T18:45:59.812595+00:00,1420848475,-70.226
2026-07-14T18:45:59.812595+00:00,1420849940,-70.161
2026-07-14T18:45:59.812595+00:00,1420851405,-70.161
2026-07-14T18:45:59.812595+00:00,1420852870,-70.185
2026-07-14T18:45:59.812595+00:00,1420854335,-70.175
2026-07-14T18:45:59.812595+00:00,1420855800,-70.183
2026-07-14T18:45:59.812595+00:00,1420857264,-70.192
2026-07-14T18:45:59.812595+00:00,1420858729,-70.255
2026-07-14T18:45:59.812595+00:00,1420860194,-70.287
2026-07-14T18:45:59.812595+00:00,1420861659,-70.203
2026-07-14T18:45:59.812595+00:00,1420863124,-70.231
2026-07-14T18:45:59.812595+00:00,1420864589,-70.314
2026-07-14T18:45:59.812595+00:00,1420866053,-70.294
2026-07-14T18:45:59.812595+00:00,1420867518,-70.276
2026-07-14T18:45:59.812595+00:00,1420868983,-70.257
2026-07-14T18:45:59.812595+00:00,1420870448,-70.236
2026-07-14T18:45:59.812595+00:00,1420871913,-70.236
2026-07-14T18:45:59.812595+00:00,1420873378,-70.236
2026-07-14T18:45:59.812595+00:00,1420874842,-70.258
2026-07-14T18:45:59.812595+00:00,1420876307,-70.289
2026-07-14T18:45:59.812595+00:00,1420877772,-70.211
2026-07-14T18:45:59.812595+00:00,1420879237,-70.218
2026-07-14T18:45:59.812595+00:00,1420880702,-70.21
2026-07-14T18:45:59.812595+00:00,1420882167,-70.217
2026-07-14T18:45:59.812595+00:00,1420883632,-70.267
2026-07-14T18:45:59.812595+00:00,1420885096,-70.232
2026-07-14T18:45:59.812595+00:00,1420886561,-70.251
2026-07-14T18:45:59.812595+00:00,1420888026,-70.254
2026-07-14T18:45:59.812595+00:00,1420889491,-70.3
2026-07-14T18:45:59.812595+00:00,1420890956,-70.323
2026-07-14T18:45:59.812595+00:00,1420892421,-70.235
2026-07-14T18:45:59.812595+00:00,1420893885,-70.226
2026-07-14T18:45:59.812595+00:00,1420895350,-70.269
2026-07-14T18:45:59.812595+00:00,1420896815,-70.239
2026-07-14T18:45:59.812595+00:00,1420898280,-70.243
2026-07-14T18:45:59.812595+00:00,1420899745,-70.242
2026-07-14T18:45:59.812595+00:00,1420901210,-70.247
2026-07-14T18:45:59.812595+00:00,1420902675,-70.299
2026-07-14T18:45:59.812595+00:00,1420904139,-70.206
2026-07-14T18:45:59.812595+00:00,1420905604,-70.195
2026-07-14T18:45:59.812595+00:00,1420907069,-70.258
2026-07-14T18:45:59.812595+00:00,1420908534,-70.284
2026-07-14T18:45:59.812595+00:00,1420909999,-70.264
2026-07-14T18:45:59.812595+00:00,1420911464,-70.324
2026-07-14T18:45:59.812595+00:00,1420912928,-70.327
2026-07-14T18:45:59.812595+00:00,1420914393,-70.249
2026-07-14T18:45:59.812595+00:00,1420915858,-70.282
2026-07-14T18:45:59.812595+00:00,1420917323,-70.346
2026-07-14T18:45:59.812595+00:00,1420918788,-70.312
2026-07-14T18:45:59.812595+00:00,1420920253,-70.338
2026-07-14T18:45:59.812595+00:00,1420921717,-70.358
2026-07-14T18:45:59.812595+00:00,1420923182,-70.276
2026-07-14T18:45:59.812595+00:00,1420924647,-70.311
2026-07-14T18:45:59.812595+00:00,1420926112,-70.315
2026-07-14T18:45:59.812595+00:00,1420927577,-70.259
2026-07-14T18:45:59.812595+00:00,1420929042,-70.312
2026-07-14T18:45:59.812595+00:00,1420930507,-70.305
2026-07-14T18:45:59.812595+00:00,1420931971,-70.268
2026-07-14T18:45:59.812595+00:00,1420933436,-70.252
2026-07-14T18:45:59.812595+00:00,1420934901,-70.287
2026-07-14T18:45:59.812595+00:00,1420936366,-70.36
2026-07-14T18:45:59.812595+00:00,1420937831,-70.393
2026-07-14T18:45:59.812595+00:00,1420939296,-70.341
2026-07-14T18:45:59.812595+00:00,1420940760,-70.298
2026-07-14T18:45:59.812595+00:00,1420942225,-70.273
2026-07-14T18:45:59.812595+00:00,1420943690,-70.312
2026-07-14T18:45:59.812595+00:00,1420945155,-70.375
2026-07-14T18:45:59.812595+00:00,1420946620,-70.311
2026-07-14T18:45:59.812595+00:00,1420948085,-70.363
2026-07-14T18:45:59.812595+00:00,1420949550,-70.411
2026-07-14T18:45:59.812595+00:00,1420951014,-70.325
2026-07-14T18:45:59.812595+00:00,1420952479,-70.294
2026-07-14T18:45:59.812595+00:00,1420953944,-70.338
2026-07-14T18:45:59.812595+00:00,1420955409,-70.307
2026-07-14T18:45:59.812595+00:00,1420956874,-70.354
2026-07-14T18:45:59.812595+00:00,1420958339,-70.364
2026-07-14T18:45:59.812595+00:00,1420959803,-70.356
2026-07-14T18:45:59.812595+00:00,1420961268,-70.395
2026-07-14T18:45:59.812595+00:00,1420962733,-70.333
2026-07-14T18:45:59.812595+00:00,1420964198,-70.353
2026-07-14T18:45:59.812595+00:00,1420965663,-70.419
2026-07-14T18:45:59.812595+00:00,1420967128,-70.396
2026-07-14T18:45:59.812595+00:00,1420968592,-70.396
2026-07-14T18:45:59.812595+00:00,1420970057,-70.454
2026-07-14T18:45:59.812595+00:00,1420971522,-70.384
2026-07-14T18:45:59.812595+00:00,1420972987,-70.309
2026-07-14T18:45:59.812595+00:00,1420974452,-70.352
2026-07-14T18:45:59.812595+00:00,1420975917,-70.375
2026-07-14T18:45:59.812595+00:00,1420977382,-70.342
2026-07-14T18:45:59.812595+00:00,1420978846,-70.348
2026-07-14T18:45:59.812595+00:00,1420980311,-70.401
2026-07-14T18:45:59.812595+00:00,1420981776,-70.425
2026-07-14T18:45:59.812595+00:00,1420983241,-70.358
2026-07-14T18:45:59.812595+00:00,1420984706,-70.424
2026-07-14T18:45:59.812595+00:00,1420986171,-70.464
2026-07-14T18:45:59.812595+00:00,1420987635,-70.441
2026-07-14T18:45:59.812595+00:00,1420989100,-70.453
2026-07-14T18:45:59.812595+00:00,1420990565,-70.445
2026-07-14T18:45:59.812595+00:00,1420992030,-70.464
2026-07-14T18:45:59.812595+00:00,1420993495,-70.429
2026-07-14T18:45:59.812595+00:00,1420994960,-70.424
2026-07-14T18:45:59.812595+00:00,1420996425,-70.544
2026-07-14T18:45:59.812595+00:00,1420997889,-70.459
2026-07-14T18:45:59.812595+00:00,1420999354,-70.451
2026-07-14T18:45:59.812595+00:00,1421000819,-70.466
2026-07-14T18:45:59.812595+00:00,1421002284,-70.474
2026-07-14T18:45:59.812595+00:00,1421003749,-70.44
2026-07-14T18:45:59.812595+00:00,1421005214,-70.399
2026-07-14T18:45:59.812595+00:00,1421006678,-70.459
2026-07-14T18:45:59.812595+00:00,1421008143,-70.47
2026-07-14T18:45:59.812595+00:00,1421009608,-70.413
2026-07-14T18:45:59.812595+00:00,1421011073,-70.4
2026-07-14T18:45:59.812595+00:00,1421012538,-70.439
2026-07-14T18:45:59.812595+00:00,1421014003,-70.378
2026-07-14T18:45:59.812595+00:00,1421015467,-70.532
2026-07-14T18:45:59.812595+00:00,1421016932,-70.509
2026-07-14T18:45:59.812595+00:00,1421018397,-70.489
2026-07-14T18:45:59.812595+00:00,1421019862,-70.493
2026-07-14T18:45:59.812595+00:00,1421021327,-70.499
2026-07-14T18:45:59.812595+00:00,1421022792,-70.525
2026-07-14T18:45:59.812595+00:00,1421024257,-70.472
2026-07-14T18:45:59.812595+00:00,1421025721,-70.435
2026-07-14T18:45:59.812595+00:00,1421027186,-70.417
2026-07-14T18:45:59.812595+00:00,1421028651,-70.504
2026-07-14T18:45:59.812595+00:00,1421030116,-70.534
2026-07-14T18:45:59.812595+00:00,1421031581,-70.577
2026-07-14T18:45:59.812595+00:00,1421033046,-70.551
2026-07-14T18:45:59.812595+00:00,1421034510,-70.541
2026-07-14T18:45:59.812595+00:00,1421035975,-70.515
2026-07-14T18:45:59.812595+00:00,1421037440,-70.508
2026-07-14T18:45:59.812595+00:00,1421038905,-70.519
2026-07-14T18:45:59.812595+00:00,1421040370,-70.538
2026-07-14T18:45:59.812595+00:00,1421041835,-70.569
2026-07-14T18:45:59.812595+00:00,1421043300,-70.615
2026-07-14T18:45:59.812595+00:00,1421044764,-70.579
2026-07-14T18:45:59.812595+00:00,1421046229,-70.534
2026-07-14T18:45:59.812595+00:00,1421047694,-70.639
2026-07-14T18:45:59.812595+00:00,1421049159,-70.618
2026-07-14T18:45:59.812595+00:00,1421050624,-70.518
2026-07-14T18:45:59.812595+00:00,1421052089,-70.524
2026-07-14T18:45:59.812595+00:00,1421053553,-70.596
2026-07-14T18:45:59.812595+00:00,1421055018,-70.614
2026-07-14T18:45:59.812595+00:00,1421056483,-70.611
2026-07-14T18:45:59.812595+00:00,1421057948,-70.669
2026-07-14T18:45:59.812595+00:00,1421059413,-70.666
2026-07-14T18:45:59.812595+00:00,1421060878,-70.58
2026-07-14T18:45:59.812595+00:00,1421062342,-70.654
2026-07-14T18:45:59.812595+00:00,1421063807,-70.628
2026-07-14T18:45:59.812595+00:00,1421065272,-70.607
2026-07-14T18:45:59.812595+00:00,1421066737,-70.578
2026-07-14T18:45:59.812595+00:00,1421068202,-70.661
2026-07-14T18:45:59.812595+00:00,1421069667,-70.621
2026-07-14T18:45:59.812595+00:00,1421071132,-70.623
2026-07-14T18:45:59.812595+00:00,1421072596,-70.696
2026-07-14T18:45:59.812595+00:00,1421074061,-70.658
2026-07-14T18:45:59.812595+00:00,1421075526,-70.617
2026-07-14T18:45:59.812595+00:00,1421076991,-70.64
2026-07-14T18:45:59.812595+00:00,1421078456,-70.645
2026-07-14T18:45:59.812595+00:00,1421079921,-70.651
2026-07-14T18:45:59.812595+00:00,1421081385,-70.707
2026-07-14T18:45:59.812595+00:00,1421082850,-70.702
2026-07-14T18:45:59.812595+00:00,1421084315,-70.657
2026-07-14T18:45:59.812595+00:00,1421085780,-70.737
2026-07-14T18:45:59.812595+00:00,1421087245,-70.749
2026-07-14T18:45:59.812595+00:00,1421088710,-70.757
2026-07-14T18:45:59.812595+00:00,1421090175,-70.8
2026-07-14T18:45:59.812595+00:00,1421091639,-70.739
2026-07-14T18:45:59.812595+00:00,1421093104,-70.712
2026-07-14T18:45:59.812595+00:00,1421094569,-70.746
2026-07-14T18:45:59.812595+00:00,1421096034,-70.784
2026-07-14T18:45:59.812595+00:00,1421097499,-70.779
2026-07-14T18:45:59.812595+00:00,1421098964,-70.75
2026-07-14T18:45:59.812595+00:00,1421100428,-70.711
2026-07-14T18:45:59.812595+00:00,1421101893,-70.772
2026-07-14T18:45:59.812595+00:00,1421103358,-70.825
2026-07-14T18:45:59.812595+00:00,1421104823,-70.826
2026-07-14T18:45:59.812595+00:00,1421106288,-70.816
2026-07-14T18:45:59.812595+00:00,1421107753,-70.777
2026-07-14T18:45:59.812595+00:00,1421109217,-70.789
2026-07-14T18:45:59.812595+00:00,1421110682,-70.815
2026-07-14T18:45:59.812595+00:00,1421112147,-70.794
2026-07-14T18:45:59.812595+00:00,1421113612,-70.838
2026-07-14T18:45:59.812595+00:00,1421115077,-70.835
2026-07-14T18:45:59.812595+00:00,1421116542,-70.783
2026-07-14T18:45:59.812595+00:00,1421118007,-70.833
2026-07-14T18:45:59.812595+00:00,1421119471,-70.823
2026-07-14T18:45:59.812595+00:00,1421120936,-70.829
2026-07-14T18:45:59.812595+00:00,1421122401,-70.807
2026-07-14T18:45:59.812595+00:00,1421123866,-70.784
2026-07-14T18:45:59.812595+00:00,1421125331,-70.813
2026-07-14T18:45:59.812595+00:00,1421126796,-70.811
2026-07-14T18:45:59.812595+00:00,1421128260,-70.887
2026-07-14T18:45:59.812595+00:00,1421129725,-70.917
2026-07-14T18:45:59.812595+00:00,1421131190,-70.88
2026-07-14T18:45:59.812595+00:00,1421132655,-70.851
2026-07-14T18:45:59.812595+00:00,1421134120,-70.793
2026-07-14T18:45:59.812595+00:00,1421135585,-70.807
2026-07-14T18:45:59.812595+00:00,1421137050,-70.932
2026-07-14T18:45:59.812595+00:00,1421138514,-70.856
2026-07-14T18:45:59.812595+00:00,1421139979,-70.831
2026-07-14T18:45:59.812595+00:00,1421141444,-70.839
2026-07-14T18:45:59.812595+00:00,1421142909,-70.9
2026-07-14T18:45:59.812595+00:00,1421144374,-70.932
2026-07-14T18:45:59.812595+00:00,1421145839,-70.946
2026-07-14T18:45:59.812595+00:00,1421147303,-70.969
2026-07-14T18:45:59.812595+00:00,1421148768,-70.882
2026-07-14T18:45:59.812595+00:00,1421150233,-70.904
2026-07-14T18:45:59.812595+00:00,1421151698,-70.954
2026-07-14T18:45:59.812595+00:00,1421153163,-70.984
2026-07-14T18:45:59.812595+00:00,1421154628,-70.967
2026-07-14T18:45:59.812595+00:00,1421156092,-70.928
2026-07-14T18:45:59.812595+00:00,1421157557,-70.898
2026-07-14T18:45:59.812595+00:00,1421159022,-70.86
2026-07-14T18:45:59.812595+00:00,1421160487,-70.926
2026-07-14T18:45:59.812595+00:00,1421161952,-70.911
2026-07-14T18:45:59.812595+00:00,1421163417,-70.941
2026-07-14T18:45:59.812595+00:00,1421164882,-70.92
2026-07-14T18:45:59.812595+00:00,1421166346,-70.987
2026-07-14T18:45:59.812595+00:00,1421167811,-71.0
2026-07-14T18:45:59.812595+00:00,1421169276,-70.929
2026-07-14T18:45:59.812595+00:00,1421170741,-70.955
2026-07-14T18:45:59.812595+00:00,1421172206,-70.919
2026-07-14T18:45:59.812595+00:00,1421173671,-70.983
2026-07-14T18:45:59.812595+00:00,1421175135,-70.975
2026-07-14T18:45:59.812595+00:00,1421176600,-71.002
2026-07-14T18:45:59.812595+00:00,1421178065,-71.032
2026-07-14T18:45:59.812595+00:00,1421179530,-70.958
2026-07-14T18:45:59.812595+00:00,1421180995,-71.05
2026-07-14T18:45:59.812595+00:00,1421182460,-71.068
2026-07-14T18:45:59.812595+00:00,1421183925,-71.077
2026-07-14T18:45:59.812595+00:00,1421185389,-71.046
2026-07-14T18:45:59.812595+00:00,1421186854,-70.977
2026-07-14T18:45:59.812595+00:00,1421188319,-70.97
2026-07-14T18:45:59.812595+00:00,1421189784,-70.981
2026-07-14T18:45:59.812595+00:00,1421191249,-71.008
2026-07-14T18:45:59.812595+00:00,1421192714,-71.05
2026-07-14T18:45:59.812595+00:00,1421194178,-71.034
2026-07-14T18:45:59.812595+00:00,1421195643,-71.034
2026-07-14T18:45:59.812595+00:00,1421197108,-71.003
2026-07-14T18:45:59.812595+00:00,1421198573,-71.053
2026-07-14T18:45:59.812595+00:00,1421200038,-71.035
2026-07-14T18:45:59.812595+00:00,1421201503,-71.073
2026-07-14T18:45:59.812595+00:00,1421202967,-71.003
2026-07-14T18:45:59.812595+00:00,1421204432,-71.028
2026-07-14T18:45:59.812595+00:00,1421205897,-71.076
2026-07-14T18:45:59.812595+00:00,1421207362,-70.988
2026-07-14T18:45:59.812595+00:00,1421208827,-71.034
2026-07-14T18:45:59.812595+00:00,1421210292,-71.056
2026-07-14T18:45:59.812595+00:00,1421211757,-71.069
2026-07-14T18:45:59.812595+00:00,1421213221,-71.057
2026-07-14T18:45:59.812595+00:00,1421214686,-71.018
2026-07-14T18:45:59.812595+00:00,1421216151,-71.048
2026-07-14T18:45:59.812595+00:00,1421217616,-71.066
2026-07-14T18:45:59.812595+00:00,1421219081,-71.027
2026-07-14T18:45:59.812595+00:00,1421220546,-71.077
2026-07-14T18:45:59.812595+00:00,1421222010,-71.088
2026-07-14T18:45:59.812595+00:00,1421223475,-71.088
2026-07-14T18:45:59.812595+00:00,1421224940,-71.08
2026-07-14T18:45:59.812595+00:00,1421226405,-71.041
2026-07-14T18:45:59.812595+00:00,1421227870,-71.06
2026-07-14T18:45:59.812595+00:00,1421229335,-71.093
2026-07-14T18:45:59.812595+00:00,1421230800,-71.057
2026-07-14T18:45:59.812595+00:00,1421232264,-71.038
2026-07-14T18:45:59.812595+00:00,1421233729,-71.101
2026-07-14T18:45:59.812595+00:00,1421235194,-71.014
2026-07-14T18:45:59.812595+00:00,1421236659,-71.079
2026-07-14T18:45:59.812595+00:00,1421238124,-71.094
2026-07-14T18:45:59.812595+00:00,1421239589,-71.08
2026-07-14T18:45:59.812595+00:00,1421241053,-71.061
2026-07-14T18:45:59.812595+00:00,1421242518,-71.089
2026-07-14T18:45:59.812595+00:00,1421243983,-71.087
2026-07-14T18:45:59.812595+00:00,1421245448,-71.11
2026-07-14T18:45:59.812595+00:00,1421246913,-71.125
2026-07-14T18:45:59.812595+00:00,1421248378,-71.098
2026-07-14T18:45:59.812595+00:00,1421249842,-71.058
2026-07-14T18:45:59.812595+00:00,1421251307,-71.029
2026-07-14T18:45:59.812595+00:00,1421252772,-71.024
2026-07-14T18:45:59.812595+00:00,1421254237,-71.088
2026-07-14T18:45:59.812595+00:00,1421255702,-71.144
2026-07-14T18:45:59.812595+00:00,1421257167,-71.116
2026-07-14T18:45:59.812595+00:00,1421258632,-71.121
2026-07-14T18:45:59.812595+00:00,1421260096,-71.088
2026-07-14T18:45:59.812595+00:00,1421261561,-71.101
2026-07-14T18:45:59.812595+00:00,1421263026,-71.145
2026-07-14T18:45:59.812595+00:00,1421264491,-71.099
2026-07-14T18:45:59.812595+00:00,1421265956,-71.118
2026-07-14T18:45:59.812595+00:00,1421267421,-71.087
2026-07-14T18:45:59.812595+00:00,1421268885,-71.096
2026-07-14T18:45:59.812595+00:00,1421270350,-71.054
2026-07-14T18:45:59.812595+00:00,1421271815,-71.085
2026-07-14T18:45:59.812595+00:00,1421273280,-71.068
2026-07-14T18:45:59.812595+00:00,1421274745,-71.055
2026-07-14T18:45:59.812595+00:00,1421276210,-71.127
2026-07-14T18:45:59.812595+00:00,1421277675,-71.076
2026-07-14T18:45:59.812595+00:00,1421279139,-71.068
2026-07-14T18:45:59.812595+00:00,1421280604,-71.075
2026-07-14T18:45:59.812595+00:00,1421282069,-71.131
2026-07-14T18:45:59.812595+00:00,1421283534,-71.127
2026-07-14T18:45:59.812595+00:00,1421284999,-71.04
2026-07-14T18:45:59.812595+00:00,1421286464,-71.068
2026-07-14T18:45:59.812595+00:00,1421287928,-71.041
2026-07-14T18:45:59.812595+00:00,1421289393,-71.032
2026-07-14T18:45:59.812595+00:00,1421290858,-71.048
2026-07-14T18:45:59.812595+00:00,1421292323,-71.032
2026-07-14T18:45:59.812595+00:00,1421293788,-71.104
2026-07-14T18:45:59.812595+00:00,1421295253,-71.17
2026-07-14T18:45:59.812595+00:00,1421296717,-71.068
2026-07-14T18:45:59.812595+00:00,1421298182,-71.028
2026-07-14T18:45:59.812595+00:00,1421299647,-71.059
2026-07-14T18:45:59.812595+00:00,1421301112,-71.134
2026-07-14T18:45:59.812595+00:00,1421302577,-71.119
2026-07-14T18:45:59.812595+00:00,1421304042,-71.059
2026-07-14T18:45:59.812595+00:00,1421305507,-71.047
2026-07-14T18:45:59.812595+00:00,1421306971,-71.038
2026-07-14T18:45:59.812595+00:00,1421308436,-71.073
2026-07-14T18:45:59.812595+00:00,1421309901,-71.048
2026-07-14T18:45:59.812595+00:00,1421311366,-71.054
2026-07-14T18:45:59.812595+00:00,1421312831,-71.048
2026-07-14T18:45:59.812595+00:00,1421314296,-71.058
2026-07-14T18:45:59.812595+00:00,1421315760,-71.046
2026-07-14T18:45:59.812595+00:00,1421317225,-71.046
2026-07-14T18:45:59.812595+00:00,1421318690,-71.055
2026-07-14T18:45:59.812595+00:00,1421320155,-71.109
2026-07-14T18:45:59.812595+00:00,1421321620,-71.109
2026-07-14T18:45:59.812595+00:00,1421323085,-71.056
2026-07-14T18:45:59.812595+00:00,1421324550,-71.049
2026-07-14T18:45:59.812595+00:00,1421326014,-71.025
2026-07-14T18:45:59.812595+00:00,1421327479,-71.006
2026-07-14T18:45:59.812595+00:00,1421328944,-71.056
2026-07-14T18:45:59.812595+00:00,1421330409,-71.012
2026-07-14T18:45:59.812595+00:00,1421331874,-71.055
2026-07-14T18:45:59.812595+00:00,1421333339,-71.144
2026-07-14T18:45:59.812595+00:00,1421334803,-71.082
2026-07-14T18:45:59.812595+00:00,1421336268,-71.055
2026-07-14T18:45:59.812595+00:00,1421337733,-71.068
2026-07-14T18:45:59.812595+00:00,1421339198,-71.059
2026-07-14T18:45:59.812595+00:00,1421340663,-71.032
2026-07-14T18:45:59.812595+00:00,1421342128,-70.954
2026-07-14T18:45:59.812595+00:00,1421343592,-70.995
2026-07-14T18:45:59.812595+00:00,1421345057,-71.027
2026-07-14T18:45:59.812595+00:00,1421346522,-71.076
2026-07-14T18:45:59.812595+00:00,1421347987,-71.096
2026-07-14T18:45:59.812595+00:00,1421349452,-71.097
2026-07-14T18:45:59.812595+00:00,1421350917,-71.06
2026-07-14T18:45:59.812595+00:00,1421352382,-71.12
2026-07-14T18:45:59.812595+00:00,1421353846,-71.103
2026-07-14T18:45:59.812595+00:00,1421355311,-71.056
2026-07-14T18:45:59.812595+00:00,1421356776,-71.032
2026-07-14T18:45:59.812595+00:00,1421358241,-71.054
2026-07-14T18:45:59.812595+00:00,1421359706,-71.105
2026-07-14T18:45:59.812595+00:00,1421361171,-71.114
2026-07-14T18:45:59.812595+00:00,1421362635,-71.141
2026-07-14T18:45:59.812595+00:00,1421364100,-71.092
2026-07-14T18:45:59.812595+00:00,1421365565,-71.13
2026-07-14T18:45:59.812595+00:00,1421367030,-71.146
2026-07-14T18:45:59.812595+00:00,1421368495,-71.102
2026-07-14T18:45:59.812595+00:00,1421369960,-71.133
2026-07-14T18:45:59.812595+00:00,1421371425,-71.087
2026-07-14T18:45:59.812595+00:00,1421372889,-71.084
2026-07-14T18:45:59.812595+00:00,1421374354,-71.107
2026-07-14T18:45:59.812595+00:00,1421375819,-71.061
2026-07-14T18:45:59.812595+00:00,1421377284,-71.092
2026-07-14T18:45:59.812595+00:00,1421378749,-71.101
2026-07-14T18:45:59.812595+00:00,1421380214,-71.084
2026-07-14T18:45:59.812595+00:00,1421381678,-71.072
2026-07-14T18:45:59.812595+00:00,1421383143,-71.099
2026-07-14T18:45:59.812595+00:00,1421384608,-71.081
2026-07-14T18:45:59.812595+00:00,1421386073,-71.082
2026-07-14T18:45:59.812595+00:00,1421387538,-71.057
2026-07-14T18:45:59.812595+00:00,1421389003,-71.058
2026-07-14T18:45:59.812595+00:00,1421390467,-71.083
2026-07-14T18:45:59.812595+00:00,1421391932,-71.081
2026-07-14T18:45:59.812595+00:00,1421393397,-71.052
2026-07-14T18:45:59.812595+00:00,1421394862,-71.09
2026-07-14T18:45:59.812595+00:00,1421396327,-71.019
2026-07-14T18:45:59.812595+00:00,1421397792,-70.982
2026-07-14T18:45:59.812595+00:00,1421399257,-71.055
2026-07-14T18:45:59.812595+00:00,1421400721,-71.105
2026-07-14T18:45:59.812595+00:00,1421402186,-71.13
2026-07-14T18:45:59.812595+00:00,1421403651,-70.99
2026-07-14T18:45:59.812595+00:00,1421405116,-71.065
2026-07-14T18:45:59.812595+00:00,1421406581,-71.01
2026-07-14T18:45:59.812595+00:00,1421408046,-71.007
2026-07-14T18:45:59.812595+00:00,1421409510,-71.069
2026-07-14T18:45:59.812595+00:00,1421410975,-71.028
2026-07-14T18:45:59.812595+00:00,1421412440,-71.047
2026-07-14T18:45:59.812595+00:00,1421413905,-71.119
2026-07-14T18:45:59.812595+00:00,1421415370,-71.153
2026-07-14T18:45:59.812595+00:00,1421416835,-71.136
2026-07-14T18:45:59.812595+00:00,1421418300,-71.099
2026-07-14T18:45:59.812595+00:00,1421419764,-71.065
2026-07-14T18:45:59.812595+00:00,1421421229,-71.039
2026-07-14T18:45:59.812595+00:00,1421422694,-71.036
2026-07-14T18:45:59.812595+00:00,1421424159,-71.071
2026-07-14T18:45:59.812595+00:00,1421425624,-71.079
2026-07-14T18:45:59.812595+00:00,1421427089,-71.023
2026-07-14T18:45:59.812595+00:00,1421428553,-71.076
2026-07-14T18:45:59.812595+00:00,1421430018,-71.073
2026-07-14T18:45:59.812595+00:00,1421431483,-71.046
2026-07-14T18:45:59.812595+00:00,1421432948,-71.089
2026-07-14T18:45:59.812595+00:00,1421434413,-71.074
2026-07-14T18:45:59.812595+00:00,1421435878,-71.09
2026-07-14T18:45:59.812595+00:00,1421437342,-71.053
2026-07-14T18:45:59.812595+00:00,1421438807,-71.099
2026-07-14T18:45:59.812595+00:00,1421440272,-71.089
2026-07-14T18:45:59.812595+00:00,1421441737,-71.06
2026-07-14T18:45:59.812595+00:00,1421443202,-71.087
2026-07-14T18:45:59.812595+00:00,1421444667,-71.133
2026-07-14T18:45:59.812595+00:00,1421446132,-71.164
2026-07-14T18:45:59.812595+00:00,1421447596,-71.103
2026-07-14T18:45:59.812595+00:00,1421449061,-71.107
2026-07-14T18:45:59.812595+00:00,1421450526,-71.181
2026-07-14T18:45:59.812595+00:00,1421451991,-71.144
2026-07-14T18:45:59.812595+00:00,1421453456,-71.073
2026-07-14T18:45:59.812595+00:00,1421454921,-71.035
2026-07-14T18:45:59.812595+00:00,1421456385,-71.065
2026-07-14T18:45:59.812595+00:00,1421457850,-71.09
2026-07-14T18:45:59.812595+00:00,1421459315,-71.145
2026-07-14T18:45:59.812595+00:00,1421460780,-71.112
2026-07-14T18:45:59.812595+00:00,1421462245,-71.117
2026-07-14T18:45:59.812595+00:00,1421463710,-71.147
2026-07-14T18:45:59.812595+00:00,1421465175,-71.114
2026-07-14T18:45:59.812595+00:00,1421466639,-71.121
2026-07-14T18:45:59.812595+00:00,1421468104,-71.157
2026-07-14T18:45:59.812595+00:00,1421469569,-71.127
2026-07-14T18:45:59.812595+00:00,1421471034,-71.135
2026-07-14T18:45:59.812595+00:00,1421472499,-71.083
2026-07-14T18:45:59.812595+00:00,1421473964,-71.122
2026-07-14T18:45:59.812595+00:00,1421475428,-71.114
2026-07-14T18:45:59.812595+00:00,1421476893,-71.099
2026-07-14T18:45:59.812595+00:00,1421478358,-71.111
2026-07-14T18:45:59.812595+00:00,1421479823,-71.117
2026-07-14T18:45:59.812595+00:00,1421481288,-71.1
2026-07-14T18:45:59.812595+00:00,1421482753,-71.066
2026-07-14T18:45:59.812595+00:00,1421484217,-71.097
2026-07-14T18:45:59.812595+00:00,1421485682,-71.068
2026-07-14T18:45:59.812595+00:00,1421487147,-71.129
2026-07-14T18:45:59.812595+00:00,1421488612,-71.194
2026-07-14T18:45:59.812595+00:00,1421490077,-71.184
2026-07-14T18:45:59.812595+00:00,1421491542,-71.169
2026-07-14T18:45:59.812595+00:00,1421493007,-71.132
2026-07-14T18:45:59.812595+00:00,1421494471,-71.068
2026-07-14T18:45:59.812595+00:00,1421495936,-71.146
2026-07-14T18:45:59.812595+00:00,1421497401,-71.161
2026-07-14T18:45:59.812595+00:00,1421498866,-71.15
2026-07-14T18:45:59.812595+00:00,1421500331,-71.136
2026-07-14T18:45:59.812595+00:00,1421501796,-71.143
2026-07-14T18:45:59.812595+00:00,1421503260,-71.137
2026-07-14T18:45:59.812595+00:00,1421504725,-71.137
2026-07-14T18:45:59.812595+00:00,1421506190,-71.086
2026-07-14T18:45:59.812595+00:00,1421507655,-71.051
2026-07-14T18:45:59.812595+00:00,1421509120,-71.045
2026-07-14T18:45:59.812595+00:00,1421510585,-71.015
2026-07-14T18:45:59.812595+00:00,1421512050,-71.056
2026-07-14T18:45:59.812595+00:00,1421513514,-71.051
2026-07-14T18:45:59.812595+00:00,1421514979,-71.068
2026-07-14T18:45:59.812595+00:00,1421516444,-71.102
2026-07-14T18:45:59.812595+00:00,1421517909,-71.054
2026-07-14T18:45:59.812595+00:00,1421519374,-70.995
2026-07-14T18:45:59.812595+00:00,1421520839,-71.052
2026-07-14T18:45:59.812595+00:00,1421522303,-71.138
2026-07-14T18:45:59.812595+00:00,1421523768,-71.044
2026-07-14T18:45:59.812595+00:00,1421525233,-71.064
2026-07-14T18:45:59.812595+00:00,1421526698,-71.028
2026-07-14T18:45:59.812595+00:00,1421528163,-70.972
2026-07-14T18:45:59.812595+00:00,1421529628,-71.003
2026-07-14T18:45:59.812595+00:00,1421531092,-70.947
2026-07-14T18:45:59.812595+00:00,1421532557,-70.926
2026-07-14T18:45:59.812595+00:00,1421534022,-70.969
2026-07-14T18:45:59.812595+00:00,1421535487,-70.987
2026-07-14T18:45:59.812595+00:00,1421536952,-70.939
2026-07-14T18:45:59.812595+00:00,1421538417,-70.952
2026-07-14T18:45:59.812595+00:00,1421539882,-70.898
2026-07-14T18:45:59.812595+00:00,1421541346,-70.838
2026-07-14T18:45:59.812595+00:00,1421542811,-70.818
2026-07-14T18:45:59.812595+00:00,1421544276,-70.784
2026-07-14T18:45:59.812595+00:00,1421545741,-70.783
2026-07-14T18:45:59.812595+00:00,1421547206,-70.802
2026-07-14T18:45:59.812595+00:00,1421548671,-70.745
2026-07-14T18:45:59.812595+00:00,1421550135,-70.688
2026-07-14T18:45:59.812595+00:00,1421551600,-70.64
2026-07-14T18:45:59.812595+00:00,1421553065,-70.597
2026-07-14T18:45:59.812595+00:00,1421554530,-70.566
2026-07-14T18:45:59.812595+00:00,1421555995,-70.427
2026-07-14T18:45:59.812595+00:00,1421557460,-70.355
2026-07-14T18:45:59.812595+00:00,1421558925,-70.303
2026-07-14T18:45:59.812595+00:00,1421560389,-70.259
2026-07-14T18:45:59.812595+00:00,1421561854,-70.232
2026-07-14T18:45:59.812595+00:00,1421563319,-70.146
2026-07-14T18:45:59.812595+00:00,1421564784,-70.1
2026-07-14T18:45:59.812595+00:00,1421566249,-69.952
2026-07-14T18:45:59.812595+00:00,1421567714,-69.875
2026-07-14T18:45:59.812595+00:00,1421569178,-69.808
2026-07-14T18:45:59.812595+00:00,1421570643,-69.662
2026-07-14T18:45:59.812595+00:00,1421572108,-69.542
2026-07-14T18:45:59.812595+00:00,1421573573,-69.428
2026-07-14T18:45:59.812595+00:00,1421575038,-69.355
2026-07-14T18:45:59.812595+00:00,1421576503,-69.237
2026-07-14T18:45:59.812595+00:00,1421577967,-69.149
2026-07-14T18:45:59.812595+00:00,1421579432,-69.005
2026-07-14T18:45:59.812595+00:00,1421580897,-68.893
2026-07-14T18:45:59.812595+00:00,1421582362,-68.763
2026-07-14T18:45:59.812595+00:00,1421583827,-68.668
2026-07-14T18:45:59.812595+00:00,1421585292,-68.466
2026-07-14T18:45:59.812595+00:00,1421586757,-68.355
2026-07-14T18:45:59.812595+00:00,1421588221,-68.281
2026-07-14T18:45:59.812595+00:00,1421589686,-68.23
2026-07-14T18:45:59.812595+00:00,1421591151,-68.005
2026-07-14T18:45:59.812595+00:00,1421592616,-67.794
2026-07-14T18:45:59.812595+00:00,1421594081,-67.598
2026-07-14T18:45:59.812595+00:00,1421595546,-67.36
2026-07-14T18:45:59.812595+00:00,1421597010,-67.097
2026-07-14T18:45:59.812595+00:00,1421598475,-66.757
2026-07-14T18:45:59.812595+00:00,1421599940,-66.272
2026-07-14T18:45:59.812595+00:00,1421601405,-65.48
2026-07-14T18:45:59.812595+00:00,1421602870,-64.052
2026-07-14T18:45:59.812595+00:00,1421604335,-60.444
2026-07-14T18:45:59.812595+00:00,1421605800,-56.895
2026-07-14T18:45:59.812595+00:00,1421607264,-60.47
2026-07-14T18:45:59.812595+00:00,1421608729,-64.092
2026-07-14T18:45:59.812595+00:00,1421610194,-65.409
2026-07-14T18:45:59.812595+00:00,1421611659,-66.19
2026-07-14T18:45:59.812595+00:00,1421613124,-66.607
2026-07-14T18:45:59.812595+00:00,1421614589,-66.981
2026-07-14T18:45:59.812595+00:00,1421616053,-67.351
2026-07-14T18:45:59.812595+00:00,1421617518,-67.579
2026-07-14T18:45:59.812595+00:00,1421618983,-67.763
2026-07-14T18:45:59.812595+00:00,1421620448,-67.797
2026-07-14T18:45:59.812595+00:00,1421621913,-68.011
2026-07-14T18:45:59.812595+00:00,1421623378,-68.175
2026-07-14T18:45:59.812595+00:00,1421624842,-68.346
2026-07-14T18:45:59.812595+00:00,1421626307,-68.493
2026-07-14T18:45:59.812595+00:00,1421627772,-68.551
2026-07-14T18:45:59.812595+00:00,1421629237,-68.712
2026-07-14T18:45:59.812595+00:00,1421630702,-68.853
2026-07-14T18:45:59.812595+00:00,1421632167,-68.954
2026-07-14T18:45:59.812595+00:00,1421633632,-69.072
2026-07-14T18:45:59.812595+00:00,1421635096,-69.214
2026-07-14T18:45:59.812595+00:00,1421636561,-69.267
2026-07-14T18:45:59.812595+00:00,1421638026,-69.356
2026-07-14T18:45:59.812595+00:00,1421639491,-69.495
2026-07-14T18:45:59.812595+00:00,1421640956,-69.582
2026-07-14T18:45:59.812595+00:00,1421642421,-69.693
2026-07-14T18:45:59.812595+00:00,1421643885,-69.746
2026-07-14T18:45:59.812595+00:00,1421645350,-69.879
2026-07-14T18:45:59.812595+00:00,1421646815,-70.009
2026-07-14T18:45:59.812595+00:00,1421648280,-70.062
2026-07-14T18:45:59.812595+00:00,1421649745,-70.11
2026-07-14T18:45:59.812595+00:00,1421651210,-70.204
2026-07-14T18:45:59.812595+00:00,1421652675,-70.259
2026-07-14T18:45:59.812595+00:00,1421654139,-70.328
2026-07-14T18:45:59.812595+00:00,1421655604,-70.374
2026-07-14T18:45:59.812595+00:00,1421657069,-70.439
2026-07-14T18:45:59.812595+00:00,1421658534,-70.511
2026-07-14T18:45:59.812595+00:00,1421659999,-70.555
2026-07-14T18:45:59.812595+00:00,1421661464,-70.608
2026-07-14T18:45:59.812595+00:00,1421662928,-70.657
2026-07-14T18:45:59.812595+00:00,1421664393,-70.713
2026-07-14T18:45:59.812595+00:00,1421665858,-70.685
2026-07-14T18:45:59.812595+00:00,1421667323,-70.693
2026-07-14T18:45:59.812595+00:00,1421668788,-70.748
2026-07-14T18:45:59.812595+00:00,1421670253,-70.726
2026-07-14T18:45:59.812595+00:00,1421671717,-70.728
2026-07-14T18:45:59.812595+00:00,1421673182,-70.824
2026-07-14T18:45:59.812595+00:00,1421674647,-70.827
2026-07-14T18:45:59.812595+00:00,1421676112,-70.808
2026-07-14T18:45:59.812595+00:00,1421677577,-70.856
2026-07-14T18:45:59.812595+00:00,1421679042,-70.888
2026-07-14T18:45:59.812595+00:00,1421680507,-70.849
2026-07-14T18:45:59.812595+00:00,1421681971,-70.896
2026-07-14T18:45:59.812595+00:00,1421683436,-70.965
2026-07-14T18:45:59.812595+00:00,1421684901,-70.97
2026-07-14T18:45:59.812595+00:00,1421686366,-70.962
2026-07-14T18:45:59.812595+00:00,1421687831,-70.984
2026-07-14T18:45:59.812595+00:00,1421689296,-70.955
2026-07-14T18:45:59.812595+00:00,1421690760,-70.921
2026-07-14T18:45:59.812595+00:00,1421692225,-70.912
2026-07-14T18:45:59.812595+00:00,1421693690,-70.877
2026-07-14T18:45:59.812595+00:00,1421695155,-70.913
2026-07-14T18:45:59.812595+00:00,1421696620,-70.924
2026-07-14T18:45:59.812595+00:00,1421698085,-70.965
2026-07-14T18:45:59.812595+00:00,1421699550,-71.006
2026-07-14T18:45:59.812595+00:00,1421701014,-70.951
2026-07-14T18:45:59.812595+00:00,1421702479,-70.94
2026-07-14T18:45:59.812595+00:00,1421703944,-70.898
2026-07-14T18:45:59.812595+00:00,1421705409,-70.922
2026-07-14T18:45:59.812595+00:00,1421706874,-70.989
2026-07-14T18:45:59.812595+00:00,1421708339,-70.985
2026-07-14T18:45:59.812595+00:00,1421709803,-71.028
2026-07-14T18:45:59.812595+00:00,1421711268,-71.085
2026-07-14T18:45:59.812595+00:00,1421712733,-71.068
2026-07-14T18:45:59.812595+00:00,1421714198,-70.989
2026-07-14T18:45:59.812595+00:00,1421715663,-70.939
2026-07-14T18:45:59.812595+00:00,1421717128,-71.021
2026-07-14T18:45:59.812595+00:00,1421718592,-70.981
2026-07-14T18:45:59.812595+00:00,1421720057,-71.002
2026-07-14T18:45:59.812595+00:00,1421721522,-71.042
2026-07-14T18:45:59.812595+00:00,1421722987,-70.985
2026-07-14T18:45:59.812595+00:00,1421724452,-70.981
2026-07-14T18:45:59.812595+00:00,1421725917,-71.005
2026-07-14T18:45:59.812595+00:00,1421727382,-71.037
2026-07-14T18:45:59.812595+00:00,1421728846,-71.011
2026-07-14T18:45:59.812595+00:00,1421730311,-71.002
2026-07-14T18:45:59.812595+00:00,1421731776,-71.025
2026-07-14T18:45:59.812595+00:00,1421733241,-71.044
2026-07-14T18:45:59.812595+00:00,1421734706,-71.038
2026-07-14T18:45:59.812595+00:00,1421736171,-71.023
2026-07-14T18:45:59.812595+00:00,1421737635,-71.002
2026-07-14T18:45:59.812595+00:00,1421739100,-71.09
2026-07-14T18:45:59.812595+00:00,1421740565,-71.069
2026-07-14T18:45:59.812595+00:00,1421742030,-71.086
2026-07-14T18:45:59.812595+00:00,1421743495,-71.092
2026-07-14T18:45:59.812595+00:00,1421744960,-71.03
2026-07-14T18:45:59.812595+00:00,1421746425,-71.025
2026-07-14T18:45:59.812595+00:00,1421747889,-71.089
2026-07-14T18:45:59.812595+00:00,1421749354,-71.045
2026-07-14T18:45:59.812595+00:00,1421750819,-71.013
2026-07-14T18:45:59.812595+00:00,1421752284,-71.064
2026-07-14T18:45:59.812595+00:00,1421753749,-71.134
2026-07-14T18:45:59.812595+00:00,1421755214,-71.107
2026-07-14T18:45:59.812595+00:00,1421756678,-71.05
2026-07-14T18:45:59.812595+00:00,1421758143,-71.07
2026-07-14T18:45:59.812595+00:00,1421759608,-71.092
2026-07-14T18:45:59.812595+00:00,1421761073,-71.02
2026-07-14T18:45:59.812595+00:00,1421762538,-71.065
2026-07-14T18:45:59.812595+00:00,1421764003,-71.148
2026-07-14T18:45:59.812595+00:00,1421765467,-71.011
2026-07-14T18:45:59.812595+00:00,1421766932,-71.011
2026-07-14T18:45:59.812595+00:00,1421768397,-71.073
2026-07-14T18:45:59.812595+00:00,1421769862,-71.06
2026-07-14T18:45:59.812595+00:00,1421771327,-71.085
2026-07-14T18:45:59.812595+00:00,1421772792,-71.059
2026-07-14T18:45:59.812595+00:00,1421774257,-71.054
2026-07-14T18:45:59.812595+00:00,1421775721,-71.019
2026-07-14T18:45:59.812595+00:00,1421777186,-71.078
2026-07-14T18:45:59.812595+00:00,1421778651,-71.09
2026-07-14T18:45:59.812595+00:00,1421780116,-71.069
2026-07-14T18:45:59.812595+00:00,1421781581,-71.054
2026-07-14T18:45:59.812595+00:00,1421783046,-71.033
2026-07-14T18:45:59.812595+00:00,1421784510,-71.036
2026-07-14T18:45:59.812595+00:00,1421785975,-71.029
2026-07-14T18:45:59.812595+00:00,1421787440,-70.978
2026-07-14T18:45:59.812595+00:00,1421788905,-70.995
2026-07-14T18:45:59.812595+00:00,1421790370,-71.043
2026-07-14T18:45:59.812595+00:00,1421791835,-71.053
2026-07-14T18:45:59.812595+00:00,1421793300,-71.041
2026-07-14T18:45:59.812595+00:00,1421794764,-70.987
2026-07-14T18:45:59.812595+00:00,1421796229,-71.013
2026-07-14T18:45:59.812595+00:00,1421797694,-71.043
2026-07-14T18:45:59.812595+00:00,1421799159,-71.042
2026-07-14T18:45:59.812595+00:00,1421800624,-71.042
2026-07-14T18:45:59.812595+00:00,1421802089,-71.006
2026-07-14T18:45:59.812595+00:00,1421803553,-71.064
2026-07-14T18:45:59.812595+00:00,1421805018,-71.032
2026-07-14T18:45:59.812595+00:00,1421806483,-71.012
2026-07-14T18:45:59.812595+00:00,1421807948,-71.024
2026-07-14T18:45:59.812595+00:00,1421809413,-71.077
2026-07-14T18:45:59.812595+00:00,1421810878,-71.034
2026-07-14T18:45:59.812595+00:00,1421812342,-71.011
2026-07-14T18:45:59.812595+00:00,1421813807,-70.968
2026-07-14T18:45:59.812595+00:00,1421815272,-71.069
2026-07-14T18:45:59.812595+00:00,1421816737,-71.076
2026-07-14T18:45:59.812595+00:00,1421818202,-70.992
2026-07-14T18:45:59.812595+00:00,1421819667,-71.007
2026-07-14T18:45:59.812595+00:00,1421821132,-71.068
2026-07-14T18:45:59.812595+00:00,1421822596,-71.091
2026-07-14T18:45:59.812595+00:00,1421824061,-71.056
2026-07-14T18:45:59.812595+00:00,1421825526,-71.038
2026-07-14T18:45:59.812595+00:00,1421826991,-71.015
2026-07-14T18:45:59.812595+00:00,1421828456,-71.01
2026-07-14T18:45:59.812595+00:00,1421829921,-71.037
2026-07-14T18:45:59.812595+00:00,1421831385,-71.035
2026-07-14T18:45:59.812595+00:00,1421832850,-71.087
2026-07-14T18:45:59.812595+00:00,1421834315,-71.046
2026-07-14T18:45:59.812595+00:00,1421835780,-71.055
2026-07-14T18:45:59.812595+00:00,1421837245,-71.047
2026-07-14T18:45:59.812595+00:00,1421838710,-71.034
2026-07-14T18:45:59.812595+00:00,1421840175,-71.018
2026-07-14T18:45:59.812595+00:00,1421841639,-71.029
2026-07-14T18:45:59.812595+00:00,1421843104,-71.075
2026-07-14T18:45:59.812595+00:00,1421844569,-71.009
2026-07-14T18:45:59.812595+00:00,1421846034,-70.977
2026-07-14T18:45:59.812595+00:00,1421847499,-71.039
2026-07-14T18:45:59.812595+00:00,1421848964,-71.021
2026-07-14T18:45:59.812595+00:00,1421850428,-70.992
2026-07-14T18:45:59.812595+00:00,1421851893,-71.086
2026-07-14T18:45:59.812595+00:00,1421853358,-71.141
2026-07-14T18:45:59.812595+00:00,1421854823,-71.064
2026-07-14T18:45:59.812595+00:00,1421856288,-71.039
2026-07-14T18:45:59.812595+00:00,1421857753,-71.061
2026-07-14T18:45:59.812595+00:00,1421859217,-71.124
2026-07-14T18:45:59.812595+00:00,1421860682,-71.075
2026-07-14T18:45:59.812595+00:00,1421862147,-71.038
2026-07-14T18:45:59.812595+00:00,1421863612,-71.005
2026-07-14T18:45:59.812595+00:00,1421865077,-71.046
2026-07-14T18:45:59.812595+00:00,1421866542,-70.981
2026-07-14T18:45:59.812595+00:00,1421868007,-71.057
2026-07-14T18:45:59.812595+00:00,1421869471,-71.051
2026-07-14T18:45:59.812595+00:00,1421870936,-70.958
2026-07-14T18:45:59.812595+00:00,1421872401,-71.057
2026-07-14T18:45:59.812595+00:00,1421873866,-71.075
2026-07-14T18:45:59.812595+00:00,1421875331,-71.054
2026-07-14T18:45:59.812595+00:00,1421876796,-70.991
2026-07-14T18:45:59.812595+00:00,1421878260,-70.997
2026-07-14T18:45:59.812595+00:00,1421879725,-71.053
2026-07-14T18:45:59.812595+00:00,1421881190,-71.029
2026-07-14T18:45:59.812595+00:00,1421882655,-71.078
2026-07-14T18:45:59.812595+00:00,1421884120,-71.067
2026-07-14T18:45:59.812595+00:00,1421885585,-71.064
2026-07-14T18:45:59.812595+00:00,1421887050,-71.083
2026-07-14T18:45:59.812595+00:00,1421888514,-71.094
2026-07-14T18:45:59.812595+00:00,1421889979,-71.045
2026-07-14T18:45:59.812595+00:00,1421891444,-71.035
2026-07-14T18:45:59.812595+00:00,1421892909,-71.025
2026-07-14T18:45:59.812595+00:00,1421894374,-71.056
2026-07-14T18:45:59.812595+00:00,1421895839,-71.097
2026-07-14T18:45:59.812595+00:00,1421897303,-71.011
2026-07-14T18:45:59.812595+00:00,1421898768,-71.062
2026-07-14T18:45:59.812595+00:00,1421900233,-71.108
2026-07-14T18:45:59.812595+00:00,1421901698,-71.035
2026-07-14T18:45:59.812595+00:00,1421903163,-71.009
2026-07-14T18:45:59.812595+00:00,1421904628,-71.005
2026-07-14T18:45:59.812595+00:00,1421906092,-71.014
2026-07-14T18:45:59.812595+00:00,1421907557,-71.035
2026-07-14T18:45:59.812595+00:00,1421909022,-71.123
2026-07-14T18:45:59.812595+00:00,1421910487,-71.111
2026-07-14T18:45:59.812595+00:00,1421911952,-71.017
2026-07-14T18:45:59.812595+00:00,1421913417,-71.055
2026-07-14T18:45:59.812595+00:00,1421914882,-71.084
2026-07-14T18:45:59.812595+00:00,1421916346,-71.043
2026-07-14T18:45:59.812595+00:00,1421917811,-71.093
2026-07-14T18:45:59.812595+00:00,1421919276,-71.067
2026-07-14T18:45:59.812595+00:00,1421920741,-70.982
2026-07-14T18:45:59.812595+00:00,1421922206,-70.969
2026-07-14T18:45:59.812595+00:00,1421923671,-71.041
2026-07-14T18:45:59.812595+00:00,1421925135,-71.053
2026-07-14T18:45:59.812595+00:00,1421926600,-71.022
2026-07-14T18:45:59.812595+00:00,1421928065,-71.052
2026-07-14T18:45:59.812595+00:00,1421929530,-71.038
2026-07-14T18:45:59.812595+00:00,1421930995,-71.045
2026-07-14T18:45:59.812595+00:00,1421932460,-71.002
2026-07-14T18:45:59.812595+00:00,1421933925,-71.098
2026-07-14T18:45:59.812595+00:00,1421935389,-71.136
2026-07-14T18:45:59.812595+00:00,1421936854,-71.085
2026-07-14T18:45:59.812595+00:00,1421938319,-71.027
2026-07-14T18:45:59.812595+00:00,1421939784,-71.068
2026-07-14T18:45:59.812595+00:00,1421941249,-71.04
2026-07-14T18:45:59.812595+00:00,1421942714,-71.107
2026-07-14T18:45:59.812595+00:00,1421944178,-71.11
2026-07-14T18:45:59.812595+00:00,1421945643,-71.104
2026-07-14T18:45:59.812595+00:00,1421947108,-71.05
2026-07-14T18:45:59.812595+00:00,1421948573,-71.087
2026-07-14T18:45:59.812595+00:00,1421950038,-71.109
2026-07-14T18:45:59.812595+00:00,1421951503,-71.085
2026-07-14T18:45:59.812595+00:00,1421952967,-71.042
2026-07-14T18:45:59.812595+00:00,1421954432,-70.987
2026-07-14T18:45:59.812595+00:00,1421955897,-71.033
2026-07-14T18:45:59.812595+00:00,1421957362,-71.017
2026-07-14T18:45:59.812595+00:00,1421958827,-71.018
2026-07-14T18:45:59.812595+00:00,1421960292,-71.014
2026-07-14T18:45:59.812595+00:00,1421961757,-71.053
2026-07-14T18:45:59.812595+00:00,1421963221,-71.098
2026-07-14T18:45:59.812595+00:00,1421964686,-71.09
2026-07-14T18:45:59.812595+00:00,1421966151,-71.06
2026-07-14T18:45:59.812595+00:00,1421967616,-71.078
2026-07-14T18:45:59.812595+00:00,1421969081,-71.071
2026-07-14T18:45:59.812595+00:00,1421970546,-71.043
2026-07-14T18:45:59.812595+00:00,1421972010,-71.013
2026-07-14T18:45:59.812595+00:00,1421973475,-70.958
2026-07-14T18:45:59.812595+00:00,1421974940,-70.967
2026-07-14T18:45:59.812595+00:00,1421976405,-71.052
2026-07-14T18:45:59.812595+00:00,1421977870,-71.061
2026-07-14T18:45:59.812595+00:00,1421979335,-71.044
2026-07-14T18:45:59.812595+00:00,1421980800,-71.004
2026-07-14T18:45:59.812595+00:00,1421982264,-70.999
2026-07-14T18:45:59.812595+00:00,1421983729,-70.991
2026-07-14T18:45:59.812595+00:00,1421985194,-71.062
2026-07-14T18:45:59.812595+00:00,1421986659,-71.065
2026-07-14T18:45:59.812595+00:00,1421988124,-71.055
2026-07-14T18:45:59.812595+00:00,1421989589,-71.021
2026-07-14T18:45:59.812595+00:00,1421991053,-70.995
2026-07-14T18:45:59.812595+00:00,1421992518,-71.09
2026-07-14T18:45:59.812595+00:00,1421993983,-71.063
2026-07-14T18:45:59.812595+00:00,1421995448,-71.065
2026-07-14T18:45:59.812595+00:00,1421996913,-71.009
2026-07-14T18:45:59.812595+00:00,1421998378,-71.092
2026-07-14T18:45:59.812595+00:00,1421999842,-71.053
2026-07-14T18:45:59.812595+00:00,1422001307,-71.019
2026-07-14T18:45:59.812595+00:00,1422002772,-71.005
2026-07-14T18:45:59.812595+00:00,1422004237,-71.0
2026-07-14T18:45:59.812595+00:00,1422005702,-70.989
2026-07-14T18:45:59.812595+00:00,1422007167,-71.001
2026-07-14T18:45:59.812595+00:00,1422008632,-71.015
2026-07-14T18:45:59.812595+00:00,1422010096,-71.059
2026-07-14T18:45:59.812595+00:00,1422011561,-71.021
2026-07-14T18:45:59.812595+00:00,1422013026,-71.032
2026-07-14T18:45:59.812595+00:00,1422014491,-70.993
2026-07-14T18:45:59.812595+00:00,1422015956,-70.934
2026-07-14T18:45:59.812595+00:00,1422017421,-70.934
2026-07-14T18:45:59.812595+00:00,1422018885,-71.014
2026-07-14T18:45:59.812595+00:00,1422020350,-70.991
2026-07-14T18:45:59.812595+00:00,1422021815,-71.01
2026-07-14T18:45:59.812595+00:00,1422023280,-71.01
2026-07-14T18:45:59.812595+00:00,1422024745,-70.974
2026-07-14T18:45:59.812595+00:00,1422026210,-71.044
2026-07-14T18:45:59.812595+00:00,1422027675,-70.944
2026-07-14T18:45:59.812595+00:00,1422029139,-70.938
2026-07-14T18:45:59.812595+00:00,1422030604,-71.023
2026-07-14T18:45:59.812595+00:00,1422032069,-70.98
2026-07-14T18:45:59.812595+00:00,1422033534,-70.941
2026-07-14T18:45:59.812595+00:00,1422034999,-70.97
2026-07-14T18:45:59.812595+00:00,1422036464,-71.063
2026-07-14T18:45:59.812595+00:00,1422037928,-71.062
2026-07-14T18:45:59.812595+00:00,1422039393,-71.003
2026-07-14T18:45:59.812595+00:00,1422040858,-70.938
2026-07-14T18:45:59.812595+00:00,1422042323,-70.949
2026-07-14T18:45:59.812595+00:00,1422043788,-71.015
2026-07-14T18:45:59.812595+00:00,1422045253,-70.956
2026-07-14T18:45:59.812595+00:00,1422046717,-70.937
2026-07-14T18:45:59.812595+00:00,1422048182,-70.952
2026-07-14T18:45:59.812595+00:00,1422049647,-70.951
2026-07-14T18:45:59.812595+00:00,1422051112,-70.922
2026-07-14T18:45:59.812595+00:00,1422052577,-70.881
2026-07-14T18:45:59.812595+00:00,1422054042,-70.923
2026-07-14T18:45:59.812595+00:00,1422055507,-70.907
2026-07-14T18:45:59.812595+00:00,1422056971,-70.877
2026-07-14T18:45:59.812595+00:00,1422058436,-70.866
2026-07-14T18:45:59.812595+00:00,1422059901,-70.871
2026-07-14T18:45:59.812595+00:00,1422061366,-70.995
2026-07-14T18:45:59.812595+00:00,1422062831,-70.942
2026-07-14T18:45:59.812595+00:00,1422064296,-70.935
2026-07-14T18:45:59.812595+00:00,1422065760,-70.912
2026-07-14T18:45:59.812595+00:00,1422067225,-70.894
2026-07-14T18:45:59.812595+00:00,1422068690,-70.942
2026-07-14T18:45:59.812595+00:00,1422070155,-70.918
2026-07-14T18:45:59.812595+00:00,1422071620,-70.918
2026-07-14T18:45:59.812595+00:00,1422073085,-70.868
2026-07-14T18:45:59.812595+00:00,1422074550,-70.84
2026-07-14T18:45:59.812595+00:00,1422076014,-70.858
2026-07-14T18:45:59.812595+00:00,1422077479,-70.881
2026-07-14T18:45:59.812595+00:00,1422078944,-70.856
2026-07-14T18:45:59.812595+00:00,1422080409,-70.848
2026-07-14T18:45:59.812595+00:00,1422081874,-70.827
2026-07-14T18:45:59.812595+00:00,1422083339,-70.775
2026-07-14T18:45:59.812595+00:00,1422084803,-70.779
2026-07-14T18:45:59.812595+00:00,1422086268,-70.855
2026-07-14T18:45:59.812595+00:00,1422087733,-70.827
2026-07-14T18:45:59.812595+00:00,1422089198,-70.786
2026-07-14T18:45:59.812595+00:00,1422090663,-70.812
2026-07-14T18:45:59.812595+00:00,1422092128,-70.844
2026-07-14T18:45:59.812595+00:00,1422093592,-70.831
2026-07-14T18:45:59.812595+00:00,1422095057,-70.803
2026-07-14T18:45:59.812595+00:00,1422096522,-70.8
2026-07-14T18:45:59.812595+00:00,1422097987,-70.823
2026-07-14T18:45:59.812595+00:00,1422099452,-70.796
2026-07-14T18:45:59.812595+00:00,1422100917,-70.796
2026-07-14T18:45:59.812595+00:00,1422102382,-70.762
2026-07-14T18:45:59.812595+00:00,1422103846,-70.767
2026-07-14T18:45:59.812595+00:00,1422105311,-70.782
2026-07-14T18:45:59.812595+00:00,1422106776,-70.755
2026-07-14T18:45:59.812595+00:00,1422108241,-70.732
2026-07-14T18:45:59.812595+00:00,1422109706,-70.768
2026-07-14T18:45:59.812595+00:00,1422111171,-70.754
2026-07-14T18:45:59.812595+00:00,1422112635,-70.739
2026-07-14T18:45:59.812595+00:00,1422114100,-70.786
2026-07-14T18:45:59.812595+00:00,1422115565,-70.756
2026-07-14T18:45:59.812595+00:00,1422117030,-70.686
2026-07-14T18:45:59.812595+00:00,1422118495,-70.756
2026-07-14T18:45:59.812595+00:00,1422119960,-70.761
2026-07-14T18:45:59.812595+00:00,1422121425,-70.689
2026-07-14T18:45:59.812595+00:00,1422122889,-70.725
2026-07-14T18:45:59.812595+00:00,1422124354,-70.692
2026-07-14T18:45:59.812595+00:00,1422125819,-70.678
2026-07-14T18:45:59.812595+00:00,1422127284,-70.71
2026-07-14T18:45:59.812595+00:00,1422128749,-70.672
2026-07-14T18:45:59.812595+00:00,1422130214,-70.665
2026-07-14T18:45:59.812595+00:00,1422131678,-70.645
2026-07-14T18:45:59.812595+00:00,1422133143,-70.656
2026-07-14T18:45:59.812595+00:00,1422134608,-70.668
2026-07-14T18:45:59.812595+00:00,1422136073,-70.622
2026-07-14T18:45:59.812595+00:00,1422137538,-70.654
2026-07-14T18:45:59.812595+00:00,1422139003,-70.652
2026-07-14T18:45:59.812595+00:00,1422140467,-70.658
2026-07-14T18:45:59.812595+00:00,1422141932,-70.672
2026-07-14T18:45:59.812595+00:00,1422143397,-70.71
2026-07-14T18:45:59.812595+00:00,1422144862,-70.696
2026-07-14T18:45:59.812595+00:00,1422146327,-70.659
2026-07-14T18:45:59.812595+00:00,1422147792,-70.611
2026-07-14T18:45:59.812595+00:00,1422149257,-70.61
2026-07-14T18:45:59.812595+00:00,1422150721,-70.616
2026-07-14T18:45:59.812595+00:00,1422152186,-70.599
2026-07-14T18:45:59.812595+00:00,1422153651,-70.59
2026-07-14T18:45:59.812595+00:00,1422155116,-70.56
2026-07-14T18:45:59.812595+00:00,1422156581,-70.594
2026-07-14T18:45:59.812595+00:00,1422158046,-70.615
2026-07-14T18:45:59.812595+00:00,1422159510,-70.556
2026-07-14T18:45:59.812595+00:00,1422160975,-70.554
2026-07-14T18:45:59.812595+00:00,1422162440,-70.572
2026-07-14T18:45:59.812595+00:00,1422163905,-70.59
2026-07-14T18:45:59.812595+00:00,1422165370,-70.572
2026-07-14T18:45:59.812595+00:00,1422166835,-70.579
2026-07-14T18:45:59.812595+00:00,1422168300,-70.587
2026-07-14T18:45:59.812595+00:00,1422169764,-70.554
2026-07-14T18:45:59.812595+00:00,1422171229,-70.534
2026-07-14T18:45:59.812595+00:00,1422172694,-70.526
2026-07-14T18:45:59.812595+00:00,1422174159,-70.548
2026-07-14T18:45:59.812595+00:00,1422175624,-70.542
2026-07-14T18:45:59.812595+00:00,1422177089,-70.463
2026-07-14T18:45:59.812595+00:00,1422178553,-70.482
2026-07-14T18:45:59.812595+00:00,1422180018,-70.536
2026-07-14T18:45:59.812595+00:00,1422181483,-70.567
2026-07-14T18:45:59.812595+00:00,1422182948,-70.508
2026-07-14T18:45:59.812595+00:00,1422184413,-70.5
2026-07-14T18:45:59.812595+00:00,1422185878,-70.519
2026-07-14T18:45:59.812595+00:00,1422187342,-70.501
2026-07-14T18:45:59.812595+00:00,1422188807,-70.551
2026-07-14T18:45:59.812595+00:00,1422190272,-70.51
2026-07-14T18:45:59.812595+00:00,1422191737,-70.476
2026-07-14T18:45:59.812595+00:00,1422193202,-70.496
2026-07-14T18:45:59.812595+00:00,1422194667,-70.501
2026-07-14T18:45:59.812595+00:00,1422196132,-70.545
2026-07-14T18:45:59.812595+00:00,1422197596,-70.409
2026-07-14T18:45:59.812595+00:00,1422199061,-70.393
2026-07-14T18:45:59.812595+00:00,1422200526,-70.49
2026-07-14T18:45:59.812595+00:00,1422201991,-70.424
2026-07-14T18:45:59.812595+00:00,1422203456,-70.419
2026-07-14T18:45:59.812595+00:00,1422204921,-70.434
2026-07-14T18:45:59.812595+00:00,1422206385,-70.406
2026-07-14T18:45:59.812595+00:00,1422207850,-70.409
2026-07-14T18:45:59.812595+00:00,1422209315,-70.418
2026-07-14T18:45:59.812595+00:00,1422210780,-70.412
2026-07-14T18:45:59.812595+00:00,1422212245,-70.38
2026-07-14T18:45:59.812595+00:00,1422213710,-70.315
2026-07-14T18:45:59.812595+00:00,1422215175,-70.42
2026-07-14T18:45:59.812595+00:00,1422216639,-70.456
2026-07-14T18:45:59.812595+00:00,1422218104,-70.4
2026-07-14T18:45:59.812595+00:00,1422219569,-70.363
2026-07-14T18:45:59.812595+00:00,1422221034,-70.333
2026-07-14T18:45:59.812595+00:00,1422222499,-70.42
2026-07-14T18:45:59.812595+00:00,1422223964,-70.378
2026-07-14T18:45:59.812595+00:00,1422225428,-70.352
2026-07-14T18:45:59.812595+00:00,1422226893,-70.378
2026-07-14T18:45:59.812595+00:00,1422228358,-70.439
2026-07-14T18:45:59.812595+00:00,1422229823,-70.368
2026-07-14T18:45:59.812595+00:00,1422231288,-70.339
2026-07-14T18:45:59.812595+00:00,1422232753,-70.341
2026-07-14T18:45:59.812595+00:00,1422234217,-70.317
2026-07-14T18:45:59.812595+00:00,1422235682,-70.355
2026-07-14T18:45:59.812595+00:00,1422237147,-70.329
2026-07-14T18:45:59.812595+00:00,1422238612,-70.354
2026-07-14T18:45:59.812595+00:00,1422240077,-70.328
2026-07-14T18:45:59.812595+00:00,1422241542,-70.373
2026-07-14T18:45:59.812595+00:00,1422243007,-70.313
2026-07-14T18:45:59.812595+00:00,1422244471,-70.291
2026-07-14T18:45:59.812595+00:00,1422245936,-70.353
2026-07-14T18:45:59.812595+00:00,1422247401,-70.392
2026-07-14T18:45:59.812595+00:00,1422248866,-70.381
2026-07-14T18:45:59.812595+00:00,1422250331,-70.407
2026-07-14T18:45:59.812595+00:00,1422251796,-70.37
2026-07-14T18:45:59.812595+00:00,1422253260,-70.3
2026-07-14T18:45:59.812595+00:00,1422254725,-70.284
2026-07-14T18:45:59.812595+00:00,1422256190,-70.337
2026-07-14T18:45:59.812595+00:00,1422257655,-70.352
2026-07-14T18:45:59.812595+00:00,1422259120,-70.373
2026-07-14T18:45:59.812595+00:00,1422260585,-70.311
2026-07-14T18:45:59.812595+00:00,1422262050,-70.327
2026-07-14T18:45:59.812595+00:00,1422263514,-70.364
2026-07-14T18:45:59.812595+00:00,1422264979,-70.267
2026-07-14T18:45:59.812595+00:00,1422266444,-70.318
2026-07-14T18:45:59.812595+00:00,1422267909,-70.296
2026-07-14T18:45:59.812595+00:00,1422269374,-70.339
2026-07-14T18:45:59.812595+00:00,1422270839,-70.306
2026-07-14T18:45:59.812595+00:00,1422272303,-70.339
2026-07-14T18:45:59.812595+00:00,1422273768,-70.296
2026-07-14T18:45:59.812595+00:00,1422275233,-70.303
2026-07-14T18:45:59.812595+00:00,1422276698,-70.24
2026-07-14T18:45:59.812595+00:00,1422278163,-70.275
2026-07-14T18:45:59.812595+00:00,1422279628,-70.296
2026-07-14T18:45:59.812595+00:00,1422281092,-70.295
2026-07-14T18:45:59.812595+00:00,1422282557,-70.272
2026-07-14T18:45:59.812595+00:00,1422284022,-70.26
2026-07-14T18:45:59.812595+00:00,1422285487,-70.308
2026-07-14T18:45:59.812595+00:00,1422286952,-70.294
2026-07-14T18:45:59.812595+00:00,1422288417,-70.322
2026-07-14T18:45:59.812595+00:00,1422289882,-70.332
2026-07-14T18:45:59.812595+00:00,1422291346,-70.372
2026-07-14T18:45:59.812595+00:00,1422292811,-70.356
2026-07-14T18:45:59.812595+00:00,1422294276,-70.263
2026-07-14T18:45:59.812595+00:00,1422295741,-70.31
2026-07-14T18:45:59.812595+00:00,1422297206,-70.287
2026-07-14T18:45:59.812595+00:00,1422298671,-70.25
2026-07-14T18:45:59.812595+00:00,1422300135,-70.262
2026-07-14T18:45:59.812595+00:00,1422301600,-70.293
2026-07-14T18:45:59.812595+00:00,1422303065,-70.338
2026-07-14T18:45:59.812595+00:00,1422304530,-70.253
2026-07-14T18:45:59.812595+00:00,1422305995,-70.212
2026-07-14T18:45:59.812595+00:00,1422307460,-70.275
2026-07-14T18:45:59.812595+00:00,1422308925,-70.213
2026-07-14T18:45:59.812595+00:00,1422310389,-70.209
2026-07-14T18:45:59.812595+00:00,1422311854,-70.303
2026-07-14T18:45:59.812595+00:00,1422313319,-70.259
2026-07-14T18:45:59.812595+00:00,1422314784,-70.196
2026-07-14T18:45:59.812595+00:00,1422316249,-70.243
2026-07-14T18:45:59.812595+00:00,1422317714,-70.19
2026-07-14T18:45:59.812595+00:00,1422319178,-70.226
2026-07-14T18:45:59.812595+00:00,1422320643,-70.245
2026-07-14T18:45:59.812595+00:00,1422322108,-70.319
2026-07-14T18:45:59.812595+00:00,1422323573,-70.312
2026-07-14T18:45:59.812595+00:00,1422325038,-70.233
2026-07-14T18:45:59.812595+00:00,1422326503,-70.243
2026-07-14T18:45:59.812595+00:00,1422327967,-70.252
2026-07-14T18:45:59.812595+00:00,1422329432,-70.204
2026-07-14T18:45:59.812595+00:00,1422330897,-70.206
2026-07-14T18:45:59.812595+00:00,1422332362,-70.203
2026-07-14T18:45:59.812595+00:00,1422333827,-70.193
2026-07-14T18:45:59.812595+00:00,1422335292,-70.201
2026-07-14T18:45:59.812595+00:00,1422336757,-70.204
2026-07-14T18:45:59.812595+00:00,1422338221,-70.224
2026-07-14T18:45:59.812595+00:00,1422339686,-70.214
2026-07-14T18:45:59.812595+00:00,1422341151,-70.238
2026-07-14T18:45:59.812595+00:00,1422342616,-70.313
2026-07-14T18:45:59.812595+00:00,1422344081,-70.363
2026-07-14T18:45:59.812595+00:00,1422345546,-70.286
2026-07-14T18:45:59.812595+00:00,1422347010,-70.217
2026-07-14T18:45:59.812595+00:00,1422348475,-70.259
2026-07-14T18:45:59.812595+00:00,1422349940,-70.197
2026-07-14T18:45:59.812595+00:00,1422351405,-70.213
2026-07-14T18:45:59.812595+00:00,1422352870,-70.221
2026-07-14T18:45:59.812595+00:00,1422354335,-70.195
2026-07-14T18:45:59.812595+00:00,1422355800,-70.192
2026-07-14T18:45:59.812595+00:00,1422357264,-70.232
2026-07-14T18:45:59.812595+00:00,1422358729,-70.233
2026-07-14T18:45:59.812595+00:00,1422360194,-70.161
2026-07-14T18:45:59.812595+00:00,1422361659,-70.194
2026-07-14T18:45:59.812595+00:00,1422363124,-70.17
2026-07-14T18:45:59.812595+00:00,1422364589,-70.16
2026-07-14T18:45:59.812595+00:00,1422366053,-70.235
2026-07-14T18:45:59.812595+00:00,1422367518,-70.151
2026-07-14T18:45:59.812595+00:00,1422368983,-70.247
2026-07-14T18:45:59.812595+00:00,1422370448,-70.289
2026-07-14T18:45:59.812595+00:00,1422371913,-70.213
2026-07-14T18:45:59.812595+00:00,1422373378,-70.226
2026-07-14T18:45:59.812595+00:00,1422374842,-70.254
2026-07-14T18:45:59.812595+00:00,1422376307,-70.228
2026-07-14T18:45:59.812595+00:00,1422377772,-70.181
2026-07-14T18:45:59.812595+00:00,1422379237,-70.2
2026-07-14T18:45:59.812595+00:00,1422380702,-70.226
2026-07-14T18:45:59.812595+00:00,1422382167,-70.116
2026-07-14T18:45:59.812595+00:00,1422383632,-70.088
2026-07-14T18:45:59.812595+00:00,1422385096,-70.109
2026-07-14T18:45:59.812595+00:00,1422386561,-70.231
2026-07-14T18:45:59.812595+00:00,1422388026,-70.202
2026-07-14T18:45:59.812595+00:00,1422389491,-70.212
2026-07-14T18:45:59.812595+00:00,1422390956,-70.257
2026-07-14T18:45:59.812595+00:00,1422392421,-70.189
2026-07-14T18:45:59.812595+00:00,1422393885,-70.168
2026-07-14T18:45:59.812595+00:00,1422395350,-70.171
2026-07-14T18:45:59.812595+00:00,1422396815,-70.201
2026-07-14T18:45:59.812595+00:00,1422398280,-70.186
2026-07-14T18:45:59.812595+00:00,1422399745,-70.166
2026-07-14T18:45:59.812595+00:00,1422401210,-70.185
2026-07-14T18:45:59.812595+00:00,1422402675,-70.173
2026-07-14T18:45:59.812595+00:00,1422404139,-70.134
2026-07-14T18:45:59.812595+00:00,1422405604,-70.148
2026-07-14T18:45:59.812595+00:00,1422407069,-70.183
2026-07-14T18:45:59.812595+00:00,1422408534,-70.23
2026-07-14T18:45:59.812595+00:00,1422409999,-70.191
2026-07-14T18:45:59.812595+00:00,1422411464,-70.202
2026-07-14T18:45:59.812595+00:00,1422412928,-70.146
2026-07-14T18:45:59.812595+00:00,1422414393,-70.149
2026-07-14T18:45:59.812595+00:00,1422415858,-70.183
2026-07-14T18:45:59.812595+00:00,1422417323,-70.204
2026-07-14T18:45:59.812595+00:00,1422418788,-70.214
2026-07-14T18:45:59.812595+00:00,1422420253,-70.174
2026-07-14T18:45:59.812595+00:00,1422421717,-70.158
2026-07-14T18:45:59.812595+00:00,1422423182,-70.165
2026-07-14T18:45:59.812595+00:00,1422424647,-70.144
2026-07-14T18:45:59.812595+00:00,1422426112,-70.137
2026-07-14T18:45:59.812595+00:00,1422427577,-70.202
2026-07-14T18:45:59.812595+00:00,1422429042,-70.134
2026-07-14T18:45:59.812595+00:00,1422430507,-70.101
2026-07-14T18:45:59.812595+00:00,1422431971,-70.143
2026-07-14T18:45:59.812595+00:00,1422433436,-70.148
2026-07-14T18:45:59.812595+00:00,1422434901,-70.195
2026-07-14T18:45:59.812595+00:00,1422436366,-70.141
2026-07-14T18:45:59.812595+00:00,1422437831,-70.152
2026-07-14T18:45:59.812595+00:00,1422439296,-70.133
2026-07-14T18:45:59.812595+00:00,1422440760,-70.163
2026-07-14T18:45:59.812595+00:00,1422442225,-70.145
2026-07-14T18:45:59.812595+00:00,1422443690,-70.083
2026-07-14T18:45:59.812595+00:00,1422445155,-70.137
2026-07-14T18:45:59.812595+00:00,1422446620,-70.148
2026-07-14T18:45:59.812595+00:00,1422448085,-70.053
2026-07-14T18:45:59.812595+00:00,1422449550,-70.022
2026-07-14T18:45:59.812595+00:00,1422451014,-70.024
2026-07-14T18:45:59.812595+00:00,1422452479,-70.005
2026-07-14T18:45:59.812595+00:00,1422453944,-70.082
2026-07-14T18:45:59.812595+00:00,1422455409,-70.123
2026-07-14T18:45:59.812595+00:00,1422456874,-70.07
2026-07-14T18:45:59.812595+00:00,1422458339,-70.145
2026-07-14T18:45:59.812595+00:00,1422459803,-70.086
2026-07-14T18:45:59.812595+00:00,1422461268,-70.063
2026-07-14T18:45:59.812595+00:00,1422462733,-70.072
2026-07-14T18:45:59.812595+00:00,1422464198,-70.081
2026-07-14T18:45:59.812595+00:00,1422465663,-70.065
2026-07-14T18:45:59.812595+00:00,1422467128,-70.057
2026-07-14T18:45:59.812595+00:00,1422468592,-70.074
2026-07-14T18:45:59.812595+00:00,1422470057,-70.045
2026-07-14T18:45:59.812595+00:00,1422471522,-70.038
2026-07-14T18:45:59.812595+00:00,1422472987,-70.077
2026-07-14T18:45:59.812595+00:00,1422474452,-70.056
2026-07-14T18:45:59.812595+00:00,1422475917,-70.052
2026-07-14T18:45:59.812595+00:00,1422477382,-70.033
2026-07-14T18:45:59.812595+00:00,1422478846,-70.062
2026-07-14T18:45:59.812595+00:00,1422480311,-70.056
2026-07-14T18:45:59.812595+00:00,1422481776,-70.024
2026-07-14T18:45:59.812595+00:00,1422483241,-70.03
2026-07-14T18:45:59.812595+00:00,1422484706,-70.049
2026-07-14T18:45:59.812595+00:00,1422486171,-69.972
2026-07-14T18:45:59.812595+00:00,1422487635,-70.01
2026-07-14T18:45:59.812595+00:00,1422489100,-69.983
2026-07-14T18:45:59.812595+00:00,1422490565,-69.981
2026-07-14T18:45:59.812595+00:00,1422492030,-69.972
2026-07-14T18:45:59.812595+00:00,1422493495,-69.989
2026-07-14T18:45:59.812595+00:00,1422494960,-70.055
2026-07-14T18:45:59.812595+00:00,1422496425,-70.011
2026-07-14T18:45:59.812595+00:00,1422497889,-69.995
2026-07-14T18:45:59.812595+00:00,1422499354,-70.004
2026-07-14T18:45:59.812595+00:00,1422500819,-69.999
2026-07-14T18:45:59.812595+00:00,1422502284,-69.994
2026-07-14T18:45:59.812595+00:00,1422503749,-70.044
2026-07-14T18:45:59.812595+00:00,1422505214,-70.036
2026-07-14T18:45:59.812595+00:00,1422506678,-69.947
2026-07-14T18:45:59.812595+00:00,1422508143,-69.95
2026-07-14T18:45:59.812595+00:00,1422509608,-69.947
2026-07-14T18:45:59.812595+00:00,1422511073,-69.966
2026-07-14T18:45:59.812595+00:00,1422512538,-69.969
2026-07-14T18:45:59.812595+00:00,1422514003,-69.935
2026-07-14T18:45:59.812595+00:00,1422515467,-69.969
2026-07-14T18:45:59.812595+00:00,1422516932,-69.974
2026-07-14T18:45:59.812595+00:00,1422518397,-69.901
2026-07-14T18:45:59.812595+00:00,1422519862,-69.957
2026-07-14T18:45:59.812595+00:00,1422521327,-69.969
2026-07-14T18:45:59.812595+00:00,1422522792,-69.87
2026-07-14T18:45:59.812595+00:00,1422524257,-69.877
2026-07-14T18:45:59.812595+00:00,1422525721,-69.931
2026-07-14T18:45:59.812595+00:00,1422527186,-69.95
2026-07-14T18:45:59.812595+00:00,1422528651,-69.92
2026-07-14T18:45:59.812595+00:00,1422530116,-69.888
2026-07-14T18:45:59.812595+00:00,1422531581,-69.9
2026-07-14T18:45:59.812595+00:00,1422533046,-69.826
2026-07-14T18:45:59.812595+00:00,1422534510,-69.855
2026-07-14T18:45:59.812595+00:00,1422535975,-69.864
2026-07-14T18:45:59.812595+00:00,1422537440,-69.801
2026-07-14T18:45:59.812595+00:00,1422538905,-69.808
2026-07-14T18:45:59.812595+00:00,1422540370,-69.907
2026-07-14T18:45:59.812595+00:00,1422541835,-69.892
2026-07-14T18:45:59.812595+00:00,1422543300,-69.866
2026-07-14T18:45:59.812595+00:00,1422544764,-69.901
2026-07-14T18:45:59.812595+00:00,1422546229,-69.879
2026-07-14T18:45:59.812595+00:00,1422547694,-69.868
2026-07-14T18:45:59.812595+00:00,1422549159,-69.872
2026-07-14T18:45:59.812595+00:00,1422550624,-69.901
2026-07-14T18:45:59.812595+00:00,1422552089,-69.904
2026-07-14T18:45:59.812595+00:00,1422553553,-69.866
2026-07-14T18:45:59.812595+00:00,1422555018,-69.878
2026-07-14T18:45:59.812595+00:00,1422556483,-69.852
2026-07-14T18:45:59.812595+00:00,1422557948,-69.74
2026-07-14T18:45:59.812595+00:00,1422559413,-69.829
2026-07-14T18:45:59.812595+00:00,1422560878,-69.893
2026-07-14T18:45:59.812595+00:00,1422562342,-69.858
2026-07-14T18:45:59.812595+00:00,1422563807,-69.839
2026-07-14T18:45:59.812595+00:00,1422565272,-69.795
2026-07-14T18:45:59.812595+00:00,1422566737,-69.795
2026-07-14T18:45:59.812595+00:00,1422568202,-69.852
2026-07-14T18:45:59.812595+00:00,1422569667,-69.799
2026-07-14T18:45:59.812595+00:00,1422571132,-69.796
2026-07-14T18:45:59.812595+00:00,1422572596,-69.8
2026-07-14T18:45:59.812595+00:00,1422574061,-69.782
2026-07-14T18:45:59.812595+00:00,1422575526,-69.786
2026-07-14T18:45:59.812595+00:00,1422576991,-69.771
2026-07-14T18:45:59.812595+00:00,1422578456,-69.807
2026-07-14T18:45:59.812595+00:00,1422579921,-69.808
2026-07-14T18:45:59.812595+00:00,1422581385,-69.742
2026-07-14T18:45:59.812595+00:00,1422582850,-69.758
2026-07-14T18:45:59.812595+00:00,1422584315,-69.802
2026-07-14T18:45:59.812595+00:00,1422585780,-69.766
2026-07-14T18:45:59.812595+00:00,1422587245,-69.794
2026-07-14T18:45:59.812595+00:00,1422588710,-69.799
2026-07-14T18:45:59.812595+00:00,1422590175,-69.798
2026-07-14T18:45:59.812595+00:00,1422591639,-69.775
2026-07-14T18:45:59.812595+00:00,1422593104,-69.775
2026-07-14T18:45:59.812595+00:00,1422594569,-69.708
2026-07-14T18:45:59.812595+00:00,1422596034,-69.764
2026-07-14T18:45:59.812595+00:00,1422597499,-69.808
2026-07-14T18:45:59.812595+00:00,1422598964,-69.773
2026-07-14T18:45:59.812595+00:00,1422600428,-69.758
2026-07-14T18:45:59.812595+00:00,1422601893,-69.731
2026-07-14T18:45:59.812595+00:00,1422603358,-69.686
2026-07-14T18:45:59.812595+00:00,1422604823,-69.68
2026-07-14T18:45:59.812595+00:00,1422606288,-69.703
2026-07-14T18:45:59.812595+00:00,1422607753,-69.78
2026-07-14T18:45:59.812595+00:00,1422609217,-69.758
2026-07-14T18:45:59.812595+00:00,1422610682,-69.754
2026-07-14T18:45:59.812595+00:00,1422612147,-69.714
2026-07-14T18:45:59.812595+00:00,1422613612,-69.74
2026-07-14T18:45:59.812595+00:00,1422615077,-69.717
2026-07-14T18:45:59.812595+00:00,1422616542,-69.698
2026-07-14T18:45:59.812595+00:00,1422618007,-69.735
2026-07-14T18:45:59.812595+00:00,1422619471,-69.762
2026-07-14T18:45:59.812595+00:00,1422620936,-69.717
2026-07-14T18:45:59.812595+00:00,1422622401,-69.723
2026-07-14T18:45:59.812595+00:00,1422623866,-69.738
2026-07-14T18:45:59.812595+00:00,1422625331,-69.694
2026-07-14T18:45:59.812595+00:00,1422626796,-69.654
2026-07-14T18:45:59.812595+00:00,1422628260,-69.693
2026-07-14T18:45:59.812595+00:00,1422629725,-69.705
2026-07-14T18:45:59.812595+00:00,1422631190,-69.696
2026-07-14T18:45:59.812595+00:00,1422632655,-69.714
2026-07-14T18:45:59.812595+00:00,1422634120,-69.677
2026-07-14T18:45:59.812595+00:00,1422635585,-69.643
2026-07-14T18:45:59.812595+00:00,1422637050,-69.663
2026-07-14T18:45:59.812595+00:00,1422638514,-69.686
2026-07-14T18:45:59.812595+00:00,1422639979,-69.653
2026-07-14T18:45:59.812595+00:00,1422641444,-69.638
2026-07-14T18:45:59.812595+00:00,1422642909,-69.696
2026-07-14T18:45:59.812595+00:00,1422644374,-69.642
2026-07-14T18:45:59.812595+00:00,1422645839,-69.684
2026-07-14T18:45:59.812595+00:00,1422647303,-69.635
2026-07-14T18:45:59.812595+00:00,1422648768,-69.674
2026-07-14T18:45:59.812595+00:00,1422650233,-69.636
2026-07-14T18:45:59.812595+00:00,1422651698,-69.637
2026-07-14T18:45:59.812595+00:00,1422653163,-69.686
2026-07-14T18:45:59.812595+00:00,1422654628,-69.655
2026-07-14T18:45:59.812595+00:00,1422656092,-69.741
2026-07-14T18:45:59.812595+00:00,1422657557,-69.695
2026-07-14T18:45:59.812595+00:00,1422659022,-69.722
2026-07-14T18:45:59.812595+00:00,1422660487,-69.705
2026-07-14T18:45:59.812595+00:00,1422661952,-69.7
2026-07-14T18:45:59.812595+00:00,1422663417,-69.684
2026-07-14T18:45:59.812595+00:00,1422664882,-69.572
2026-07-14T18:45:59.812595+00:00,1422666346,-69.622
2026-07-14T18:45:59.812595+00:00,1422667811,-69.634
2026-07-14T18:45:59.812595+00:00,1422669276,-69.62
2026-07-14T18:45:59.812595+00:00,1422670741,-69.581
2026-07-14T18:45:59.812595+00:00,1422672206,-69.619
2026-07-14T18:45:59.812595+00:00,1422673671,-69.603
2026-07-14T18:45:59.812595+00:00,1422675135,-69.597
2026-07-14T18:45:59.812595+00:00,1422676600,-69.7
2026-07-14T18:45:59.812595+00:00,1422678065,-69.707
2026-07-14T18:45:59.812595+00:00,1422679530,-69.663
2026-07-14T18:45:59.812595+00:00,1422680995,-69.656
2026-07-14T18:45:59.812595+00:00,1422682460,-69.651
2026-07-14T18:45:59.812595+00:00,1422683925,-69.611
2026-07-14T18:45:59.812595+00:00,1422685389,-69.637
2026-07-14T18:45:59.812595+00:00,1422686854,-69.633
2026-07-14T18:45:59.812595+00:00,1422688319,-69.614
2026-07-14T18:45:59.812595+00:00,1422689784,-69.65
2026-07-14T18:45:59.812595+00:00,1422691249,-69.574
2026-07-14T18:45:59.812595+00:00,1422692714,-69.565
2026-07-14T18:45:59.812595+00:00,1422694178,-69.63
2026-07-14T18:45:59.812595+00:00,1422695643,-69.628
2026-07-14T18:45:59.812595+00:00,1422697108,-69.636
2026-07-14T18:45:59.812595+00:00,1422698573,-69.652
2026-07-14T18:45:59.812595+00:00,1422700038,-69.621
2026-07-14T18:45:59.812595+00:00,1422701503,-69.643
2026-07-14T18:45:59.812595+00:00,1422702967,-69.631
2026-07-14T18:45:59.812595+00:00,1422704432,-69.658
2026-07-14T18:45:59.812595+00:00,1422705897,-69.622
2026-07-14T18:45:59.812595+00:00,1422707362,-69.613
2026-07-14T18:45:59.812595+00:00,1422708827,-69.656
2026-07-14T18:45:59.812595+00:00,1422710292,-69.558
2026-07-14T18:45:59.812595+00:00,1422711757,-69.534
2026-07-14T18:45:59.812595+00:00,1422713221,-69.62
2026-07-14T18:45:59.812595+00:00,1422714686,-69.651
2026-07-14T18:45:59.812595+00:00,1422716151,-69.641
2026-07-14T18:45:59.812595+00:00,1422717616,-69.627
2026-07-14T18:45:59.812595+00:00,1422719081,-69.55
2026-07-14T18:45:59.812595+00:00,1422720546,-69.541
2026-07-14T18:45:59.812595+00:00,1422722010,-69.475
2026-07-14T18:45:59.812595+00:00,1422723475,-69.542
2026-07-14T18:45:59.812595+00:00,1422724940,-69.619
2026-07-14T18:45:59.812595+00:00,1422726405,-69.644
2026-07-14T18:45:59.812595+00:00,1422727870,-69.594
2026-07-14T18:45:59.812595+00:00,1422729335,-69.582
2026-07-14T18:45:59.812595+00:00,1422730800,-69.571
2026-07-14T18:45:59.812595+00:00,1422732264,-69.607
2026-07-14T18:45:59.812595+00:00,1422733729,-69.592
2026-07-14T18:45:59.812595+00:00,1422735194,-69.56
2026-07-14T18:45:59.812595+00:00,1422736659,-69.534
2026-07-14T18:45:59.812595+00:00,1422738124,-69.519
2026-07-14T18:45:59.812595+00:00,1422739589,-69.515
2026-07-14T18:45:59.812595+00:00,1422741053,-69.568
2026-07-14T18:45:59.812595+00:00,1422742518,-69.635
2026-07-14T18:45:59.812595+00:00,1422743983,-69.613
2026-07-14T18:45:59.812595+00:00,1422745448,-69.55
2026-07-14T18:45:59.812595+00:00,1422746913,-69.508
2026-07-14T18:45:59.812595+00:00,1422748378,-69.549
2026-07-14T18:45:59.812595+00:00,1422749842,-69.541
2026-07-14T18:45:59.812595+00:00,1422751307,-69.615
2026-07-14T18:45:59.812595+00:00,1422752772,-69.559
2026-07-14T18:45:59.812595+00:00,1422754237,-69.515
2026-07-14T18:45:59.812595+00:00,1422755702,-69.598
2026-07-14T18:45:59.812595+00:00,1422757167,-69.609
2026-07-14T18:45:59.812595+00:00,1422758632,-69.552
2026-07-14T18:45:59.812595+00:00,1422760096,-69.567
2026-07-14T18:45:59.812595+00:00,1422761561,-69.573
2026-07-14T18:45:59.812595+00:00,1422763026,-69.562
2026-07-14T18:45:59.812595+00:00,1422764491,-69.529
2026-07-14T18:45:59.812595+00:00,1422765956,-69.579
2026-07-14T18:45:59.812595+00:00,1422767421,-69.598
2026-07-14T18:45:59.812595+00:00,1422768885,-69.582
2026-07-14T18:45:59.812595+00:00,1422770350,-69.542
2026-07-14T18:45:59.812595+00:00,1422771815,-69.562
2026-07-14T18:45:59.812595+00:00,1422773280,-69.579
2026-07-14T18:45:59.812595+00:00,1422774745,-69.549
2026-07-14T18:45:59.812595+00:00,1422776210,-69.582
2026-07-14T18:45:59.812595+00:00,1422777675,-69.556
2026-07-14T18:45:59.812595+00:00,1422779139,-69.538
2026-07-14T18:45:59.812595+00:00,1422780604,-69.59
2026-07-14T18:45:59.812595+00:00,1422782069,-69.653
2026-07-14T18:45:59.812595+00:00,1422783534,-69.547
2026-07-14T18:45:59.812595+00:00,1422784999,-69.506
2026-07-14T18:45:59.812595+00:00,1422786464,-69.588
2026-07-14T18:45:59.812595+00:00,1422787928,-69.527
2026-07-14T18:45:59.812595+00:00,1422789393,-69.515
2026-07-14T18:45:59.812595+00:00,1422790858,-69.504
2026-07-14T18:45:59.812595+00:00,1422792323,-69.441
2026-07-14T18:45:59.812595+00:00,1422793788,-69.461
2026-07-14T18:45:59.812595+00:00,1422795253,-69.509
2026-07-14T18:45:59.812595+00:00,1422796717,-69.5
2026-07-14T18:45:59.812595+00:00,1422798182,-69.48
2026-07-14T18:45:59.812595+00:00,1422799647,-69.536
2026-07-14T18:45:59.812595+00:00,1422801112,-69.556
2026-07-14T18:45:59.812595+00:00,1422802577,-69.455
2026-07-14T18:45:59.812595+00:00,1422804042,-69.443
2026-07-14T18:45:59.812595+00:00,1422805507,-69.451
2026-07-14T18:45:59.812595+00:00,1422806971,-69.521
2026-07-14T18:45:59.812595+00:00,1422808436,-69.524
2026-07-14T18:45:59.812595+00:00,1422809901,-69.564
2026-07-14T18:45:59.812595+00:00,1422811366,-69.504
2026-07-14T18:45:59.812595+00:00,1422812831,-69.464
2026-07-14T18:45:59.812595+00:00,1422814296,-69.511
2026-07-14T18:45:59.812595+00:00,1422815760,-69.503
2026-07-14T18:45:59.812595+00:00,1422817225,-69.48
2026-07-14T18:45:59.812595+00:00,1422818690,-69.405
2026-07-14T18:45:59.812595+00:00,1422820155,-69.462
2026-07-14T18:45:59.812595+00:00,1422821620,-69.521
2026-07-14T18:45:59.812595+00:00,1422823085,-69.505
2026-07-14T18:45:59.812595+00:00,1422824550,-69.526
2026-07-14T18:45:59.812595+00:00,1422826014,-69.551
2026-07-14T18:45:59.812595+00:00,1422827479,-69.484
2026-07-14T18:45:59.812595+00:00,1422828944,-69.49
2026-07-14T18:45:59.812595+00:00,1422830409,-69.516
2026-07-14T18:45:59.812595+00:00,1422831874,-69.454
2026-07-14T18:45:59.812595+00:00,1422833339,-69.438
2026-07-14T18:45:59.812595+00:00,1422834803,-69.509
2026-07-14T18:45:59.812595+00:00,1422836268,-69.472
2026-07-14T18:45:59.812595+00:00,1422837733,-69.425
2026-07-14T18:45:59.812595+00:00,1422839198,-69.453
2026-07-14T18:45:59.812595+00:00,1422840663,-69.478
2026-07-14T18:45:59.812595+00:00,1422842128,-69.446
2026-07-14T18:45:59.812595+00:00,1422843592,-69.438
2026-07-14T18:45:59.812595+00:00,1422845057,-69.394
2026-07-14T18:45:59.812595+00:00,1422846522,-69.46
2026-07-14T18:45:59.812595+00:00,1422847987,-69.418
2026-07-14T18:45:59.812595+00:00,1422849452,-69.439
2026-07-14T18:45:59.812595+00:00,1422850917,-69.49
2026-07-14T18:45:59.812595+00:00,1422852382,-69.508
2026-07-14T18:45:59.812595+00:00,1422853846,-69.468
2026-07-14T18:45:59.812595+00:00,1422855311,-69.431
2026-07-14T18:45:59.812595+00:00,1422856776,-69.455
2026-07-14T18:45:59.812595+00:00,1422858241,-69.424
2026-07-14T18:45:59.812595+00:00,1422859706,-69.424
2026-07-14T18:45:59.812595+00:00,1422861171,-69.429
2026-07-14T18:45:59.812595+00:00,1422862635,-69.328
2026-07-14T18:45:59.812595+00:00,1422864100,-69.343
2026-07-14T18:45:59.812595+00:00,1422865565,-69.371
2026-07-14T18:45:59.812595+00:00,1422867030,-69.408
2026-07-14T18:45:59.812595+00:00,1422868495,-69.409
2026-07-14T18:45:59.812595+00:00,1422869960,-69.342
2026-07-14T18:45:59.812595+00:00,1422871425,-69.378
2026-07-14T18:45:59.812595+00:00,1422872889,-69.4
2026-07-14T18:45:59.812595+00:00,1422874354,-69.386
2026-07-14T18:45:59.812595+00:00,1422875819,-69.373
2026-07-14T18:45:59.812595+00:00,1422877284,-69.415
2026-07-14T18:45:59.812595+00:00,1422878749,-69.429
2026-07-14T18:45:59.812595+00:00,1422880214,-69.442
2026-07-14T18:45:59.812595+00:00,1422881678,-69.472
2026-07-14T18:45:59.812595+00:00,1422883143,-69.444
2026-07-14T18:45:59.812595+00:00,1422884608,-69.363
2026-07-14T18:45:59.812595+00:00,1422886073,-69.286
2026-07-14T18:45:59.812595+00:00,1422887538,-69.355
2026-07-14T18:45:59.812595+00:00,1422889003,-69.4
2026-07-14T18:45:59.812595+00:00,1422890467,-69.381
2026-07-14T18:45:59.812595+00:00,1422891932,-69.37
2026-07-14T18:45:59.812595+00:00,1422893397,-69.362
2026-07-14T18:45:59.812595+00:00,1422894862,-69.432
2026-07-14T18:45:59.812595+00:00,1422896327,-69.4
2026-07-14T18:45:59.812595+00:00,1422897792,-69.399
2026-07-14T18:45:59.812595+00:00,1422899257,-69.364
2026-07-14T18:45:59.812595+00:00,1422900721,-69.316
2026-07-14T18:45:59.812595+00:00,1422902186,-69.35
2026-07-14T18:45:59.812595+00:00,1422903651,-69.388
2026-07-14T18:45:59.812595+00:00,1422905116,-69.328
2026-07-14T18:45:59.812595+00:00,1422906581,-69.329
2026-07-14T18:45:59.812595+00:00,1422908046,-69.391
2026-07-14T18:45:59.812595+00:00,1422909510,-69.422
2026-07-14T18:45:59.812595+00:00,1422910975,-69.405
2026-07-14T18:45:59.812595+00:00,1422912440,-69.338
2026-07-14T18:45:59.812595+00:00,1422913905,-69.329
2026-07-14T18:45:59.812595+00:00,1422915370,-69.351
2026-07-14T18:45:59.812595+00:00,1422916835,-69.371
2026-07-14T18:45:59.812595+00:00,1422918300,-69.354
2026-07-14T18:45:59.812595+00:00,1422919764,-69.318
2026-07-14T18:45:59.812595+00:00,1422921229,-69.33
2026-07-14T18:45:59.812595+00:00,1422922694,-69.407
2026-07-14T18:45:59.812595+00:00,1422924159,-69.369
2026-07-14T18:45:59.812595+00:00,1422925624,-69.374
2026-07-14T18:45:59.812595+00:00,1422927089,-69.316
2026-07-14T18:45:59.812595+00:00,1422928553,-69.258
2026-07-14T18:45:59.812595+00:00,1422930018,-69.291
2026-07-14T18:45:59.812595+00:00,1422931483,-69.31
2026-07-14T18:45:59.812595+00:00,1422932948,-69.34
2026-07-14T18:45:59.812595+00:00,1422934413,-69.364
2026-07-14T18:45:59.812595+00:00,1422935878,-69.336
2026-07-14T18:45:59.812595+00:00,1422937342,-69.359
2026-07-14T18:45:59.812595+00:00,1422938807,-69.314
2026-07-14T18:45:59.812595+00:00,1422940272,-69.269
2026-07-14T18:45:59.812595+00:00,1422941737,-69.29
2026-07-14T18:45:59.812595+00:00,1422943202,-69.291
2026-07-14T18:45:59.812595+00:00,1422944667,-69.309
2026-07-14T18:45:59.812595+00:00,1422946132,-69.353
2026-07-14T18:45:59.812595+00:00,1422947596,-69.321
2026-07-14T18:45:59.812595+00:00,1422949061,-69.312
2026-07-14T18:45:59.812595+00:00,1422950526,-69.299
2026-07-14T18:45:59.812595+00:00,1422951991,-69.321
2026-07-14T18:45:59.812595+00:00,1422953456,-69.312
2026-07-14T18:45:59.812595+00:00,1422954921,-69.345
2026-07-14T18:45:59.812595+00:00,1422956385,-69.354
2026-07-14T18:45:59.812595+00:00,1422957850,-69.343
2026-07-14T18:45:59.812595+00:00,1422959315,-69.299
2026-07-14T18:45:59.812595+00:00,1422960780,-69.259
2026-07-14T18:45:59.812595+00:00,1422962245,-69.303
2026-07-14T18:45:59.812595+00:00,1422963710,-69.319
2026-07-14T18:45:59.812595+00:00,1422965175,-69.321
2026-07-14T18:45:59.812595+00:00,1422966639,-69.293
2026-07-14T18:45:59.812595+00:00,1422968104,-69.329
2026-07-14T18:45:59.812595+00:00,1422969569,-69.27
2026-07-14T18:45:59.812595+00:00,1422971034,-69.315
2026-07-14T18:45:59.812595+00:00,1422972499,-69.302
2026-07-14T18:45:59.812595+00:00,1422973964,-69.264
2026-07-14T18:45:59.812595+00:00,1422975428,-69.268
2026-07-14T18:45:59.812595+00:00,1422976893,-69.335
2026-07-14T18:45:59.812595+00:00,1422978358,-69.285
2026-07-14T18:45:59.812595+00:00,1422979823,-69.313
2026-07-14T18:45:59.812595+00:00,1422981288,-69.31
2026-07-14T18:45:59.812595+00:00,1422982753,-69.266
2026-07-14T18:45:59.812595+00:00,1422984217,-69.287
2026-07-14T18:45:59.812595+00:00,1422985682,-69.311
2026-07-14T18:45:59.812595+00:00,1422987147,-69.294
2026-07-14T18:45:59.812595+00:00,1422988612,-69.281
2026-07-14T18:45:59.812595+00:00,1422990077,-69.308
2026-07-14T18:45:59.812595+00:00,1422991542,-69.294
2026-07-14T18:45:59.812595+00:00,1422993007,-69.268
2026-07-14T18:45:59.812595+00:00,1422994471,-69.271
2026-07-14T18:45:59.812595+00:00,1422995936,-69.212
2026-07-14T18:45:59.812595+00:00,1422997401,-69.205
2026-07-14T18:45:59.812595+00:00,1422998866,-69.242
2026-07-14T18:45:59.812595+00:00,1423000331,-69.252
2026-07-14T18:45:59.812595+00:00,1423001796,-69.226
2026-07-14T18:45:59.812595+00:00,1423003260,-69.194
2026-07-14T18:45:59.812595+00:00,1423004725,-69.188
2026-07-14T18:45:59.812595+00:00,1423006190,-69.121
2026-07-14T18:45:59.812595+00:00,1423007655,-69.21
2026-07-14T18:45:59.812595+00:00,1423009120,-69.183
2026-07-14T18:45:59.812595+00:00,1423010585,-69.204
2026-07-14T18:45:59.812595+00:00,1423012050,-69.272
2026-07-14T18:45:59.812595+00:00,1423013514,-69.243
2026-07-14T18:45:59.812595+00:00,1423014979,-69.234
2026-07-14T18:45:59.812595+00:00,1423016444,-69.208
2026-07-14T18:45:59.812595+00:00,1423017909,-69.256
2026-07-14T18:45:59.812595+00:00,1423019374,-69.273
2026-07-14T18:45:59.812595+00:00,1423020839,-69.281
2026-07-14T18:45:59.812595+00:00,1423022303,-69.282
2026-07-14T18:45:59.812595+00:00,1423023768,-69.246
2026-07-14T18:45:59.812595+00:00,1423025233,-69.193
2026-07-14T18:45:59.812595+00:00,1423026698,-69.217
2026-07-14T18:45:59.812595+00:00,1423028163,-69.178
2026-07-14T18:45:59.812595+00:00,1423029628,-69.144
2026-07-14T18:45:59.812595+00:00,1423031092,-69.237
2026-07-14T18:45:59.812595+00:00,1423032557,-69.222
2026-07-14T18:45:59.812595+00:00,1423034022,-69.217
2026-07-14T18:45:59.812595+00:00,1423035487,-69.257
2026-07-14T18:45:59.812595+00:00,1423036952,-69.2
2026-07-14T18:45:59.812595+00:00,1423038417,-69.196
2026-07-14T18:45:59.812595+00:00,1423039882,-69.273
2026-07-14T18:45:59.812595+00:00,1423041346,-69.245
2026-07-14T18:45:59.812595+00:00,1423042811,-69.229
2026-07-14T18:45:59.812595+00:00,1423044276,-69.224
2026-07-14T18:45:59.812595+00:00,1423045741,-69.174
2026-07-14T18:45:59.812595+00:00,1423047206,-69.148
2026-07-14T18:45:59.812595+00:00,1423048671,-69.214
2026-07-14T18:45:59.812595+00:00,1423050135,-69.226
2026-07-14T18:45:59.812595+00:00,1423051600,-69.239
2026-07-14T18:45:59.812595+00:00,1423053065,-69.263
2026-07-14T18:45:59.812595+00:00,1423054530,-69.242
2026-07-14T18:45:59.812595+00:00,1423055995,-69.283
2026-07-14T18:45:59.812595+00:00,1423057460,-69.332
2026-07-14T18:45:59.812595+00:00,1423058925,-69.295
2026-07-14T18:45:59.812595+00:00,1423060389,-69.242
2026-07-14T18:45:59.812595+00:00,1423061854,-69.247
2026-07-14T18:45:59.812595+00:00,1423063319,-69.25
2026-07-14T18:45:59.812595+00:00,1423064784,-69.215
2026-07-14T18:45:59.812595+00:00,1423066249,-69.211
2026-07-14T18:45:59.812595+00:00,1423067714,-69.197
2026-07-14T18:45:59.812595+00:00,1423069178,-69.177
2026-07-14T18:45:59.812595+00:00,1423070643,-69.235
2026-07-14T18:45:59.812595+00:00,1423072108,-69.256
2026-07-14T18:45:59.812595+00:00,1423073573,-69.261
2026-07-14T18:45:59.812595+00:00,1423075038,-69.255
2026-07-14T18:45:59.812595+00:00,1423076503,-69.229
2026-07-14T18:45:59.812595+00:00,1423077967,-69.238
2026-07-14T18:45:59.812595+00:00,1423079432,-69.238
2026-07-14T18:45:59.812595+00:00,1423080897,-69.237
2026-07-14T18:45:59.812595+00:00,1423082362,-69.236
2026-07-14T18:45:59.812595+00:00,1423083827,-69.223
2026-07-14T18:45:59.812595+00:00,1423085292,-69.285
2026-07-14T18:45:59.812595+00:00,1423086757,-69.254
2026-07-14T18:45:59.812595+00:00,1423088221,-69.233
2026-07-14T18:45:59.812595+00:00,1423089686,-69.242
2026-07-14T18:45:59.812595+00:00,1423091151,-69.253
2026-07-14T18:45:59.812595+00:00,1423092616,-69.258
2026-07-14T18:45:59.812595+00:00,1423094081,-69.196
2026-07-14T18:45:59.812595+00:00,1423095546,-69.176
2026-07-14T18:45:59.812595+00:00,1423097010,-69.251
2026-07-14T18:45:59.812595+00:00,1423098475,-69.244
2026-07-14T18:45:59.812595+00:00,1423099940,-69.296
2026-07-14T18:45:59.812595+00:00,1423101405,-69.295
2026-07-14T18:45:59.812595+00:00,1423102870,-69.272
2026-07-14T18:45:59.812595+00:00,1423104335,-69.276
2026-07-14T18:45:59.812595+00:00,1423105800,-69.272
2026-07-14T18:45:59.812595+00:00,1423107264,-69.284
2026-07-14T18:45:59.812595+00:00,1423108729,-69.288
2026-07-14T18:45:59.812595+00:00,1423110194,-69.313
2026-07-14T18:45:59.812595+00:00,1423111659,-69.258
2026-07-14T18:45:59.812595+00:00,1423113124,-69.191
2026-07-14T18:45:59.812595+00:00,1423114589,-69.279
2026-07-14T18:45:59.812595+00:00,1423116053,-69.285
2026-07-14T18:45:59.812595+00:00,1423117518,-69.306
2026-07-14T18:45:59.812595+00:00,1423118983,-69.256
2026-07-14T18:45:59.812595+00:00,1423120448,-69.248
2026-07-14T18:45:59.812595+00:00,1423121913,-69.229
2026-07-14T18:45:59.812595+00:00,1423123378,-69.182
2026-07-14T18:45:59.812595+00:00,1423124842,-69.183
2026-07-14T18:45:59.812595+00:00,1423126307,-69.269
2026-07-14T18:45:59.812595+00:00,1423127772,-69.324
2026-07-14T18:45:59.812595+00:00,1423129237,-69.291
2026-07-14T18:45:59.812595+00:00,1423130702,-69.229
2026-07-14T18:45:59.812595+00:00,1423132167,-69.226
2026-07-14T18:45:59.812595+00:00,1423133632,-69.267
2026-07-14T18:45:59.812595+00:00,1423135096,-69.261
2026-07-14T18:45:59.812595+00:00,1423136561,-69.307
2026-07-14T18:45:59.812595+00:00,1423138026,-69.25
2026-07-14T18:45:59.812595+00:00,1423139491,-69.294
2026-07-14T18:45:59.812595+00:00,1423140956,-69.258
2026-07-14T18:45:59.812595+00:00,1423142421,-69.19
2026-07-14T18:45:59.812595+00:00,1423143885,-69.17
2026-07-14T18:45:59.812595+00:00,1423145350,-69.232
2026-07-14T18:45:59.812595+00:00,1423146815,-69.24
2026-07-14T18:45:59.812595+00:00,1423148280,-69.182
2026-07-14T18:45:59.812595+00:00,1423149745,-69.228
2026-07-14T18:45:59.812595+00:00,1423151210,-69.264
2026-07-14T18:45:59.812595+00:00,1423152675,-69.209
2026-07-14T18:45:59.812595+00:00,1423154139,-69.208
2026-07-14T18:45:59.812595+00:00,1423155604,-69.273
2026-07-14T18:45:59.812595+00:00,1423157069,-69.214
2026-07-14T18:45:59.812595+00:00,1423158534,-69.174
2026-07-14T18:45:59.812595+00:00,1423159999,-69.161
2026-07-14T18:45:59.812595+00:00,1423161464,-69.316
2026-07-14T18:45:59.812595+00:00,1423162928,-69.289
2026-07-14T18:45:59.812595+00:00,1423164393,-69.296
2026-07-14T18:45:59.812595+00:00,1423165858,-69.265
2026-07-14T18:45:59.812595+00:00,1423167323,-69.217
2026-07-14T18:45:59.812595+00:00,1423168788,-69.203
2026-07-14T18:45:59.812595+00:00,1423170253,-69.217
2026-07-14T18:45:59.812595+00:00,1423171717,-69.216
2026-07-14T18:45:59.812595+00:00,1423173182,-69.164
2026-07-14T18:45:59.812595+00:00,1423174647,-69.213
2026-07-14T18:45:59.812595+00:00,1423176112,-69.262
2026-07-14T18:45:59.812595+00:00,1423177577,-69.241
2026-07-14T18:45:59.812595+00:00,1423179042,-69.212
2026-07-14T18:45:59.812595+00:00,1423180507,-69.25
2026-07-14T18:45:59.812595+00:00,1423181971,-69.268
2026-07-14T18:45:59.812595+00:00,1423183436,-69.247
2026-07-14T18:45:59.812595+00:00,1423184901,-69.263
2026-07-14T18:45:59.812595+00:00,1423186366,-69.247
2026-07-14T18:45:59.812595+00:00,1423187831,-69.174
2026-07-14T18:45:59.812595+00:00,1423189296,-69.156
2026-07-14T18:45:59.812595+00:00,1423190760,-69.188
2026-07-14T18:45:59.812595+00:00,1423192225,-69.216
2026-07-14T18:45:59.812595+00:00,1423193690,-69.185
2026-07-14T18:45:59.812595+00:00,1423195155,-69.213
2026-07-14T18:45:59.812595+00:00,1423196620,-69.231
2026-07-14T18:45:59.812595+00:00,1423198085,-69.216
2026-07-14T18:45:59.812595+00:00,1423199550,-69.196
2026-07-14T18:45:59.812595+00:00,1423201014,-69.196
2026-07-14T18:45:59.812595+00:00,1423202479,-69.202
2026-07-14T18:45:59.812595+00:00,1423203944,-69.172
2026-07-14T18:45:59.812595+00:00,1423205409,-69.171
2026-07-14T18:45:59.812595+00:00,1423206874,-69.193
2026-07-14T18:45:59.812595+00:00,1423208339,-69.112
2026-07-14T18:45:59.812595+00:00,1423209803,-69.161
2026-07-14T18:45:59.812595+00:00,1423211268,-69.227
2026-07-14T18:45:59.812595+00:00,1423212733,-69.216
2026-07-14T18:45:59.812595+00:00,1423214198,-69.234
2026-07-14T18:45:59.812595+00:00,1423215663,-69.228
2026-07-14T18:45:59.812595+00:00,1423217128,-69.262
2026-07-14T18:45:59.812595+00:00,1423218592,-69.241
2026-07-14T18:45:59.812595+00:00,1423220057,-69.141
2026-07-14T18:45:59.812595+00:00,1423221522,-69.159
2026-07-14T18:45:59.812595+00:00,1423222987,-69.174
2026-07-14T18:45:59.812595+00:00,1423224452,-69.225
2026-07-14T18:45:59.812595+00:00,1423225917,-69.203
2026-07-14T18:45:59.812595+00:00,1423227382,-69.155
2026-07-14T18:45:59.812595+00:00,1423228846,-69.158
2026-07-14T18:45:59.812595+00:00,1423230311,-69.116
2026-07-14T18:45:59.812595+00:00,1423231776,-69.087
2026-07-14T18:45:59.812595+00:00,1423233241,-69.16
2026-07-14T18:45:59.812595+00:00,1423234706,-69.121
2026-07-14T18:45:59.812595+00:00,1423236171,-69.146
2026-07-14T18:45:59.812595+00:00,1423237635,-69.127
2026-07-14T18:45:59.812595+00:00,1423239100,-69.185
2026-07-14T18:45:59.812595+00:00,1423240565,-69.203
2026-07-14T18:45:59.812595+00:00,1423242030,-69.192
2026-07-14T18:45:59.812595+00:00,1423243495,-69.217
2026-07-14T18:45:59.812595+00:00,1423244960,-69.205
2026-07-14T18:45:59.812595+00:00,1423246425,-69.203
2026-07-14T18:45:59.812595+00:00,1423247889,-69.168
2026-07-14T18:45:59.812595+00:00,1423249354,-69.142
2026-07-14T18:45:59.812595+00:00,1423250819,-69.115
2026-07-14T18:45:59.812595+00:00,1423252284,-69.18
2026-07-14T18:45:59.812595+00:00,1423253749,-69.144
2026-07-14T18:45:59.812595+00:00,1423255214,-69.154
2026-07-14T18:45:59.812595+00:00,1423256678,-69.137
2026-07-14T18:45:59.812595+00:00,1423258143,-69.152
2026-07-14T18:45:59.812595+00:00,1423259608,-69.159
2026-07-14T18:45:59.812595+00:00,1423261073,-69.135
2026-07-14T18:45:59.812595+00:00,1423262538,-69.201
2026-07-14T18:45:59.812595+00:00,1423264003,-69.129
2026-07-14T18:45:59.812595+00:00,1423265467,-69.144
2026-07-14T18:45:59.812595+00:00,1423266932,-69.096
2026-07-14T18:45:59.812595+00:00,1423268397,-69.108
2026-07-14T18:45:59.812595+00:00,1423269862,-69.161
2026-07-14T18:45:59.812595+00:00,1423271327,-69.108
2026-07-14T18:45:59.812595+00:00,1423272792,-69.143
2026-07-14T18:45:59.812595+00:00,1423274257,-69.186
2026-07-14T18:45:59.812595+00:00,1423275721,-69.112
2026-07-14T18:45:59.812595+00:00,1423277186,-69.134
2026-07-14T18:45:59.812595+00:00,1423278651,-69.126
2026-07-14T18:45:59.812595+00:00,1423280116,-69.15
2026-07-14T18:45:59.812595+00:00,1423281581,-69.104
2026-07-14T18:45:59.812595+00:00,1423283046,-69.13
2026-07-14T18:45:59.812595+00:00,1423284510,-69.163
2026-07-14T18:45:59.812595+00:00,1423285975,-69.159
2026-07-14T18:45:59.812595+00:00,1423287440,-69.127
2026-07-14T18:45:59.812595+00:00,1423288905,-69.137
2026-07-14T18:45:59.812595+00:00,1423290370,-69.131
2026-07-14T18:45:59.812595+00:00,1423291835,-69.146
2026-07-14T18:45:59.812595+00:00,1423293300,-69.105
2026-07-14T18:45:59.812595+00:00,1423294764,-69.153
2026-07-14T18:45:59.812595+00:00,1423296229,-69.179
2026-07-14T18:45:59.812595+00:00,1423297694,-69.141
2026-07-14T18:45:59.812595+00:00,1423299159,-69.109
2026-07-14T18:45:59.812595+00:00,1423300624,-69.098
2026-07-14T18:45:59.812595+00:00,1423302089,-69.129
2026-07-14T18:45:59.812595+00:00,1423303553,-69.146
2026-07-14T18:45:59.812595+00:00,1423305018,-69.138
2026-07-14T18:45:59.812595+00:00,1423306483,-69.137
2026-07-14T18:45:59.812595+00:00,1423307948,-69.102
2026-07-14T18:45:59.812595+00:00,1423309413,-69.09
2026-07-14T18:45:59.812595+00:00,1423310878,-69.067
2026-07-14T18:45:59.812595+00:00,1423312342,-69.129
2026-07-14T18:45:59.812595+00:00,1423313807,-69.133
2026-07-14T18:45:59.812595+00:00,1423315272,-69.149
2026-07-14T18:45:59.812595+00:00,1423316737,-69.11
2026-07-14T18:45:59.812595+00:00,1423318202,-69.078
2026-07-14T18:45:59.812595+00:00,1423319667,-69.112
2026-07-14T18:45:59.812595+00:00,1423321132,-69.109
2026-07-14T18:45:59.812595+00:00,1423322596,-69.074
2026-07-14T18:45:59.812595+00:00,1423324061,-69.071
2026-07-14T18:45:59.812595+00:00,1423325526,-69.151
2026-07-14T18:45:59.812595+00:00,1423326991,-69.089
2026-07-14T18:45:59.812595+00:00,1423328456,-69.124
2026-07-14T18:45:59.812595+00:00,1423329921,-69.124
2026-07-14T18:45:59.812595+00:00,1423331385,-69.155
2026-07-14T18:45:59.812595+00:00,1423332850,-69.114
2026-07-14T18:45:59.812595+00:00,1423334315,-69.143
2026-07-14T18:45:59.812595+00:00,1423335780,-69.122
2026-07-14T18:45:59.812595+00:00,1423337245,-69.123
2026-07-14T18:45:59.812595+00:00,1423338710,-69.113
2026-07-14T18:45:59.812595+00:00,1423340175,-69.082
2026-07-14T18:45:59.812595+00:00,1423341639,-69.105
2026-07-14T18:45:59.812595+00:00,1423343104,-69.101
2026-07-14T18:45:59.812595+00:00,1423344569,-69.095
2026-07-14T18:45:59.812595+00:00,1423346034,-69.153
2026-07-14T18:45:59.812595+00:00,1423347499,-69.138
2026-07-14T18:45:59.812595+00:00,1423348964,-69.076
2026-07-14T18:45:59.812595+00:00,1423350428,-69.048
2026-07-14T18:45:59.812595+00:00,1423351893,-69.099
2026-07-14T18:45:59.812595+00:00,1423353358,-69.054
2026-07-14T18:45:59.812595+00:00,1423354823,-69.066
2026-07-14T18:45:59.812595+00:00,1423356288,-69.138
2026-07-14T18:45:59.812595+00:00,1423357753,-69.095
2026-07-14T18:45:59.812595+00:00,1423359217,-69.031
2026-07-14T18:45:59.812595+00:00,1423360682,-69.053
2026-07-14T18:45:59.812595+00:00,1423362147,-69.053
2026-07-14T18:45:59.812595+00:00,1423363612,-69.084
2026-07-14T18:45:59.812595+00:00,1423365077,-69.093
2026-07-14T18:45:59.812595+00:00,1423366542,-69.064
2026-07-14T18:45:59.812595+00:00,1423368007,-69.019
2026-07-14T18:45:59.812595+00:00,1423369471,-69.112
2026-07-14T18:45:59.812595+00:00,1423370936,-69.101
2026-07-14T18:45:59.812595+00:00,1423372401,-69.132
2026-07-14T18:45:59.812595+00:00,1423373866,-69.136
2026-07-14T18:45:59.812595+00:00,1423375331,-69.103
2026-07-14T18:45:59.812595+00:00,1423376796,-69.072
2026-07-14T18:45:59.812595+00:00,1423378260,-69.062
2026-07-14T18:45:59.812595+00:00,1423379725,-69.093
2026-07-14T18:45:59.812595+00:00,1423381190,-69.165
2026-07-14T18:45:59.812595+00:00,1423382655,-69.127
2026-07-14T18:45:59.812595+00:00,1423384120,-69.094
2026-07-14T18:45:59.812595+00:00,1423385585,-69.036
2026-07-14T18:45:59.812595+00:00,1423387050,-69.033
2026-07-14T18:45:59.812595+00:00,1423388514,-69.061
2026-07-14T18:45:59.812595+00:00,1423389979,-69.115
2026-07-14T18:45:59.812595+00:00,1423391444,-69.124
2026-07-14T18:45:59.812595+00:00,1423392909,-69.128
2026-07-14T18:45:59.812595+00:00,1423394374,-69.104
2026-07-14T18:45:59.812595+00:00,1423395839,-69.162
2026-07-14T18:45:59.812595+00:00,1423397303,-69.09
2026-07-14T18:45:59.812595+00:00,1423398768,-69.109
2026-07-14T18:45:59.812595+00:00,1423400233,-69.058
2026-07-14T18:45:59.812595+00:00,1423401698,-69.128
2026-07-14T18:45:59.812595+00:00,1423403163,-69.123
2026-07-14T18:45:59.812595+00:00,1423404628,-69.136
2026-07-14T18:45:59.812595+00:00,1423406092,-69.113
2026-07-14T18:45:59.812595+00:00,1423407557,-69.105
2026-07-14T18:45:59.812595+00:00,1423409022,-69.076
2026-07-14T18:45:59.812595+00:00,1423410487,-69.098
2026-07-14T18:45:59.812595+00:00,1423411952,-69.084
2026-07-14T18:45:59.812595+00:00,1423413417,-69.128
2026-07-14T18:45:59.812595+00:00,1423414882,-69.099
2026-07-14T18:45:59.812595+00:00,1423416346,-69.102
2026-07-14T18:45:59.812595+00:00,1423417811,-69.121
2026-07-14T18:45:59.812595+00:00,1423419276,-69.09
2026-07-14T18:45:59.812595+00:00,1423420741,-69.08
2026-07-14T18:45:59.812595+00:00,1423422206,-69.097
2026-07-14T18:45:59.812595+00:00,1423423671,-69.126
2026-07-14T18:45:59.812595+00:00,1423425135,-69.147
2026-07-14T18:45:59.812595+00:00,1423426600,-69.126
2026-07-14T18:45:59.812595+00:00,1423428065,-69.103
2026-07-14T18:45:59.812595+00:00,1423429530,-69.123
2026-07-14T18:45:59.812595+00:00,1423430995,-69.163
2026-07-14T18:45:59.812595+00:00,1423432460,-69.05
2026-07-14T18:45:59.812595+00:00,1423433925,-69.086
2026-07-14T18:45:59.812595+00:00,1423435389,-69.206
2026-07-14T18:45:59.812595+00:00,1423436854,-69.193
2026-07-14T18:45:59.812595+00:00,1423438319,-69.131
2026-07-14T18:45:59.812595+00:00,1423439784,-69.128
2026-07-14T18:45:59.812595+00:00,1423441249,-69.152
2026-07-14T18:45:59.812595+00:00,1423442714,-69.196
2026-07-14T18:45:59.812595+00:00,1423444178,-69.076
2026-07-14T18:45:59.812595+00:00,1423445643,-69.088
2026-07-14T18:45:59.812595+00:00,1423447108,-69.148
2026-07-14T18:45:59.812595+00:00,1423448573,-69.128
2026-07-14T18:45:59.812595+00:00,1423450038,-69.123
2026-07-14T18:45:59.812595+00:00,1423451503,-69.097
2026-07-14T18:45:59.812595+00:00,1423452967,-69.091
2026-07-14T18:45:59.812595+00:00,1423454432,-69.148
2026-07-14T18:45:59.812595+00:00,1423455897,-69.083
2026-07-14T18:45:59.812595+00:00,1423457362,-69.11
2026-07-14T18:45:59.812595+00:00,1423458827,-69.06
2026-07-14T18:45:59.812595+00:00,1423460292,-69.155
2026-07-14T18:45:59.812595+00:00,1423461757,-69.216
2026-07-14T18:45:59.812595+00:00,1423463221,-69.179
2026-07-14T18:45:59.812595+00:00,1423464686,-69.086
2026-07-14T18:45:59.812595+00:00,1423466151,-69.143
2026-07-14T18:45:59.812595+00:00,1423467616,-69.1
2026-07-14T18:45:59.812595+00:00,1423469081,-69.164
2026-07-14T18:45:59.812595+00:00,1423470546,-69.17
2026-07-14T18:45:59.812595+00:00,1423472010,-69.147
2026-07-14T18:45:59.812595+00:00,1423473475,-69.163
2026-07-14T18:45:59.812595+00:00,1423474940,-69.215
2026-07-14T18:45:59.812595+00:00,1423476405,-69.177
2026-07-14T18:45:59.812595+00:00,1423477870,-69.16
2026-07-14T18:45:59.812595+00:00,1423479335,-69.144
2026-07-14T18:45:59.812595+00:00,1423480800,-69.195
2026-07-14T18:45:59.812595+00:00,1423482264,-69.239
2026-07-14T18:45:59.812595+00:00,1423483729,-69.202
2026-07-14T18:45:59.812595+00:00,1423485194,-69.099
2026-07-14T18:45:59.812595+00:00,1423486659,-69.156
2026-07-14T18:45:59.812595+00:00,1423488124,-69.175
2026-07-14T18:45:59.812595+00:00,1423489589,-69.203
2026-07-14T18:45:59.812595+00:00,1423491053,-69.247
2026-07-14T18:45:59.812595+00:00,1423492518,-69.243
2026-07-14T18:45:59.812595+00:00,1423493983,-69.185
2026-07-14T18:45:59.812595+00:00,1423495448,-69.24
2026-07-14T18:45:59.812595+00:00,1423496913,-69.218
2026-07-14T18:45:59.812595+00:00,1423498378,-69.17
2026-07-14T18:45:59.812595+00:00,1423499842,-69.106
2026-07-14T18:45:59.812595+00:00,1423501307,-69.206
2026-07-14T18:45:59.812595+00:00,1423502772,-69.233
2026-07-14T18:45:59.812595+00:00,1423504237,-69.193
2026-07-14T18:45:59.812595+00:00,1423505702,-69.206
2026-07-14T18:45:59.812595+00:00,1423507167,-69.211
2026-07-14T18:45:59.812595+00:00,1423508632,-69.184
2026-07-14T18:45:59.812595+00:00,1423510096,-69.158
2026-07-14T18:45:59.812595+00:00,1423511561,-69.166
2026-07-14T18:45:59.812595+00:00,1423513026,-69.205
2026-07-14T18:45:59.812595+00:00,1423514491,-69.182
2026-07-14T18:45:59.812595+00:00,1423515956,-69.183
2026-07-14T18:45:59.812595+00:00,1423517421,-69.137
2026-07-14T18:45:59.812595+00:00,1423518885,-69.138
2026-07-14T18:45:59.812595+00:00,1423520350,-69.199
2026-07-14T18:45:59.812595+00:00,1423521815,-69.24
2026-07-14T18:45:59.812595+00:00,1423523280,-69.309
2026-07-14T18:45:59.812595+00:00,1423524745,-69.261
2026-07-14T18:45:59.812595+00:00,1423526210,-69.261
2026-07-14T18:45:59.812595+00:00,1423527675,-69.23
2026-07-14T18:45:59.812595+00:00,1423529139,-69.172
2026-07-14T18:45:59.812595+00:00,1423530604,-69.205
2026-07-14T18:45:59.812595+00:00,1423532069,-69.253
2026-07-14T18:45:59.812595+00:00,1423533534,-69.234
2026-07-14T18:45:59.812595+00:00,1423534999,-69.259
2026-07-14T18:45:59.812595+00:00,1423536464,-69.259
2026-07-14T18:45:59.812595+00:00,1423537928,-69.233
2026-07-14T18:45:59.812595+00:00,1423539393,-69.261
2026-07-14T18:45:59.812595+00:00,1423540858,-69.171
2026-07-14T18:45:59.812595+00:00,1423542323,-69.26
2026-07-14T18:45:59.812595+00:00,1423543788,-69.304
2026-07-14T18:45:59.812595+00:00,1423545253,-69.299
2026-07-14T18:45:59.812595+00:00,1423546717,-69.26
2026-07-14T18:45:59.812595+00:00,1423548182,-69.246
2026-07-14T18:45:59.812595+00:00,1423549647,-69.257
2026-07-14T18:45:59.812595+00:00,1423551112,-69.243
2026-07-14T18:45:59.812595+00:00,1423552577,-69.343
2026-07-14T18:45:59.812595+00:00,1423554042,-69.291
2026-07-14T18:45:59.812595+00:00,1423555507,-69.323
2026-07-14T18:45:59.812595+00:00,1423556971,-69.337
2026-07-14T18:45:59.812595+00:00,1423558436,-69.292
2026-07-14T18:45:59.812595+00:00,1423559901,-69.29
2026-07-14T18:45:59.812595+00:00,1423561366,-69.23
2026-07-14T18:45:59.812595+00:00,1423562831,-69.195
2026-07-14T18:45:59.812595+00:00,1423564296,-69.308
2026-07-14T18:45:59.812595+00:00,1423565760,-69.343
2026-07-14T18:45:59.812595+00:00,1423567225,-69.336
2026-07-14T18:45:59.812595+00:00,1423568690,-69.406
2026-07-14T18:45:59.812595+00:00,1423570155,-69.413
2026-07-14T18:45:59.812595+00:00,1423571620,-69.305
2026-07-14T18:45:59.812595+00:00,1423573085,-69.307
2026-07-14T18:45:59.812595+00:00,1423574550,-69.275
2026-07-14T18:45:59.812595+00:00,1423576014,-69.343
2026-07-14T18:45:59.812595+00:00,1423577479,-69.305
2026-07-14T18:45:59.812595+00:00,1423578944,-69.307
2026-07-14T18:45:59.812595+00:00,1423580409,-69.272
2026-07-14T18:45:59.812595+00:00,1423581874,-69.363
2026-07-14T18:45:59.812595+00:00,1423583339,-69.353
2026-07-14T18:45:59.812595+00:00,1423584803,-69.356
2026-07-14T18:45:59.812595+00:00,1423586268,-69.362
2026-07-14T18:45:59.812595+00:00,1423587733,-69.363
2026-07-14T18:45:59.812595+00:00,1423589198,-69.357
2026-07-14T18:45:59.812595+00:00,1423590663,-69.339
2026-07-14T18:45:59.812595+00:00,1423592128,-69.368
2026-07-14T18:45:59.812595+00:00,1423593592,-69.382
2026-07-14T18:45:59.812595+00:00,1423595057,-69.326
2026-07-14T18:45:59.812595+00:00,1423596522,-69.39
2026-07-14T18:45:59.812595+00:00,1423597987,-69.391
2026-07-14T18:45:59.812595+00:00,1423599452,-69.35
2026-07-14T18:45:59.812595+00:00,1423600917,-69.365
2026-07-14T18:45:59.812595+00:00,1423602382,-69.367
2026-07-14T18:45:59.812595+00:00,1423603846,-69.364
2026-07-14T18:45:59.812595+00:00,1423605311,-69.369
2026-07-14T18:45:59.812595+00:00,1423606776,-69.417
2026-07-14T18:45:59.812595+00:00,1423608241,-69.427
2026-07-14T18:45:59.812595+00:00,1423609706,-69.456
2026-07-14T18:45:59.812595+00:00,1423611171,-69.375
2026-07-14T18:45:59.812595+00:00,1423612635,-69.361
2026-07-14T18:45:59.812595+00:00,1423614100,-69.301
2026-07-14T18:45:59.812595+00:00,1423615565,-69.312
2026-07-14T18:45:59.812595+00:00,1423617030,-69.372
2026-07-14T18:45:59.812595+00:00,1423618495,-69.397
2026-07-14T18:45:59.812595+00:00,1423619960,-69.378
2026-07-14T18:45:59.812595+00:00,1423621425,-69.351
2026-07-14T18:45:59.812595+00:00,1423622889,-69.39
2026-07-14T18:45:59.812595+00:00,1423624354,-69.406
2026-07-14T18:45:59.812595+00:00,1423625819,-69.415
2026-07-14T18:45:59.812595+00:00,1423627284,-69.372
2026-07-14T18:45:59.812595+00:00,1423628749,-69.491
2026-07-14T18:45:59.812595+00:00,1423630214,-69.562
2026-07-14T18:45:59.812595+00:00,1423631678,-69.408
2026-07-14T18:45:59.812595+00:00,1423633143,-69.403
2026-07-14T18:45:59.812595+00:00,1423634608,-69.473
2026-07-14T18:45:59.812595+00:00,1423636073,-69.418
2026-07-14T18:45:59.812595+00:00,1423637538,-69.438
2026-07-14T18:45:59.812595+00:00,1423639003,-69.425
2026-07-14T18:45:59.812595+00:00,1423640467,-69.426
2026-07-14T18:45:59.812595+00:00,1423641932,-69.435
2026-07-14T18:45:59.812595+00:00,1423643397,-69.429
2026-07-14T18:45:59.812595+00:00,1423644862,-69.461
2026-07-14T18:45:59.812595+00:00,1423646327,-69.442
2026-07-14T18:45:59.812595+00:00,1423647792,-69.458
2026-07-14T18:45:59.812595+00:00,1423649257,-69.506
2026-07-14T18:45:59.812595+00:00,1423650721,-69.452
2026-07-14T18:45:59.812595+00:00,1423652186,-69.443
2026-07-14T18:45:59.812595+00:00,1423653651,-69.511
2026-07-14T18:45:59.812595+00:00,1423655116,-69.499
2026-07-14T18:45:59.812595+00:00,1423656581,-69.512
2026-07-14T18:45:59.812595+00:00,1423658046,-69.528
2026-07-14T18:45:59.812595+00:00,1423659510,-69.529
2026-07-14T18:45:59.812595+00:00,1423660975,-69.521
2026-07-14T18:45:59.812595+00:00,1423662440,-69.507
2026-07-14T18:45:59.812595+00:00,1423663905,-69.498
2026-07-14T18:45:59.812595+00:00,1423665370,-69.454
2026-07-14T18:45:59.812595+00:00,1423666835,-69.521
2026-07-14T18:45:59.812595+00:00,1423668300,-69.537
2026-07-14T18:45:59.812595+00:00,1423669764,-69.584
2026-07-14T18:45:59.812595+00:00,1423671229,-69.5
2026-07-14T18:45:59.812595+00:00,1423672694,-69.511
2026-07-14T18:45:59.812595+00:00,1423674159,-69.591
2026-07-14T18:45:59.812595+00:00,1423675624,-69.561
2026-07-14T18:45:59.812595+00:00,1423677089,-69.605
2026-07-14T18:45:59.812595+00:00,1423678553,-69.58
2026-07-14T18:45:59.812595+00:00,1423680018,-69.542
2026-07-14T18:45:59.812595+00:00,1423681483,-69.621
2026-07-14T18:45:59.812595+00:00,1423682948,-69.587
2026-07-14T18:45:59.812595+00:00,1423684413,-69.575
2026-07-14T18:45:59.812595+00:00,1423685878,-69.645
2026-07-14T18:45:59.812595+00:00,1423687342,-69.618
2026-07-14T18:45:59.812595+00:00,1423688807,-69.546
2026-07-14T18:45:59.812595+00:00,1423690272,-69.62
2026-07-14T18:45:59.812595+00:00,1423691737,-69.589
2026-07-14T18:45:59.812595+00:00,1423693202,-69.604
2026-07-14T18:45:59.812595+00:00,1423694667,-69.634
2026-07-14T18:45:59.812595+00:00,1423696132,-69.579
2026-07-14T18:45:59.812595+00:00,1423697596,-69.575
2026-07-14T18:45:59.812595+00:00,1423699061,-69.62
2026-07-14T18:45:59.812595+00:00,1423700526,-69.617
2026-07-14T18:45:59.812595+00:00,1423701991,-69.666
2026-07-14T18:45:59.812595+00:00,1423703456,-69.654
2026-07-14T18:45:59.812595+00:00,1423704921,-69.605
2026-07-14T18:45:59.812595+00:00,1423706385,-69.659
2026-07-14T18:45:59.812595+00:00,1423707850,-69.628
2026-07-14T18:45:59.812595+00:00,1423709315,-69.689
2026-07-14T18:45:59.812595+00:00,1423710780,-69.673
2026-07-14T18:45:59.812595+00:00,1423712245,-69.663
2026-07-14T18:45:59.812595+00:00,1423713710,-69.71
2026-07-14T18:45:59.812595+00:00,1423715175,-69.628
2026-07-14T18:45:59.812595+00:00,1423716639,-69.624
2026-07-14T18:45:59.812595+00:00,1423718104,-69.702
2026-07-14T18:45:59.812595+00:00,1423719569,-69.745
2026-07-14T18:45:59.812595+00:00,1423721034,-69.674
2026-07-14T18:45:59.812595+00:00,1423722499,-69.665
2026-07-14T18:45:59.812595+00:00,1423723964,-69.766
2026-07-14T18:45:59.812595+00:00,1423725428,-69.86
2026-07-14T18:45:59.812595+00:00,1423726893,-69.805
2026-07-14T18:45:59.812595+00:00,1423728358,-69.734
2026-07-14T18:45:59.812595+00:00,1423729823,-69.683
2026-07-14T18:45:59.812595+00:00,1423731288,-69.76
2026-07-14T18:45:59.812595+00:00,1423732753,-69.788
2026-07-14T18:45:59.812595+00:00,1423734217,-69.816
2026-07-14T18:45:59.812595+00:00,1423735682,-69.901
2026-07-14T18:45:59.812595+00:00,1423737147,-69.785
2026-07-14T18:45:59.812595+00:00,1423738612,-69.691
2026-07-14T18:45:59.812595+00:00,1423740077,-69.76
2026-07-14T18:45:59.812595+00:00,1423741542,-69.799
2026-07-14T18:45:59.812595+00:00,1423743007,-69.804
2026-07-14T18:45:59.812595+00:00,1423744471,-69.79
2026-07-14T18:45:59.812595+00:00,1423745936,-69.814
2026-07-14T18:45:59.812595+00:00,1423747401,-69.792
2026-07-14T18:45:59.812595+00:00,1423748866,-69.802
2026-07-14T18:45:59.812595+00:00,1423750331,-69.835
2026-07-14T18:45:59.812595+00:00,1423751796,-69.843
2026-07-14T18:45:59.812595+00:00,1423753260,-69.812
2026-07-14T18:45:59.812595+00:00,1423754725,-69.851
2026-07-14T18:45:59.812595+00:00,1423756190,-69.817
2026-07-14T18:45:59.812595+00:00,1423757655,-69.837
2026-07-14T18:45:59.812595+00:00,1423759120,-69.83
2026-07-14T18:45:59.812595+00:00,1423760585,-69.846
2026-07-14T18:45:59.812595+00:00,1423762050,-69.864
2026-07-14T18:45:59.812595+00:00,1423763514,-69.846
2026-07-14T18:45:59.812595+00:00,1423764979,-69.99
2026-07-14T18:45:59.812595+00:00,1423766444,-69.982
2026-07-14T18:45:59.812595+00:00,1423767909,-69.968
2026-07-14T18:45:59.812595+00:00,1423769374,-69.935
2026-07-14T18:45:59.812595+00:00,1423770839,-69.945
2026-07-14T18:45:59.812595+00:00,1423772303,-69.929
2026-07-14T18:45:59.812595+00:00,1423773768,-69.923
2026-07-14T18:45:59.812595+00:00,1423775233,-69.895
2026-07-14T18:45:59.812595+00:00,1423776698,-69.94
2026-07-14T18:45:59.812595+00:00,1423778163,-69.969
2026-07-14T18:45:59.812595+00:00,1423779628,-69.924
2026-07-14T18:45:59.812595+00:00,1423781092,-69.965
2026-07-14T18:45:59.812595+00:00,1423782557,-69.992
2026-07-14T18:45:59.812595+00:00,1423784022,-70.008
2026-07-14T18:45:59.812595+00:00,1423785487,-69.976
2026-07-14T18:45:59.812595+00:00,1423786952,-70.004
2026-07-14T18:45:59.812595+00:00,1423788417,-69.973
2026-07-14T18:45:59.812595+00:00,1423789882,-70.006
2026-07-14T18:45:59.812595+00:00,1423791346,-70.062
2026-07-14T18:45:59.812595+00:00,1423792811,-70.056
2026-07-14T18:45:59.812595+00:00,1423794276,-70.023
2026-07-14T18:45:59.812595+00:00,1423795741,-69.995
2026-07-14T18:45:59.812595+00:00,1423797206,-69.97
2026-07-14T18:45:59.812595+00:00,1423798671,-69.943
2026-07-14T18:45:59.812595+00:00,1423800135,-69.994
2026-07-14T18:45:59.812595+00:00,1423801600,-70.09
2026-07-14T18:45:59.812595+00:00,1423803065,-69.998
2026-07-14T18:45:59.812595+00:00,1423804530,-70.007
2026-07-14T18:45:59.812595+00:00,1423805995,-70.031
2026-07-14T18:45:59.812595+00:00,1423807460,-70.028
2026-07-14T18:45:59.812595+00:00,1423808925,-70.078
2026-07-14T18:45:59.812595+00:00,1423810389,-70.136
2026-07-14T18:45:59.812595+00:00,1423811854,-70.142
2026-07-14T18:45:59.812595+00:00,1423813319,-70.126
2026-07-14T18:45:59.812595+00:00,1423814784,-70.096
2026-07-14T18:45:59.812595+00:00,1423816249,-70.125
2026-07-14T18:45:59.812595+00:00,1423817714,-70.142
2026-07-14T18:45:59.812595+00:00,1423819178,-70.087
2026-07-14T18:45:59.812595+00:00,1423820643,-70.074
2026-07-14T18:45:59.812595+00:00,1423822108,-70.023
2026-07-14T18:45:59.812595+00:00,1423823573,-70.043
2026-07-14T18:45:59.812595+00:00,1423825038,-70.14
2026-07-14T18:45:59.812595+00:00,1423826503,-70.115
2026-07-14T18:45:59.812595+00:00,1423827967,-70.151
2026-07-14T18:45:59.812595+00:00,1423829432,-70.124
2026-07-14T18:45:59.812595+00:00,1423830897,-70.141
2026-07-14T18:45:59.812595+00:00,1423832362,-70.077
2026-07-14T18:45:59.812595+00:00,1423833827,-70.127
2026-07-14T18:45:59.812595+00:00,1423835292,-70.204
2026-07-14T18:45:59.812595+00:00,1423836757,-70.144
2026-07-14T18:45:59.812595+00:00,1423838221,-70.125
2026-07-14T18:45:59.812595+00:00,1423839686,-70.177
2026-07-14T18:45:59.812595+00:00,1423841151,-70.154
2026-07-14T18:45:59.812595+00:00,1423842616,-70.127
2026-07-14T18:45:59.812595+00:00,1423844081,-70.144
2026-07-14T18:45:59.812595+00:00,1423845546,-70.151
2026-07-14T18:45:59.812595+00:00,1423847010,-70.133
2026-07-14T18:45:59.812595+00:00,1423848475,-70.144
2026-07-14T18:45:59.812595+00:00,1423849940,-70.114
2026-07-14T18:45:59.812595+00:00,1423851405,-70.115
2026-07-14T18:45:59.812595+00:00,1423852870,-70.158
2026-07-14T18:45:59.812595+00:00,1423854335,-70.196
2026-07-14T18:45:59.812595+00:00,1423855800,-70.106
2026-07-14T18:45:59.812595+00:00,1423857264,-70.067
2026-07-14T18:45:59.812595+00:00,1423858729,-70.145
2026-07-14T18:45:59.812595+00:00,1423860194,-70.101
2026-07-14T18:45:59.812595+00:00,1423861659,-70.155
2026-07-14T18:45:59.812595+00:00,1423863124,-70.128
2026-07-14T18:45:59.812595+00:00,1423864589,-70.136
2026-07-14T18:45:59.812595+00:00,1423866053,-70.181
2026-07-14T18:45:59.812595+00:00,1423867518,-70.146
2026-07-14T18:45:59.812595+00:00,1423868983,-70.142
2026-07-14T18:45:59.812595+00:00,1423870448,-70.186
2026-07-14T18:45:59.812595+00:00,1423871913,-70.178
2026-07-14T18:45:59.812595+00:00,1423873378,-70.132
2026-07-14T18:45:59.812595+00:00,1423874842,-70.132
2026-07-14T18:45:59.812595+00:00,1423876307,-70.164
2026-07-14T18:45:59.812595+00:00,1423877772,-70.215
2026-07-14T18:45:59.812595+00:00,1423879237,-70.174
2026-07-14T18:45:59.812595+00:00,1423880702,-70.122
2026-07-14T18:45:59.812595+00:00,1423882167,-70.107
2026-07-14T18:45:59.812595+00:00,1423883632,-70.157
2026-07-14T18:45:59.812595+00:00,1423885096,-70.142
2026-07-14T18:45:59.812595+00:00,1423886561,-70.141
2026-07-14T18:45:59.812595+00:00,1423888026,-70.138
2026-07-14T18:45:59.812595+00:00,1423889491,-70.136
2026-07-14T18:45:59.812595+00:00,1423890956,-70.169
2026-07-14T18:45:59.812595+00:00,1423892421,-70.236
2026-07-14T18:45:59.812595+00:00,1423893885,-70.159
2026-07-14T18:45:59.812595+00:00,1423895350,-70.145
2026-07-14T18:45:59.812595+00:00,1423896815,-70.176
2026-07-14T18:45:59.812595+00:00,1423898280,-70.153
2026-07-14T18:45:59.812595+00:00,1423899745,-70.106
2026-07-14T18:45:59.812595+00:00,1423901210,-70.084
2026-07-14T18:45:59.812595+00:00,1423902675,-70.14
2026-07-14T18:45:59.812595+00:00,1423904139,-70.135
2026-07-14T18:45:59.812595+00:00,1423905604,-70.062
2026-07-14T18:45:59.812595+00:00,1423907069,-70.04
2026-07-14T18:45:59.812595+00:00,1423908534,-70.072
2026-07-14T18:45:59.812595+00:00,1423909999,-70.082
2026-07-14T18:45:59.812595+00:00,1423911464,-70.067
2026-07-14T18:45:59.812595+00:00,1423912928,-70.084
2026-07-14T18:45:59.812595+00:00,1423914393,-70.08
2026-07-14T18:45:59.812595+00:00,1423915858,-70.052
2026-07-14T18:45:59.812595+00:00,1423917323,-70.118
2026-07-14T18:45:59.812595+00:00,1423918788,-70.103
2026-07-14T18:45:59.812595+00:00,1423920253,-70.11
2026-07-14T18:45:59.812595+00:00,1423921717,-70.114
2026-07-14T18:45:59.812595+00:00,1423923182,-70.125
2026-07-14T18:45:59.812595+00:00,1423924647,-70.119
2026-07-14T18:45:59.812595+00:00,1423926112,-70.083
2026-07-14T18:45:59.812595+00:00,1423927577,-70.09
2026-07-14T18:45:59.812595+00:00,1423929042,-70.106
2026-07-14T18:45:59.812595+00:00,1423930507,-70.101
2026-07-14T18:45:59.812595+00:00,1423931971,-70.098
2026-07-14T18:45:59.812595+00:00,1423933436,-70.086
2026-07-14T18:45:59.812595+00:00,1423934901,-70.089
2026-07-14T18:45:59.812595+00:00,1423936366,-70.067
2026-07-14T18:45:59.812595+00:00,1423937831,-70.08
2026-07-14T18:45:59.812595+00:00,1423939296,-70.038
2026-07-14T18:45:59.812595+00:00,1423940760,-70.072
2026-07-14T18:45:59.812595+00:00,1423942225,-69.979
2026-07-14T18:45:59.812595+00:00,1423943690,-69.94
2026-07-14T18:45:59.812595+00:00,1423945155,-69.975
2026-07-14T18:45:59.812595+00:00,1423946620,-69.948
2026-07-14T18:45:59.812595+00:00,1423948085,-69.973
2026-07-14T18:45:59.812595+00:00,1423949550,-69.993
2026-07-14T18:45:59.812595+00:00,1423951014,-69.984
2026-07-14T18:45:59.812595+00:00,1423952479,-69.981
2026-07-14T18:45:59.812595+00:00,1423953944,-69.935
2026-07-14T18:45:59.812595+00:00,1423955409,-69.884
2026-07-14T18:45:59.812595+00:00,1423956874,-69.897
2026-07-14T18:45:59.812595+00:00,1423958339,-69.923
2026-07-14T18:45:59.812595+00:00,1423959803,-69.91
2026-07-14T18:45:59.812595+00:00,1423961268,-69.905
2026-07-14T18:45:59.812595+00:00,1423962733,-69.988
2026-07-14T18:45:59.812595+00:00,1423964198,-69.937
2026-07-14T18:45:59.812595+00:00,1423965663,-69.891
2026-07-14T18:45:59.812595+00:00,1423967128,-69.933
2026-07-14T18:45:59.812595+00:00,1423968592,-69.945
2026-07-14T18:45:59.812595+00:00,1423970057,-69.971
2026-07-14T18:45:59.812595+00:00,1423971522,-69.886
2026-07-14T18:45:59.812595+00:00,1423972987,-69.89
2026-07-14T18:45:59.812595+00:00,1423974452,-69.908
2026-07-14T18:45:59.812595+00:00,1423975917,-69.837
2026-07-14T18:45:59.812595+00:00,1423977382,-69.808
2026-07-14T18:45:59.812595+00:00,1423978846,-69.819
2026-07-14T18:45:59.812595+00:00,1423980311,-69.848
2026-07-14T18:45:59.812595+00:00,1423981776,-69.774
2026-07-14T18:45:59.812595+00:00,1423983241,-69.779
2026-07-14T18:45:59.812595+00:00,1423984706,-69.792
2026-07-14T18:45:59.812595+00:00,1423986171,-69.798
2026-07-14T18:45:59.812595+00:00,1423987635,-69.789
2026-07-14T18:45:59.812595+00:00,1423989100,-69.822
2026-07-14T18:45:59.812595+00:00,1423990565,-69.783
2026-07-14T18:45:59.812595+00:00,1423992030,-69.818
2026-07-14T18:45:59.812595+00:00,1423993495,-69.762
2026-07-14T18:45:59.812595+00:00,1423994960,-69.794
2026-07-14T18:45:59.812595+00:00,1423996425,-69.773
2026-07-14T18:45:59.812595+00:00,1423997889,-69.736
2026-07-14T18:45:59.812595+00:00,1423999354,-69.734
2026-07-14T18:45:59.812595+00:00,1424000819,-69.748
2026-07-14T18:45:59.812595+00:00,1424002284,-69.758
2026-07-14T18:45:59.812595+00:00,1424003749,-69.777
2026-07-14T18:45:59.812595+00:00,1424005214,-69.768
2026-07-14T18:45:59.812595+00:00,1424006678,-69.805
2026-07-14T18:45:59.812595+00:00,1424008143,-69.728
2026-07-14T18:45:59.812595+00:00,1424009608,-69.695
2026-07-14T18:45:59.812595+00:00,1424011073,-69.716
2026-07-14T18:45:59.812595+00:00,1424012538,-69.695
2026-07-14T18:45:59.812595+00:00,1424014003,-69.764
2026-07-14T18:45:59.812595+00:00,1424015467,-69.753
2026-07-14T18:45:59.812595+00:00,1424016932,-69.699
2026-07-14T18:45:59.812595+00:00,1424018397,-69.772
2026-07-14T18:45:59.812595+00:00,1424019862,-69.72
2026-07-14T18:45:59.812595+00:00,1424021327,-69.668
2026-07-14T18:45:59.812595+00:00,1424022792,-69.679
2026-07-14T18:45:59.812595+00:00,1424024257,-69.684
2026-07-14T18:45:59.812595+00:00,1424025721,-69.626
2026-07-14T18:45:59.812595+00:00,1424027186,-69.628
2026-07-14T18:45:59.812595+00:00,1424028651,-69.654
2026-07-14T18:45:59.812595+00:00,1424030116,-69.694
2026-07-14T18:45:59.812595+00:00,1424031581,-69.675
2026-07-14T18:45:59.812595+00:00,1424033046,-69.738
2026-07-14T18:45:59.812595+00:00,1424034510,-69.692
2026-07-14T18:45:59.812595+00:00,1424035975,-69.725
2026-07-14T18:45:59.812595+00:00,1424037440,-69.683
2026-07-14T18:45:59.812595+00:00,1424038905,-69.695
2026-07-14T18:45:59.812595+00:00,1424040370,-69.701
2026-07-14T18:45:59.812595+00:00,1424041835,-69.649
2026-07-14T18:45:59.812595+00:00,1424043300,-69.629
2026-07-14T18:45:59.812595+00:00,1424044764,-69.634
2026-07-14T18:45:59.812595+00:00,1424046229,-69.637
2026-07-14T18:45:59.812595+00:00,1424047694,-69.654
2026-07-14T18:45:59.812595+00:00,1424049159,-69.645
2026-07-14T18:45:59.812595+00:00,1424050624,-69.624
2026-07-14T18:45:59.812595+00:00,1424052089,-69.648
2026-07-14T18:45:59.812595+00:00,1424053553,-69.635
2026-07-14T18:45:59.812595+00:00,1424055018,-69.678
2026-07-14T18:45:59.812595+00:00,1424056483,-69.668
2026-07-14T18:45:59.812595+00:00,1424057948,-69.685
2026-07-14T18:45:59.812595+00:00,1424059413,-69.592
2026-07-14T18:45:59.812595+00:00,1424060878,-69.608
2026-07-14T18:45:59.812595+00:00,1424062342,-69.651
2026-07-14T18:45:59.812595+00:00,1424063807,-69.726
2026-07-14T18:45:59.812595+00:00,1424065272,-69.658
2026-07-14T18:45:59.812595+00:00,1424066737,-69.653
2026-07-14T18:45:59.812595+00:00,1424068202,-69.747
2026-07-14T18:45:59.812595+00:00,1424069667,-69.649
2026-07-14T18:45:59.812595+00:00,1424071132,-69.681
2026-07-14T18:45:59.812595+00:00,1424072596,-69.661
2026-07-14T18:45:59.812595+00:00,1424074061,-69.67
2026-07-14T18:45:59.812595+00:00,1424075526,-69.697
2026-07-14T18:45:59.812595+00:00,1424076991,-69.665
2026-07-14T18:45:59.812595+00:00,1424078456,-69.652
2026-07-14T18:45:59.812595+00:00,1424079921,-69.673
2026-07-14T18:45:59.812595+00:00,1424081385,-69.64
2026-07-14T18:45:59.812595+00:00,1424082850,-69.728
2026-07-14T18:45:59.812595+00:00,1424084315,-69.744
2026-07-14T18:45:59.812595+00:00,1424085780,-69.701
2026-07-14T18:45:59.812595+00:00,1424087245,-69.635
2026-07-14T18:45:59.812595+00:00,1424088710,-69.723
2026-07-14T18:45:59.812595+00:00,1424090175,-69.731
2026-07-14T18:45:59.812595+00:00,1424091639,-69.68
2026-07-14T18:45:59.812595+00:00,1424093104,-69.671
2026-07-14T18:45:59.812595+00:00,1424094569,-69.706
2026-07-14T18:45:59.812595+00:00,1424096034,-69.757
2026-07-14T18:45:59.812595+00:00,1424097499,-69.803
2026-07-14T18:45:59.812595+00:00,1424098964,-69.798
2026-07-14T18:45:59.812595+00:00,1424100428,-69.76
2026-07-14T18:45:59.812595+00:00,1424101893,-69.779
2026-07-14T18:45:59.812595+00:00,1424103358,-69.748
2026-07-14T18:45:59.812595+00:00,1424104823,-69.791
2026-07-14T18:45:59.812595+00:00,1424106288,-69.835
2026-07-14T18:45:59.812595+00:00,1424107753,-69.859
2026-07-14T18:45:59.812595+00:00,1424109217,-69.911
2026-07-14T18:45:59.812595+00:00,1424110682,-69.887
2026-07-14T18:45:59.812595+00:00,1424112147,-69.879
2026-07-14T18:45:59.812595+00:00,1424113612,-69.891
2026-07-14T18:45:59.812595+00:00,1424115077,-69.937
2026-07-14T18:45:59.812595+00:00,1424116542,-69.883
2026-07-14T18:45:59.812595+00:00,1424118007,-69.957
2026-07-14T18:45:59.812595+00:00,1424119471,-69.908
2026-07-14T18:45:59.812595+00:00,1424120936,-69.944
2026-07-14T18:45:59.812595+00:00,1424122401,-69.946
2026-07-14T18:45:59.812595+00:00,1424123866,-69.939
2026-07-14T18:45:59.812595+00:00,1424125331,-69.964
2026-07-14T18:45:59.812595+00:00,1424126796,-70.02
2026-07-14T18:45:59.812595+00:00,1424128260,-70.031
2026-07-14T18:45:59.812595+00:00,1424129725,-70.009
2026-07-14T18:45:59.812595+00:00,1424131190,-70.107
2026-07-14T18:45:59.812595+00:00,1424132655,-70.101
2026-07-14T18:45:59.812595+00:00,1424134120,-70.048
2026-07-14T18:45:59.812595+00:00,1424135585,-70.027
2026-07-14T18:45:59.812595+00:00,1424137050,-70.076
2026-07-14T18:45:59.812595+00:00,1424138514,-70.13
2026-07-14T18:45:59.812595+00:00,1424139979,-70.122
2026-07-14T18:45:59.812595+00:00,1424141444,-70.107
2026-07-14T18:45:59.812595+00:00,1424142909,-70.214
2026-07-14T18:45:59.812595+00:00,1424144374,-70.277
2026-07-14T18:45:59.812595+00:00,1424145839,-70.221
2026-07-14T18:45:59.812595+00:00,1424147303,-70.179
2026-07-14T18:45:59.812595+00:00,1424148768,-70.265
2026-07-14T18:45:59.812595+00:00,1424150233,-70.274
2026-07-14T18:45:59.812595+00:00,1424151698,-70.251
2026-07-14T18:45:59.812595+00:00,1424153163,-70.291
2026-07-14T18:45:59.812595+00:00,1424154628,-70.299
2026-07-14T18:45:59.812595+00:00,1424156092,-70.311
2026-07-14T18:45:59.812595+00:00,1424157557,-70.357
2026-07-14T18:45:59.812595+00:00,1424159022,-70.42
2026-07-14T18:45:59.812595+00:00,1424160487,-70.438
2026-07-14T18:45:59.812595+00:00,1424161952,-70.452
2026-07-14T18:45:59.812595+00:00,1424163417,-70.488
2026-07-14T18:45:59.812595+00:00,1424164882,-70.561
2026-07-14T18:45:59.812595+00:00,1424166346,-70.567
2026-07-14T18:45:59.812595+00:00,1424167811,-70.593
2026-07-14T18:45:59.812595+00:00,1424169276,-70.612
2026-07-14T18:45:59.812595+00:00,1424170741,-70.612
2026-07-14T18:45:59.812595+00:00,1424172206,-70.615
2026-07-14T18:45:59.812595+00:00,1424173671,-70.712
2026-07-14T18:45:59.812595+00:00,1424175135,-70.695
2026-07-14T18:45:59.812595+00:00,1424176600,-70.765
2026-07-14T18:45:59.812595+00:00,1424178065,-70.761
2026-07-14T18:45:59.812595+00:00,1424179530,-70.776
2026-07-14T18:45:59.812595+00:00,1424180995,-70.815
2026-07-14T18:45:59.812595+00:00,1424182460,-70.797
2026-07-14T18:45:59.812595+00:00,1424183925,-70.878
2026-07-14T18:45:59.812595+00:00,1424185389,-70.96
2026-07-14T18:45:59.812595+00:00,1424186854,-70.954
2026-07-14T18:45:59.812595+00:00,1424188319,-70.987
2026-07-14T18:45:59.812595+00:00,1424189784,-71.066
2026-07-14T18:45:59.812595+00:00,1424191249,-71.062
2026-07-14T18:45:59.812595+00:00,1424192714,-71.102
2026-07-14T18:45:59.812595+00:00,1424194178,-71.221
2026-07-14T18:45:59.812595+00:00,1424195643,-71.197
2026-07-14T18:45:59.812595+00:00,1424197108,-71.215
2026-07-14T18:45:59.812595+00:00,1424198573,-71.275
2026-07-14T18:45:59.812595+00:00,1424200038,-71.346
2026-07-14T18:45:59.812595+00:00,1424201503,-71.424
2026-07-14T18:45:59.812595+00:00,1424202967,-71.424
2026-07-14T18:45:59.812595+00:00,1424204432,-71.428
2026-07-14T18:45:59.812595+00:00,1424205897,-71.48
2026-07-14T18:45:59.812595+00:00,1424207362,-71.491
2026-07-14T18:45:59.812595+00:00,1424208827,-71.593
2026-07-14T18:45:59.812595+00:00,1424210292,-71.623
2026-07-14T18:45:59.812595+00:00,1424211757,-71.675
2026-07-14T18:45:59.812595+00:00,1424213221,-71.731
2026-07-14T18:45:59.812595+00:00,1424214686,-71.763
2026-07-14T18:45:59.812595+00:00,1424216151,-71.794
2026-07-14T18:45:59.812595+00:00,1424217616,-71.878
2026-07-14T18:45:59.812595+00:00,1424219081,-71.891
2026-07-14T18:45:59.812595+00:00,1424220546,-71.972
2026-07-14T18:45:59.812595+00:00,1424222010,-72.043
2026-07-14T18:45:59.812595+00:00,1424223475,-72.041
2026-07-14T18:45:59.812595+00:00,1424224940,-72.145
2026-07-14T18:45:59.812595+00:00,1424226405,-72.201
2026-07-14T18:45:59.812595+00:00,1424227870,-72.241
2026-07-14T18:45:59.812595+00:00,1424229335,-72.273
2026-07-14T18:45:59.812595+00:00,1424230800,-72.301
2026-07-14T18:45:59.812595+00:00,1424232264,-72.377
2026-07-14T18:45:59.812595+00:00,1424233729,-72.377
2026-07-14T18:45:59.812595+00:00,1424235194,-72.458
2026-07-14T18:45:59.812595+00:00,1424236659,-72.583
2026-07-14T18:45:59.812595+00:00,1424238124,-72.645
2026-07-14T18:45:59.812595+00:00,1424239589,-72.69
2026-07-14T18:45:59.812595+00:00,1424241053,-72.715
2026-07-14T18:45:59.812595+00:00,1424242518,-72.795
2026-07-14T18:45:59.812595+00:00,1424243983,-72.891
2026-07-14T18:45:59.812595+00:00,1424245448,-72.963
2026-07-14T18:45:59.812595+00:00,1424246913,-73.0
2026-07-14T18:45:59.812595+00:00,1424248378,-73.097
2026-07-14T18:45:59.812595+00:00,1424249842,-73.143
2026-07-14T18:45:59.812595+00:00,1424251307,-73.207
2026-07-14T18:45:59.812595+00:00,1424252772,-73.196
2026-07-14T18:45:59.812595+00:00,1424254237,-73.295
2026-07-14T18:45:59.812595+00:00,1424255702,-73.453
2026-07-14T18:45:59.812595+00:00,1424257167,-73.436
2026-07-14T18:45:59.812595+00:00,1424258632,-73.528
2026-07-14T18:45:59.812595+00:00,1424260096,-73.588
2026-07-14T18:45:59.812595+00:00,1424261561,-73.685
2026-07-14T18:45:59.812595+00:00,1424263026,-73.77
2026-07-14T18:45:59.812595+00:00,1424264491,-73.834
2026-07-14T18:45:59.812595+00:00,1424265956,-73.89
2026-07-14T18:45:59.812595+00:00,1424267421,-73.926
2026-07-14T18:45:59.812595+00:00,1424268885,-74.028
2026-07-14T18:45:59.812595+00:00,1424270350,-74.092
2026-07-14T18:45:59.812595+00:00,1424271815,-74.233
2026-07-14T18:45:59.812595+00:00,1424273280,-74.304
2026-07-14T18:45:59.812595+00:00,1424274745,-74.392
2026-07-14T18:45:59.812595+00:00,1424276210,-74.454
2026-07-14T18:45:59.812595+00:00,1424277675,-74.557
2026-07-14T18:45:59.812595+00:00,1424279139,-74.593
2026-07-14T18:45:59.812595+00:00,1424280604,-74.709
2026-07-14T18:45:59.812595+00:00,1424282069,-74.885
2026-07-14T18:45:59.812595+00:00,1424283534,-75.019
2026-07-14T18:45:59.812595+00:00,1424284999,-75.007
2026-07-14T18:45:59.812595+00:00,1424286464,-75.069
2026-07-14T18:45:59.812595+00:00,1424287928,-75.179
2026-07-14T18:45:59.812595+00:00,1424289393,-75.253
2026-07-14T18:45:59.812595+00:00,1424290858,-75.366
2026-07-14T18:45:59.812595+00:00,1424292323,-75.47
2026-07-14T18:45:59.812595+00:00,1424293788,-75.513
2026-07-14T18:45:59.812595+00:00,1424295253,-75.597
2026-07-14T18:45:59.812595+00:00,1424296717,-75.74
2026-07-14T18:45:59.812595+00:00,1424298182,-75.882
2026-07-14T18:45:59.812595+00:00,1424299647,-76.03
2026-07-14T18:45:59.812595+00:00,1424301112,-76.122
2026-07-14T18:45:59.812595+00:00,1424302577,-76.153
2026-07-14T18:45:59.812595+00:00,1424304042,-76.231
2026-07-14T18:45:59.812595+00:00,1424305507,-76.316
2026-07-14T18:45:59.812595+00:00,1424306971,-76.42
2026-07-14T18:45:59.812595+00:00,1424308436,-76.572
2026-07-14T18:45:59.812595+00:00,1424309901,-76.692
2026-07-14T18:45:59.812595+00:00,1424311366,-76.795
2026-07-14T18:45:59.812595+00:00,1424312831,-76.96
2026-07-14T18:45:59.812595+00:00,1424314296,-77.091
2026-07-14T18:45:59.812595+00:00,1424315760,-77.096
2026-07-14T18:45:59.812595+00:00,1424317225,-77.204
2026-07-14T18:45:59.812595+00:00,1424318690,-77.377
2026-07-14T18:45:59.812595+00:00,1424320155,-77.503
2026-07-14T18:45:59.812595+00:00,1424321620,-77.646
2026-07-14T18:45:59.812595+00:00,1424323085,-77.758
2026-07-14T18:45:59.812595+00:00,1424324550,-77.853
2026-07-14T18:45:59.812595+00:00,1424326014,-77.951
2026-07-14T18:45:59.812595+00:00,1424327479,-78.123
2026-07-14T18:45:59.812595+00:00,1424328944,-78.278
2026-07-14T18:45:59.812595+00:00,1424330409,-78.373
2026-07-14T18:45:59.812595+00:00,1424331874,-78.489
2026-07-14T18:45:59.812595+00:00,1424333339,-78.631
2026-07-14T18:45:59.812595+00:00,1424334803,-78.774
2026-07-14T18:45:59.812595+00:00,1424336268,-78.869
2026-07-14T18:45:59.812595+00:00,1424337733,-78.995
2026-07-14T18:45:59.812595+00:00,1424339198,-79.139
2026-07-14T18:45:59.812595+00:00,1424340663,-79.273
2026-07-14T18:45:59.812595+00:00,1424342128,-79.435
2026-07-14T18:45:59.812595+00:00,1424343592,-79.621
2026-07-14T18:45:59.812595+00:00,1424345057,-79.786
2026-07-14T18:45:59.812595+00:00,1424346522,-79.903
2026-07-14T18:45:59.812595+00:00,1424347987,-79.986
2026-07-14T18:45:59.812595+00:00,1424349452,-80.102
2026-07-14T18:45:59.812595+00:00,1424350917,-80.31
2026-07-14T18:45:59.812595+00:00,1424352382,-80.503
2026-07-14T18:45:59.812595+00:00,1424353846,-80.634
2026-07-14T18:45:59.812595+00:00,1424355311,-80.765
2026-07-14T18:45:59.812595+00:00,1424356776,-80.924
2026-07-14T18:45:59.812595+00:00,1424358241,-81.035
2026-07-14T18:45:59.812595+00:00,1424359706,-81.187
2026-07-14T18:45:59.812595+00:00,1424361171,-81.389
2026-07-14T18:45:59.812595+00:00,1424362635,-81.572
2026-07-14T18:45:59.812595+00:00,1424364100,-81.762
2026-07-14T18:45:59.812595+00:00,1424365565,-81.851
2026-07-14T18:45:59.812595+00:00,1424367030,-82.011
2026-07-14T18:45:59.812595+00:00,1424368495,-82.215
2026-07-14T18:45:59.812595+00:00,1424369960,-82.366
2026-07-14T18:45:59.812595+00:00,1424371425,-82.542
2026-07-14T18:45:59.812595+00:00,1424372889,-82.715
2026-07-14T18:45:59.812595+00:00,1424374354,-82.915
2026-07-14T18:45:59.812595+00:00,1424375819,-83.05
2026-07-14T18:45:59.812595+00:00,1424377284,-83.276
2026-07-14T18:45:59.812595+00:00,1424378749,-83.492
2026-07-14T18:45:59.812595+00:00,1424380214,-83.694
2026-07-14T18:45:59.812595+00:00,1424381678,-83.833
2026-07-14T18:45:59.812595+00:00,1424383143,-83.954
2026-07-14T18:45:59.812595+00:00,1424384608,-84.149
2026-07-14T18:45:59.812595+00:00,1424386073,-84.475
2026-07-14T18:45:59.812595+00:00,1424387538,-84.594
2026-07-14T18:45:59.812595+00:00,1424389003,-84.736
2026-07-14T18:45:59.812595+00:00,1424390467,-84.908
2026-07-14T18:45:59.812595+00:00,1424391932,-85.071
2026-07-14T18:45:59.812595+00:00,1424393397,-85.283
2026-07-14T18:45:59.812595+00:00,1424394862,-85.507
2026-07-14T18:45:59.812595+00:00,1424396327,-85.692
2026-07-14T18:45:59.812595+00:00,1424397792,-85.886
2026-07-14T18:45:59.812595+00:00,1424399257,-86.023
2026-07-14T18:45:59.812595+00:00,1424400721,-86.213
2026-07-14T18:45:59.812595+00:00,1424402186,-86.397
2026-07-14T18:45:59.812595+00:00,1424403651,-86.583
2026-07-14T18:45:59.812595+00:00,1424405116,-86.781
2026-07-14T18:45:59.812595+00:00,1424406581,-86.947
2026-07-14T18:45:59.812595+00:00,1424408046,-87.177
2026-07-14T18:45:59.812595+00:00,1424409510,-87.37
2026-07-14T18:45:59.812595+00:00,1424410975,-87.574
2026-07-14T18:45:59.812595+00:00,1424412440,-87.716
2026-07-14T18:45:59.812595+00:00,1424413905,-87.898
2026-07-14T18:45:59.812595+00:00,1424415370,-88.073
2026-07-14T18:45:59.812595+00:00,1424416835,-88.405
2026-07-14T18:45:59.812595+00:00,1424418300,-88.472
2026-07-14T18:45:59.812595+00:00,1424419764,-88.586
2026-07-14T18:45:59.812595+00:00,1424421229,-88.797
2026-07-14T18:45:59.812595+00:00,1424422694,-88.899
2026-07-14T18:45:59.812595+00:00,1424424159,-89.008
2026-07-14T18:45:59.812595+00:00,1424425624,-89.205
2026-07-14T18:45:59.812595+00:00,1424427089,-89.337
2026-07-14T18:45:59.812595+00:00,1424428553,-89.468
2026-07-14T18:45:59.812595+00:00,1424430018,-89.589
2026-07-14T18:45:59.812595+00:00,1424431483,-89.771
2026-07-14T18:45:59.812595+00:00,1424432948,-89.849
2026-07-14T18:45:59.812595+00:00,1424434413,-89.864
2026-07-14T18:45:59.812595+00:00,1424435878,-89.927
2026-07-14T18:45:59.812595+00:00,1424437342,-90.031
2026-07-14T18:45:59.812595+00:00,1424438807,-90.145
2026-07-14T18:45:59.812595+00:00,1424440272,-90.226
2026-07-14T18:45:59.812595+00:00,1424441737,-90.273
2026-07-14T18:45:59.812595+00:00,1424443202,-90.35
2026-07-14T18:45:59.812595+00:00,1424444667,-90.41
2026-07-14T18:45:59.812595+00:00,1424446132,-90.384
2026-07-14T18:45:59.812595+00:00,1424447596,-90.438
2026-07-14T18:45:59.812595+00:00,1424449061,-90.49
2026-07-14T18:45:59.812595+00:00,1424450526,-90.496
2026-07-14T18:45:59.812595+00:00,1424451991,-90.5
2026-07-14T18:45:59.812595+00:00,1424453456,-90.479
2026-07-14T18:45:59.812595+00:00,1424454921,-90.472
2026-07-14T18:45:59.812595+00:00,1424456385,-90.402
2026-07-14T18:45:59.812595+00:00,1424457850,-90.402
2026-07-14T18:45:59.812595+00:00,1424459315,-90.376
2026-07-14T18:45:59.812595+00:00,1424460780,-90.376
2026-07-14T18:45:59.812595+00:00,1424462245,-90.359
2026-07-14T18:45:59.812595+00:00,1424463710,-90.336
2026-07-14T18:45:59.812595+00:00,1424465175,-90.298
2026-07-14T18:45:59.812595+00:00,1424466639,-90.171
2026-07-14T18:45:59.812595+00:00,1424468104,-90.138
2026-07-14T18:45:59.812595+00:00,1424469569,-90.114
2026-07-14T18:45:59.812595+00:00,1424471034,-90.011
2026-07-14T18:45:59.812595+00:00,1424472499,-89.926
2026-07-14T18:45:59.812595+00:00,1424473964,-89.894
2026-07-14T18:45:59.812595+00:00,1424475428,-89.873
2026-07-14T18:45:59.812595+00:00,1424476893,-89.787
2026-07-14T18:45:59.812595+00:00,1424478358,-89.687
2026-07-14T18:45:59.812595+00:00,1424479823,-89.675
2026-07-14T18:45:59.812595+00:00,1424481288,-89.631
2026-07-14T18:45:59.812595+00:00,1424482753,-89.576
2026-07-14T18:45:59.812595+00:00,1424484217,-89.414
2026-07-14T18:45:59.812595+00:00,1424485682,-89.38
2026-07-14T18:45:59.812595+00:00,1424487147,-89.309
2026-07-14T18:45:59.812595+00:00,1424488612,-89.299
2026-07-14T18:45:59.812595+00:00,1424490077,-89.133
2026-07-14T18:45:59.812595+00:00,1424491542,-89.124
2026-07-14T18:45:59.812595+00:00,1424493007,-89.049
2026-07-14T18:45:59.812595+00:00,1424494471,-89.0
2026-07-14T18:45:59.812595+00:00,1424495936,-88.939
2026-07-14T18:45:59.812595+00:00,1424497401,-88.951
2026-07-14T18:45:59.812595+00:00,1424498866,-88.806
2026-07-14T18:45:59.812595+00:00,1424500331,-88.772
2026-07-14T18:45:59.812595+00:00,1424501796,-88.631
2026-07-14T18:45:59.812595+00:00,1424503260,-88.56
2026-07-14T18:45:59.812595+00:00,1424504725,-88.538
2026-07-14T18:45:59.812595+00:00,1424506190,-88.548
2026-07-14T18:45:59.812595+00:00,1424507655,-88.485
2026-07-14T18:45:59.812595+00:00,1424509120,-88.392
2026-07-14T18:45:59.812595+00:00,1424510585,-88.367
2026-07-14T18:45:59.812595+00:00,1424512050,-88.409
2026-07-14T18:45:59.812595+00:00,1424513514,-88.315
2026-07-14T18:45:59.812595+00:00,1424514979,-88.216
2026-07-14T18:45:59.812595+00:00,1424516444,-88.167
2026-07-14T18:45:59.812595+00:00,1424517909,-88.14
2026-07-14T18:45:59.812595+00:00,1424519374,-88.029
2026-07-14T18:45:59.812595+00:00,1424520839,-87.997
2026-07-14T18:45:59.812595+00:00,1424522303,-88.051
2026-07-14T18:45:59.812595+00:00,1424523768,-87.965
2026-07-14T18:45:59.812595+00:00,1424525233,-87.891
2026-07-14T18:45:59.812595+00:00,1424526698,-87.844
2026-07-14T18:45:59.812595+00:00,1424528163,-87.846
2026-07-14T18:45:59.812595+00:00,1424529628,-87.811
2026-07-14T18:45:59.812595+00:00,1424531092,-87.74
2026-07-14T18:45:59.812595+00:00,1424532557,-87.707
2026-07-14T18:45:59.812595+00:00,1424534022,-87.662
2026-07-14T18:45:59.812595+00:00,1424535487,-87.673
2026-07-14T18:45:59.812595+00:00,1424536952,-87.589
2026-07-14T18:45:59.812595+00:00,1424538417,-87.569
2026-07-14T18:45:59.812595+00:00,1424539882,-87.602
2026-07-14T18:45:59.812595+00:00,1424541346,-87.539
2026-07-14T18:45:59.812595+00:00,1424542811,-87.511
2026-07-14T18:45:59.812595+00:00,1424544276,-87.494
2026-07-14T18:45:59.812595+00:00,1424545741,-87.498
2026-07-14T18:45:59.812595+00:00,1424547206,-87.543
2026-07-14T18:45:59.812595+00:00,1424548671,-87.384
2026-07-14T18:45:59.812595+00:00,1424550135,-87.284
2026-07-14T18:45:59.812595+00:00,1424551600,-87.266
2026-07-14T18:45:59.812595+00:00,1424553065,-87.305
2026-07-14T18:45:59.812595+00:00,1424554530,-87.338
2026-07-14T18:45:59.812595+00:00,1424555995,-87.238
2026-07-14T18:45:59.812595+00:00,1424557460,-87.174
2026-07-14T18:45:59.812595+00:00,1424558925,-87.206
2026-07-14T18:45:59.812595+00:00,1424560389,-87.287
2026-07-14T18:45:59.812595+00:00,1424561854,-87.312
2026-07-14T18:45:59.812595+00:00,1424563319,-87.265
2026-07-14T18:45:59.812595+00:00,1424564784,-87.223
2026-07-14T18:45:59.812595+00:00,1424566249,-87.147
2026-07-14T18:45:59.812595+00:00,1424567714,-87.107
2026-07-14T18:45:59.812595+00:00,1424569178,-87.129
2026-07-14T18:45:59.812595+00:00,1424570643,-87.155
2026-07-14T18:45:59.812595+00:00,1424572108,-87.162
2026-07-14T18:45:59.812595+00:00,1424573573,-87.104
2026-07-14T18:45:59.812595+00:00,1424575038,-87.068
2026-07-14T18:45:59.812595+00:00,1424576503,-87.075
2026-07-14T18:45:59.812595+00:00,1424577967,-87.055
2026-07-14T18:45:59.812595+00:00,1424579432,-87.001
2026-07-14T18:45:59.812595+00:00,1424580897,-87.0
2026-07-14T18:45:59.812595+00:00,1424582362,-87.02
2026-07-14T18:45:59.812595+00:00,1424583827,-87.017
2026-07-14T18:45:59.812595+00:00,1424585292,-87.028
2026-07-14T18:45:59.812595+00:00,1424586757,-86.971
2026-07-14T18:45:59.812595+00:00,1424588221,-86.964
2026-07-14T18:45:59.812595+00:00,1424589686,-86.985
2026-07-14T18:45:59.812595+00:00,1424591151,-86.936
2026-07-14T18:45:59.812595+00:00,1424592616,-86.965
2026-07-14T18:45:59.812595+00:00,1424594081,-86.964
2026-07-14T18:45:59.812595+00:00,1424595546,-87.018
2026-07-14T18:45:59.812595+00:00,1424597010,-86.99
2026-07-14T18:45:59.812595+00:00,1424598475,-86.995
2026-07-14T18:45:59.812595+00:00,1424599940,-87.017
2026-07-14T18:45:59.812595+00:00,1424601405,-86.993
2026-07-14T18:45:59.812595+00:00,1424602870,-87.023
2026-07-14T18:45:59.812595+00:00,1424604335,-87.06
