timestamp_utc,frequency_hz,power_db_smoothed
2026-07-14T01:54:48.008584+00:00,1418605800,-86.718
2026-07-14T01:54:48.008584+00:00,1418607264,-86.704
2026-07-14T01:54:48.008584+00:00,1418608729,-86.601
2026-07-14T01:54:48.008584+00:00,1418610194,-86.568
2026-07-14T01:54:48.008584+00:00,1418611659,-86.639
2026-07-14T01:54:48.008584+00:00,1418613124,-86.676
2026-07-14T01:54:48.008584+00:00,1418614589,-86.642
2026-07-14T01:54:48.008584+00:00,1418616053,-86.665
2026-07-14T01:54:48.008584+00:00,1418617518,-86.696
2026-07-14T01:54:48.008584+00:00,1418618983,-86.685
2026-07-14T01:54:48.008584+00:00,1418620448,-86.714
2026-07-14T01:54:48.008584+00:00,1418621913,-86.698
2026-07-14T01:54:48.008584+00:00,1418623378,-86.692
2026-07-14T01:54:48.008584+00:00,1418624842,-86.673
2026-07-14T01:54:48.008584+00:00,1418626307,-86.677
2026-07-14T01:54:48.008584+00:00,1418627772,-86.766
2026-07-14T01:54:48.008584+00:00,1418629237,-86.705
2026-07-14T01:54:48.008584+00:00,1418630702,-86.67
2026-07-14T01:54:48.008584+00:00,1418632167,-86.775
2026-07-14T01:54:48.008584+00:00,1418633632,-86.728
2026-07-14T01:54:48.008584+00:00,1418635096,-86.759
2026-07-14T01:54:48.008584+00:00,1418636561,-86.776
2026-07-14T01:54:48.008584+00:00,1418638026,-86.804
2026-07-14T01:54:48.008584+00:00,1418639491,-86.805
2026-07-14T01:54:48.008584+00:00,1418640956,-86.787
2026-07-14T01:54:48.008584+00:00,1418642421,-86.845
2026-07-14T01:54:48.008584+00:00,1418643885,-86.874
2026-07-14T01:54:48.008584+00:00,1418645350,-86.804
2026-07-14T01:54:48.008584+00:00,1418646815,-86.807
2026-07-14T01:54:48.008584+00:00,1418648280,-86.858
2026-07-14T01:54:48.008584+00:00,1418649745,-86.794
2026-07-14T01:54:48.008584+00:00,1418651210,-86.874
2026-07-14T01:54:48.008584+00:00,1418652675,-86.879
2026-07-14T01:54:48.008584+00:00,1418654139,-86.88
2026-07-14T01:54:48.008584+00:00,1418655604,-86.912
2026-07-14T01:54:48.008584+00:00,1418657069,-86.936
2026-07-14T01:54:48.008584+00:00,1418658534,-87.01
2026-07-14T01:54:48.008584+00:00,1418659999,-87.018
2026-07-14T01:54:48.008584+00:00,1418661464,-87.031
2026-07-14T01:54:48.008584+00:00,1418662928,-87.043
2026-07-14T01:54:48.008584+00:00,1418664393,-87.059
2026-07-14T01:54:48.008584+00:00,1418665858,-87.126
2026-07-14T01:54:48.008584+00:00,1418667323,-87.165
2026-07-14T01:54:48.008584+00:00,1418668788,-87.199
2026-07-14T01:54:48.008584+00:00,1418670253,-87.15
2026-07-14T01:54:48.008584+00:00,1418671717,-87.215
2026-07-14T01:54:48.008584+00:00,1418673182,-87.225
2026-07-14T01:54:48.008584+00:00,1418674647,-87.245
2026-07-14T01:54:48.008584+00:00,1418676112,-87.341
2026-07-14T01:54:48.008584+00:00,1418677577,-87.341
2026-07-14T01:54:48.008584+00:00,1418679042,-87.342
2026-07-14T01:54:48.008584+00:00,1418680507,-87.37
2026-07-14T01:54:48.008584+00:00,1418681971,-87.461
2026-07-14T01:54:48.008584+00:00,1418683436,-87.475
2026-07-14T01:54:48.008584+00:00,1418684901,-87.555
2026-07-14T01:54:48.008584+00:00,1418686366,-87.588
2026-07-14T01:54:48.008584+00:00,1418687831,-87.622
2026-07-14T01:54:48.008584+00:00,1418689296,-87.659
2026-07-14T01:54:48.008584+00:00,1418690760,-87.702
2026-07-14T01:54:48.008584+00:00,1418692225,-87.699
2026-07-14T01:54:48.008584+00:00,1418693690,-87.788
2026-07-14T01:54:48.008584+00:00,1418695155,-87.895
2026-07-14T01:54:48.008584+00:00,1418696620,-87.86
2026-07-14T01:54:48.008584+00:00,1418698085,-87.891
2026-07-14T01:54:48.008584+00:00,1418699550,-88.023
2026-07-14T01:54:48.008584+00:00,1418701014,-88.038
2026-07-14T01:54:48.008584+00:00,1418702479,-88.034
2026-07-14T01:54:48.008584+00:00,1418703944,-88.116
2026-07-14T01:54:48.008584+00:00,1418705409,-88.178
2026-07-14T01:54:48.008584+00:00,1418706874,-88.317
2026-07-14T01:54:48.008584+00:00,1418708339,-88.38
2026-07-14T01:54:48.008584+00:00,1418709803,-88.343
2026-07-14T01:54:48.008584+00:00,1418711268,-88.474
2026-07-14T01:54:48.008584+00:00,1418712733,-88.475
2026-07-14T01:54:48.008584+00:00,1418714198,-88.514
2026-07-14T01:54:48.008584+00:00,1418715663,-88.564
2026-07-14T01:54:48.008584+00:00,1418717128,-88.639
2026-07-14T01:54:48.008584+00:00,1418718592,-88.699
2026-07-14T01:54:48.008584+00:00,1418720057,-88.751
2026-07-14T01:54:48.008584+00:00,1418721522,-88.823
2026-07-14T01:54:48.008584+00:00,1418722987,-88.936
2026-07-14T01:54:48.008584+00:00,1418724452,-88.99
2026-07-14T01:54:48.008584+00:00,1418725917,-89.053
2026-07-14T01:54:48.008584+00:00,1418727382,-89.145
2026-07-14T01:54:48.008584+00:00,1418728846,-89.149
2026-07-14T01:54:48.008584+00:00,1418730311,-89.231
2026-07-14T01:54:48.008584+00:00,1418731776,-89.314
2026-07-14T01:54:48.008584+00:00,1418733241,-89.408
2026-07-14T01:54:48.008584+00:00,1418734706,-89.491
2026-07-14T01:54:48.008584+00:00,1418736171,-89.545
2026-07-14T01:54:48.008584+00:00,1418737635,-89.622
2026-07-14T01:54:48.008584+00:00,1418739100,-89.651
2026-07-14T01:54:48.008584+00:00,1418740565,-89.692
2026-07-14T01:54:48.008584+00:00,1418742030,-89.677
2026-07-14T01:54:48.008584+00:00,1418743495,-89.809
2026-07-14T01:54:48.008584+00:00,1418744960,-89.863
2026-07-14T01:54:48.008584+00:00,1418746425,-89.893
2026-07-14T01:54:48.008584+00:00,1418747889,-89.941
2026-07-14T01:54:48.008584+00:00,1418749354,-89.996
2026-07-14T01:54:48.008584+00:00,1418750819,-89.969
2026-07-14T01:54:48.008584+00:00,1418752284,-90.0
2026-07-14T01:54:48.008584+00:00,1418753749,-90.01
2026-07-14T01:54:48.008584+00:00,1418755214,-90.077
2026-07-14T01:54:48.008584+00:00,1418756678,-90.087
2026-07-14T01:54:48.008584+00:00,1418758143,-90.186
2026-07-14T01:54:48.008584+00:00,1418759608,-90.208
2026-07-14T01:54:48.008584+00:00,1418761073,-90.223
2026-07-14T01:54:48.008584+00:00,1418762538,-90.222
2026-07-14T01:54:48.008584+00:00,1418764003,-90.096
2026-07-14T01:54:48.008584+00:00,1418765467,-90.068
2026-07-14T01:54:48.008584+00:00,1418766932,-90.041
2026-07-14T01:54:48.008584+00:00,1418768397,-90.003
2026-07-14T01:54:48.008584+00:00,1418769862,-90.033
2026-07-14T01:54:48.008584+00:00,1418771327,-89.984
2026-07-14T01:54:48.008584+00:00,1418772792,-89.912
2026-07-14T01:54:48.008584+00:00,1418774257,-89.808
2026-07-14T01:54:48.008584+00:00,1418775721,-89.706
2026-07-14T01:54:48.008584+00:00,1418777186,-89.605
2026-07-14T01:54:48.008584+00:00,1418778651,-89.571
2026-07-14T01:54:48.008584+00:00,1418780116,-89.482
2026-07-14T01:54:48.008584+00:00,1418781581,-89.309
2026-07-14T01:54:48.008584+00:00,1418783046,-89.152
2026-07-14T01:54:48.008584+00:00,1418784510,-89.062
2026-07-14T01:54:48.008584+00:00,1418785975,-88.902
2026-07-14T01:54:48.008584+00:00,1418787440,-88.791
2026-07-14T01:54:48.008584+00:00,1418788905,-88.619
2026-07-14T01:54:48.008584+00:00,1418790370,-88.5
2026-07-14T01:54:48.008584+00:00,1418791835,-88.32
2026-07-14T01:54:48.008584+00:00,1418793300,-88.14
2026-07-14T01:54:48.008584+00:00,1418794764,-88.032
2026-07-14T01:54:48.008584+00:00,1418796229,-87.841
2026-07-14T01:54:48.008584+00:00,1418797694,-87.644
2026-07-14T01:54:48.008584+00:00,1418799159,-87.441
2026-07-14T01:54:48.008584+00:00,1418800624,-87.261
2026-07-14T01:54:48.008584+00:00,1418802089,-87.087
2026-07-14T01:54:48.008584+00:00,1418803553,-86.862
2026-07-14T01:54:48.008584+00:00,1418805018,-86.728
2026-07-14T01:54:48.008584+00:00,1418806483,-86.532
2026-07-14T01:54:48.008584+00:00,1418807948,-86.341
2026-07-14T01:54:48.008584+00:00,1418809413,-86.242
2026-07-14T01:54:48.008584+00:00,1418810878,-86.001
2026-07-14T01:54:48.008584+00:00,1418812342,-85.799
2026-07-14T01:54:48.008584+00:00,1418813807,-85.644
2026-07-14T01:54:48.008584+00:00,1418815272,-85.487
2026-07-14T01:54:48.008584+00:00,1418816737,-85.183
2026-07-14T01:54:48.008584+00:00,1418818202,-84.979
2026-07-14T01:54:48.008584+00:00,1418819667,-84.863
2026-07-14T01:54:48.008584+00:00,1418821132,-84.642
2026-07-14T01:54:48.008584+00:00,1418822596,-84.444
2026-07-14T01:54:48.008584+00:00,1418824061,-84.257
2026-07-14T01:54:48.008584+00:00,1418825526,-84.131
2026-07-14T01:54:48.008584+00:00,1418826991,-83.897
2026-07-14T01:54:48.008584+00:00,1418828456,-83.723
2026-07-14T01:54:48.008584+00:00,1418829921,-83.535
2026-07-14T01:54:48.008584+00:00,1418831385,-83.355
2026-07-14T01:54:48.008584+00:00,1418832850,-83.109
2026-07-14T01:54:48.008584+00:00,1418834315,-82.93
2026-07-14T01:54:48.008584+00:00,1418835780,-82.79
2026-07-14T01:54:48.008584+00:00,1418837245,-82.647
2026-07-14T01:54:48.008584+00:00,1418838710,-82.46
2026-07-14T01:54:48.008584+00:00,1418840175,-82.252
2026-07-14T01:54:48.008584+00:00,1418841639,-82.1
2026-07-14T01:54:48.008584+00:00,1418843104,-81.928
2026-07-14T01:54:48.008584+00:00,1418844569,-81.748
2026-07-14T01:54:48.008584+00:00,1418846034,-81.562
2026-07-14T01:54:48.008584+00:00,1418847499,-81.457
2026-07-14T01:54:48.008584+00:00,1418848964,-81.308
2026-07-14T01:54:48.008584+00:00,1418850428,-81.11
2026-07-14T01:54:48.008584+00:00,1418851893,-80.964
2026-07-14T01:54:48.008584+00:00,1418853358,-80.788
2026-07-14T01:54:48.008584+00:00,1418854823,-80.66
2026-07-14T01:54:48.008584+00:00,1418856288,-80.468
2026-07-14T01:54:48.008584+00:00,1418857753,-80.348
2026-07-14T01:54:48.008584+00:00,1418859217,-80.185
2026-07-14T01:54:48.008584+00:00,1418860682,-80.019
2026-07-14T01:54:48.008584+00:00,1418862147,-79.845
2026-07-14T01:54:48.008584+00:00,1418863612,-79.692
2026-07-14T01:54:48.008584+00:00,1418865077,-79.549
2026-07-14T01:54:48.008584+00:00,1418866542,-79.44
2026-07-14T01:54:48.008584+00:00,1418868007,-79.273
2026-07-14T01:54:48.008584+00:00,1418869471,-79.097
2026-07-14T01:54:48.008584+00:00,1418870936,-78.949
2026-07-14T01:54:48.008584+00:00,1418872401,-78.746
2026-07-14T01:54:48.008584+00:00,1418873866,-78.711
2026-07-14T01:54:48.008584+00:00,1418875331,-78.623
2026-07-14T01:54:48.008584+00:00,1418876796,-78.534
2026-07-14T01:54:48.008584+00:00,1418878260,-78.292
2026-07-14T01:54:48.008584+00:00,1418879725,-78.125
2026-07-14T01:54:48.008584+00:00,1418881190,-78.036
2026-07-14T01:54:48.008584+00:00,1418882655,-77.909
2026-07-14T01:54:48.008584+00:00,1418884120,-77.854
2026-07-14T01:54:48.008584+00:00,1418885585,-77.667
2026-07-14T01:54:48.008584+00:00,1418887050,-77.474
2026-07-14T01:54:48.008584+00:00,1418888514,-77.389
2026-07-14T01:54:48.008584+00:00,1418889979,-77.247
2026-07-14T01:54:48.008584+00:00,1418891444,-77.164
2026-07-14T01:54:48.008584+00:00,1418892909,-77.133
2026-07-14T01:54:48.008584+00:00,1418894374,-76.986
2026-07-14T01:54:48.008584+00:00,1418895839,-76.839
2026-07-14T01:54:48.008584+00:00,1418897303,-76.733
2026-07-14T01:54:48.008584+00:00,1418898768,-76.618
2026-07-14T01:54:48.008584+00:00,1418900233,-76.523
2026-07-14T01:54:48.008584+00:00,1418901698,-76.377
2026-07-14T01:54:48.008584+00:00,1418903163,-76.246
2026-07-14T01:54:48.008584+00:00,1418904628,-76.089
2026-07-14T01:54:48.008584+00:00,1418906092,-75.999
2026-07-14T01:54:48.008584+00:00,1418907557,-75.916
2026-07-14T01:54:48.008584+00:00,1418909022,-75.813
2026-07-14T01:54:48.008584+00:00,1418910487,-75.797
2026-07-14T01:54:48.008584+00:00,1418911952,-75.664
2026-07-14T01:54:48.008584+00:00,1418913417,-75.481
2026-07-14T01:54:48.008584+00:00,1418914882,-75.419
2026-07-14T01:54:48.008584+00:00,1418916346,-75.301
2026-07-14T01:54:48.008584+00:00,1418917811,-75.226
2026-07-14T01:54:48.008584+00:00,1418919276,-75.102
2026-07-14T01:54:48.008584+00:00,1418920741,-75.024
2026-07-14T01:54:48.008584+00:00,1418922206,-74.929
2026-07-14T01:54:48.008584+00:00,1418923671,-74.862
2026-07-14T01:54:48.008584+00:00,1418925135,-74.742
2026-07-14T01:54:48.008584+00:00,1418926600,-74.633
2026-07-14T01:54:48.008584+00:00,1418928065,-74.534
2026-07-14T01:54:48.008584+00:00,1418929530,-74.396
2026-07-14T01:54:48.008584+00:00,1418930995,-74.387
2026-07-14T01:54:48.008584+00:00,1418932460,-74.34
2026-07-14T01:54:48.008584+00:00,1418933925,-74.196
2026-07-14T01:54:48.008584+00:00,1418935389,-74.055
2026-07-14T01:54:48.008584+00:00,1418936854,-74.006
2026-07-14T01:54:48.008584+00:00,1418938319,-73.95
2026-07-14T01:54:48.008584+00:00,1418939784,-73.887
2026-07-14T01:54:48.008584+00:00,1418941249,-73.77
2026-07-14T01:54:48.008584+00:00,1418942714,-73.667
2026-07-14T01:54:48.008584+00:00,1418944178,-73.682
2026-07-14T01:54:48.008584+00:00,1418945643,-73.588
2026-07-14T01:54:48.008584+00:00,1418947108,-73.45
2026-07-14T01:54:48.008584+00:00,1418948573,-73.371
2026-07-14T01:54:48.008584+00:00,1418950038,-73.326
2026-07-14T01:54:48.008584+00:00,1418951503,-73.261
2026-07-14T01:54:48.008584+00:00,1418952967,-73.139
2026-07-14T01:54:48.008584+00:00,1418954432,-73.102
2026-07-14T01:54:48.008584+00:00,1418955897,-73.053
2026-07-14T01:54:48.008584+00:00,1418957362,-72.964
2026-07-14T01:54:48.008584+00:00,1418958827,-72.914
2026-07-14T01:54:48.008584+00:00,1418960292,-72.898
2026-07-14T01:54:48.008584+00:00,1418961757,-72.829
2026-07-14T01:54:48.008584+00:00,1418963221,-72.639
2026-07-14T01:54:48.008584+00:00,1418964686,-72.579
2026-07-14T01:54:48.008584+00:00,1418966151,-72.581
2026-07-14T01:54:48.008584+00:00,1418967616,-72.565
2026-07-14T01:54:48.008584+00:00,1418969081,-72.514
2026-07-14T01:54:48.008584+00:00,1418970546,-72.419
2026-07-14T01:54:48.008584+00:00,1418972010,-72.274
2026-07-14T01:54:48.008584+00:00,1418973475,-72.205
2026-07-14T01:54:48.008584+00:00,1418974940,-72.217
2026-07-14T01:54:48.008584+00:00,1418976405,-72.157
2026-07-14T01:54:48.008584+00:00,1418977870,-72.035
2026-07-14T01:54:48.008584+00:00,1418979335,-72.016
2026-07-14T01:54:48.008584+00:00,1418980800,-72.006
2026-07-14T01:54:48.008584+00:00,1418982264,-71.931
2026-07-14T01:54:48.008584+00:00,1418983729,-71.866
2026-07-14T01:54:48.008584+00:00,1418985194,-71.778
2026-07-14T01:54:48.008584+00:00,1418986659,-71.674
2026-07-14T01:54:48.008584+00:00,1418988124,-71.658
2026-07-14T01:54:48.008584+00:00,1418989589,-71.642
2026-07-14T01:54:48.008584+00:00,1418991053,-71.596
2026-07-14T01:54:48.008584+00:00,1418992518,-71.547
2026-07-14T01:54:48.008584+00:00,1418993983,-71.521
2026-07-14T01:54:48.008584+00:00,1418995448,-71.485
2026-07-14T01:54:48.008584+00:00,1418996913,-71.391
2026-07-14T01:54:48.008584+00:00,1418998378,-71.371
2026-07-14T01:54:48.008584+00:00,1418999842,-71.331
2026-07-14T01:54:48.008584+00:00,1419001307,-71.275
2026-07-14T01:54:48.008584+00:00,1419002772,-71.228
2026-07-14T01:54:48.008584+00:00,1419004237,-71.139
2026-07-14T01:54:48.008584+00:00,1419005702,-71.115
2026-07-14T01:54:48.008584+00:00,1419007167,-71.076
2026-07-14T01:54:48.008584+00:00,1419008632,-71.109
2026-07-14T01:54:48.008584+00:00,1419010096,-71.003
2026-07-14T01:54:48.008584+00:00,1419011561,-70.923
2026-07-14T01:54:48.008584+00:00,1419013026,-70.904
2026-07-14T01:54:48.008584+00:00,1419014491,-70.849
2026-07-14T01:54:48.008584+00:00,1419015956,-70.873
2026-07-14T01:54:48.008584+00:00,1419017421,-70.748
2026-07-14T01:54:48.008584+00:00,1419018885,-70.714
2026-07-14T01:54:48.008584+00:00,1419020350,-70.79
2026-07-14T01:54:48.008584+00:00,1419021815,-70.714
2026-07-14T01:54:48.008584+00:00,1419023280,-70.721
2026-07-14T01:54:48.008584+00:00,1419024745,-70.633
2026-07-14T01:54:48.008584+00:00,1419026210,-70.597
2026-07-14T01:54:48.008584+00:00,1419027675,-70.546
2026-07-14T01:54:48.008584+00:00,1419029139,-70.466
2026-07-14T01:54:48.008584+00:00,1419030604,-70.478
2026-07-14T01:54:48.008584+00:00,1419032069,-70.496
2026-07-14T01:54:48.008584+00:00,1419033534,-70.423
2026-07-14T01:54:48.008584+00:00,1419034999,-70.358
2026-07-14T01:54:48.008584+00:00,1419036464,-70.327
2026-07-14T01:54:48.008584+00:00,1419037928,-70.32
2026-07-14T01:54:48.008584+00:00,1419039393,-70.23
2026-07-14T01:54:48.008584+00:00,1419040858,-70.244
2026-07-14T01:54:48.008584+00:00,1419042323,-70.182
2026-07-14T01:54:48.008584+00:00,1419043788,-70.173
2026-07-14T01:54:48.008584+00:00,1419045253,-70.191
2026-07-14T01:54:48.008584+00:00,1419046717,-70.156
2026-07-14T01:54:48.008584+00:00,1419048182,-70.106
2026-07-14T01:54:48.008584+00:00,1419049647,-70.097
2026-07-14T01:54:48.008584+00:00,1419051112,-70.11
2026-07-14T01:54:48.008584+00:00,1419052577,-70.062
2026-07-14T01:54:48.008584+00:00,1419054042,-70.024
2026-07-14T01:54:48.008584+00:00,1419055507,-70.03
2026-07-14T01:54:48.008584+00:00,1419056971,-69.966
2026-07-14T01:54:48.008584+00:00,1419058436,-69.949
2026-07-14T01:54:48.008584+00:00,1419059901,-69.906
2026-07-14T01:54:48.008584+00:00,1419061366,-69.828
2026-07-14T01:54:48.008584+00:00,1419062831,-69.887
2026-07-14T01:54:48.008584+00:00,1419064296,-69.843
2026-07-14T01:54:48.008584+00:00,1419065760,-69.851
2026-07-14T01:54:48.008584+00:00,1419067225,-69.786
2026-07-14T01:54:48.008584+00:00,1419068690,-69.81
2026-07-14T01:54:48.008584+00:00,1419070155,-69.897
2026-07-14T01:54:48.008584+00:00,1419071620,-69.834
2026-07-14T01:54:48.008584+00:00,1419073085,-69.763
2026-07-14T01:54:48.008584+00:00,1419074550,-69.735
2026-07-14T01:54:48.008584+00:00,1419076014,-69.728
2026-07-14T01:54:48.008584+00:00,1419077479,-69.705
2026-07-14T01:54:48.008584+00:00,1419078944,-69.717
2026-07-14T01:54:48.008584+00:00,1419080409,-69.719
2026-07-14T01:54:48.008584+00:00,1419081874,-69.724
2026-07-14T01:54:48.008584+00:00,1419083339,-69.639
2026-07-14T01:54:48.008584+00:00,1419084803,-69.583
2026-07-14T01:54:48.008584+00:00,1419086268,-69.567
2026-07-14T01:54:48.008584+00:00,1419087733,-69.579
2026-07-14T01:54:48.008584+00:00,1419089198,-69.597
2026-07-14T01:54:48.008584+00:00,1419090663,-69.508
2026-07-14T01:54:48.008584+00:00,1419092128,-69.511
2026-07-14T01:54:48.008584+00:00,1419093592,-69.486
2026-07-14T01:54:48.008584+00:00,1419095057,-69.53
2026-07-14T01:54:48.008584+00:00,1419096522,-69.494
2026-07-14T01:54:48.008584+00:00,1419097987,-69.504
2026-07-14T01:54:48.008584+00:00,1419099452,-69.499
2026-07-14T01:54:48.008584+00:00,1419100917,-69.457
2026-07-14T01:54:48.008584+00:00,1419102382,-69.425
2026-07-14T01:54:48.008584+00:00,1419103846,-69.504
2026-07-14T01:54:48.008584+00:00,1419105311,-69.528
2026-07-14T01:54:48.008584+00:00,1419106776,-69.515
2026-07-14T01:54:48.008584+00:00,1419108241,-69.484
2026-07-14T01:54:48.008584+00:00,1419109706,-69.506
2026-07-14T01:54:48.008584+00:00,1419111171,-69.475
2026-07-14T01:54:48.008584+00:00,1419112635,-69.43
2026-07-14T01:54:48.008584+00:00,1419114100,-69.48
2026-07-14T01:54:48.008584+00:00,1419115565,-69.479
2026-07-14T01:54:48.008584+00:00,1419117030,-69.493
2026-07-14T01:54:48.008584+00:00,1419118495,-69.424
2026-07-14T01:54:48.008584+00:00,1419119960,-69.457
2026-07-14T01:54:48.008584+00:00,1419121425,-69.443
2026-07-14T01:54:48.008584+00:00,1419122889,-69.356
2026-07-14T01:54:48.008584+00:00,1419124354,-69.337
2026-07-14T01:54:48.008584+00:00,1419125819,-69.298
2026-07-14T01:54:48.008584+00:00,1419127284,-69.274
2026-07-14T01:54:48.008584+00:00,1419128749,-69.303
2026-07-14T01:54:48.008584+00:00,1419130214,-69.322
2026-07-14T01:54:48.008584+00:00,1419131678,-69.305
2026-07-14T01:54:48.008584+00:00,1419133143,-69.337
2026-07-14T01:54:48.008584+00:00,1419134608,-69.414
2026-07-14T01:54:48.008584+00:00,1419136073,-69.348
2026-07-14T01:54:48.008584+00:00,1419137538,-69.336
2026-07-14T01:54:48.008584+00:00,1419139003,-69.325
2026-07-14T01:54:48.008584+00:00,1419140467,-69.313
2026-07-14T01:54:48.008584+00:00,1419141932,-69.309
2026-07-14T01:54:48.008584+00:00,1419143397,-69.27
2026-07-14T01:54:48.008584+00:00,1419144862,-69.342
2026-07-14T01:54:48.008584+00:00,1419146327,-69.298
2026-07-14T01:54:48.008584+00:00,1419147792,-69.328
2026-07-14T01:54:48.008584+00:00,1419149257,-69.307
2026-07-14T01:54:48.008584+00:00,1419150721,-69.295
2026-07-14T01:54:48.008584+00:00,1419152186,-69.379
2026-07-14T01:54:48.008584+00:00,1419153651,-69.378
2026-07-14T01:54:48.008584+00:00,1419155116,-69.319
2026-07-14T01:54:48.008584+00:00,1419156581,-69.327
2026-07-14T01:54:48.008584+00:00,1419158046,-69.321
2026-07-14T01:54:48.008584+00:00,1419159510,-69.319
2026-07-14T01:54:48.008584+00:00,1419160975,-69.295
2026-07-14T01:54:48.008584+00:00,1419162440,-69.348
2026-07-14T01:54:48.008584+00:00,1419163905,-69.326
2026-07-14T01:54:48.008584+00:00,1419165370,-69.33
2026-07-14T01:54:48.008584+00:00,1419166835,-69.41
2026-07-14T01:54:48.008584+00:00,1419168300,-69.386
2026-07-14T01:54:48.008584+00:00,1419169764,-69.313
2026-07-14T01:54:48.008584+00:00,1419171229,-69.326
2026-07-14T01:54:48.008584+00:00,1419172694,-69.346
2026-07-14T01:54:48.008584+00:00,1419174159,-69.353
2026-07-14T01:54:48.008584+00:00,1419175624,-69.297
2026-07-14T01:54:48.008584+00:00,1419177089,-69.344
2026-07-14T01:54:48.008584+00:00,1419178553,-69.36
2026-07-14T01:54:48.008584+00:00,1419180018,-69.413
2026-07-14T01:54:48.008584+00:00,1419181483,-69.43
2026-07-14T01:54:48.008584+00:00,1419182948,-69.375
2026-07-14T01:54:48.008584+00:00,1419184413,-69.402
2026-07-14T01:54:48.008584+00:00,1419185878,-69.381
2026-07-14T01:54:48.008584+00:00,1419187342,-69.405
2026-07-14T01:54:48.008584+00:00,1419188807,-69.36
2026-07-14T01:54:48.008584+00:00,1419190272,-69.291
2026-07-14T01:54:48.008584+00:00,1419191737,-69.373
2026-07-14T01:54:48.008584+00:00,1419193202,-69.363
2026-07-14T01:54:48.008584+00:00,1419194667,-69.443
2026-07-14T01:54:48.008584+00:00,1419196132,-69.48
2026-07-14T01:54:48.008584+00:00,1419197596,-69.4
2026-07-14T01:54:48.008584+00:00,1419199061,-69.426
2026-07-14T01:54:48.008584+00:00,1419200526,-69.45
2026-07-14T01:54:48.008584+00:00,1419201991,-69.419
2026-07-14T01:54:48.008584+00:00,1419203456,-69.442
2026-07-14T01:54:48.008584+00:00,1419204921,-69.466
2026-07-14T01:54:48.008584+00:00,1419206385,-69.451
2026-07-14T01:54:48.008584+00:00,1419207850,-69.458
2026-07-14T01:54:48.008584+00:00,1419209315,-69.392
2026-07-14T01:54:48.008584+00:00,1419210780,-69.401
2026-07-14T01:54:48.008584+00:00,1419212245,-69.454
2026-07-14T01:54:48.008584+00:00,1419213710,-69.476
2026-07-14T01:54:48.008584+00:00,1419215175,-69.43
2026-07-14T01:54:48.008584+00:00,1419216639,-69.453
2026-07-14T01:54:48.008584+00:00,1419218104,-69.519
2026-07-14T01:54:48.008584+00:00,1419219569,-69.487
2026-07-14T01:54:48.008584+00:00,1419221034,-69.45
2026-07-14T01:54:48.008584+00:00,1419222499,-69.504
2026-07-14T01:54:48.008584+00:00,1419223964,-69.517
2026-07-14T01:54:48.008584+00:00,1419225428,-69.555
2026-07-14T01:54:48.008584+00:00,1419226893,-69.594
2026-07-14T01:54:48.008584+00:00,1419228358,-69.486
2026-07-14T01:54:48.008584+00:00,1419229823,-69.481
2026-07-14T01:54:48.008584+00:00,1419231288,-69.555
2026-07-14T01:54:48.008584+00:00,1419232753,-69.518
2026-07-14T01:54:48.008584+00:00,1419234217,-69.506
2026-07-14T01:54:48.008584+00:00,1419235682,-69.539
2026-07-14T01:54:48.008584+00:00,1419237147,-69.518
2026-07-14T01:54:48.008584+00:00,1419238612,-69.538
2026-07-14T01:54:48.008584+00:00,1419240077,-69.637
2026-07-14T01:54:48.008584+00:00,1419241542,-69.663
2026-07-14T01:54:48.008584+00:00,1419243007,-69.552
2026-07-14T01:54:48.008584+00:00,1419244471,-69.582
2026-07-14T01:54:48.008584+00:00,1419245936,-69.63
2026-07-14T01:54:48.008584+00:00,1419247401,-69.624
2026-07-14T01:54:48.008584+00:00,1419248866,-69.66
2026-07-14T01:54:48.008584+00:00,1419250331,-69.715
2026-07-14T01:54:48.008584+00:00,1419251796,-69.697
2026-07-14T01:54:48.008584+00:00,1419253260,-69.691
2026-07-14T01:54:48.008584+00:00,1419254725,-69.695
2026-07-14T01:54:48.008584+00:00,1419256190,-69.734
2026-07-14T01:54:48.008584+00:00,1419257655,-69.718
2026-07-14T01:54:48.008584+00:00,1419259120,-69.693
2026-07-14T01:54:48.008584+00:00,1419260585,-69.665
2026-07-14T01:54:48.008584+00:00,1419262050,-69.691
2026-07-14T01:54:48.008584+00:00,1419263514,-69.72
2026-07-14T01:54:48.008584+00:00,1419264979,-69.699
2026-07-14T01:54:48.008584+00:00,1419266444,-69.656
2026-07-14T01:54:48.008584+00:00,1419267909,-69.76
2026-07-14T01:54:48.008584+00:00,1419269374,-69.79
2026-07-14T01:54:48.008584+00:00,1419270839,-69.724
2026-07-14T01:54:48.008584+00:00,1419272303,-69.721
2026-07-14T01:54:48.008584+00:00,1419273768,-69.76
2026-07-14T01:54:48.008584+00:00,1419275233,-69.766
2026-07-14T01:54:48.008584+00:00,1419276698,-69.779
2026-07-14T01:54:48.008584+00:00,1419278163,-69.79
2026-07-14T01:54:48.008584+00:00,1419279628,-69.772
2026-07-14T01:54:48.008584+00:00,1419281092,-69.761
2026-07-14T01:54:48.008584+00:00,1419282557,-69.782
2026-07-14T01:54:48.008584+00:00,1419284022,-69.772
2026-07-14T01:54:48.008584+00:00,1419285487,-69.739
2026-07-14T01:54:48.008584+00:00,1419286952,-69.772
2026-07-14T01:54:48.008584+00:00,1419288417,-69.836
2026-07-14T01:54:48.008584+00:00,1419289882,-69.775
2026-07-14T01:54:48.008584+00:00,1419291346,-69.756
2026-07-14T01:54:48.008584+00:00,1419292811,-69.819
2026-07-14T01:54:48.008584+00:00,1419294276,-69.763
2026-07-14T01:54:48.008584+00:00,1419295741,-69.798
2026-07-14T01:54:48.008584+00:00,1419297206,-69.796
2026-07-14T01:54:48.008584+00:00,1419298671,-69.822
2026-07-14T01:54:48.008584+00:00,1419300135,-69.822
2026-07-14T01:54:48.008584+00:00,1419301600,-69.81
2026-07-14T01:54:48.008584+00:00,1419303065,-69.844
2026-07-14T01:54:48.008584+00:00,1419304530,-69.847
2026-07-14T01:54:48.008584+00:00,1419305995,-69.869
2026-07-14T01:54:48.008584+00:00,1419307460,-69.883
2026-07-14T01:54:48.008584+00:00,1419308925,-69.836
2026-07-14T01:54:48.008584+00:00,1419310389,-69.883
2026-07-14T01:54:48.008584+00:00,1419311854,-69.881
2026-07-14T01:54:48.008584+00:00,1419313319,-69.882
2026-07-14T01:54:48.008584+00:00,1419314784,-69.809
2026-07-14T01:54:48.008584+00:00,1419316249,-69.801
2026-07-14T01:54:48.008584+00:00,1419317714,-69.924
2026-07-14T01:54:48.008584+00:00,1419319178,-69.931
2026-07-14T01:54:48.008584+00:00,1419320643,-69.915
2026-07-14T01:54:48.008584+00:00,1419322108,-69.835
2026-07-14T01:54:48.008584+00:00,1419323573,-69.878
2026-07-14T01:54:48.008584+00:00,1419325038,-69.859
2026-07-14T01:54:48.008584+00:00,1419326503,-69.889
2026-07-14T01:54:48.008584+00:00,1419327967,-69.929
2026-07-14T01:54:48.008584+00:00,1419329432,-69.919
2026-07-14T01:54:48.008584+00:00,1419330897,-69.836
2026-07-14T01:54:48.008584+00:00,1419332362,-69.855
2026-07-14T01:54:48.008584+00:00,1419333827,-69.95
2026-07-14T01:54:48.008584+00:00,1419335292,-69.867
2026-07-14T01:54:48.008584+00:00,1419336757,-69.878
2026-07-14T01:54:48.008584+00:00,1419338221,-69.867
2026-07-14T01:54:48.008584+00:00,1419339686,-69.82
2026-07-14T01:54:48.008584+00:00,1419341151,-69.903
2026-07-14T01:54:48.008584+00:00,1419342616,-69.878
2026-07-14T01:54:48.008584+00:00,1419344081,-69.87
2026-07-14T01:54:48.008584+00:00,1419345546,-69.87
2026-07-14T01:54:48.008584+00:00,1419347010,-69.924
2026-07-14T01:54:48.008584+00:00,1419348475,-69.87
2026-07-14T01:54:48.008584+00:00,1419349940,-69.863
2026-07-14T01:54:48.008584+00:00,1419351405,-69.915
2026-07-14T01:54:48.008584+00:00,1419352870,-69.946
2026-07-14T01:54:48.008584+00:00,1419354335,-69.936
2026-07-14T01:54:48.008584+00:00,1419355800,-69.938
2026-07-14T01:54:48.008584+00:00,1419357264,-69.908
2026-07-14T01:54:48.008584+00:00,1419358729,-69.967
2026-07-14T01:54:48.008584+00:00,1419360194,-69.904
2026-07-14T01:54:48.008584+00:00,1419361659,-69.865
2026-07-14T01:54:48.008584+00:00,1419363124,-69.881
2026-07-14T01:54:48.008584+00:00,1419364589,-69.815
2026-07-14T01:54:48.008584+00:00,1419366053,-69.865
2026-07-14T01:54:48.008584+00:00,1419367518,-69.857
2026-07-14T01:54:48.008584+00:00,1419368983,-69.878
2026-07-14T01:54:48.008584+00:00,1419370448,-69.897
2026-07-14T01:54:48.008584+00:00,1419371913,-69.86
2026-07-14T01:54:48.008584+00:00,1419373378,-69.752
2026-07-14T01:54:48.008584+00:00,1419374842,-69.824
2026-07-14T01:54:48.008584+00:00,1419376307,-69.885
2026-07-14T01:54:48.008584+00:00,1419377772,-69.862
2026-07-14T01:54:48.008584+00:00,1419379237,-69.758
2026-07-14T01:54:48.008584+00:00,1419380702,-69.831
2026-07-14T01:54:48.008584+00:00,1419382167,-69.902
2026-07-14T01:54:48.008584+00:00,1419383632,-69.889
2026-07-14T01:54:48.008584+00:00,1419385096,-69.88
2026-07-14T01:54:48.008584+00:00,1419386561,-69.847
2026-07-14T01:54:48.008584+00:00,1419388026,-69.845
2026-07-14T01:54:48.008584+00:00,1419389491,-69.812
2026-07-14T01:54:48.008584+00:00,1419390956,-69.783
2026-07-14T01:54:48.008584+00:00,1419392421,-69.81
2026-07-14T01:54:48.008584+00:00,1419393885,-69.775
2026-07-14T01:54:48.008584+00:00,1419395350,-69.75
2026-07-14T01:54:48.008584+00:00,1419396815,-69.792
2026-07-14T01:54:48.008584+00:00,1419398280,-69.795
2026-07-14T01:54:48.008584+00:00,1419399745,-69.771
2026-07-14T01:54:48.008584+00:00,1419401210,-69.762
2026-07-14T01:54:48.008584+00:00,1419402675,-69.76
2026-07-14T01:54:48.008584+00:00,1419404139,-69.752
2026-07-14T01:54:48.008584+00:00,1419405604,-69.744
2026-07-14T01:54:48.008584+00:00,1419407069,-69.849
2026-07-14T01:54:48.008584+00:00,1419408534,-69.804
2026-07-14T01:54:48.008584+00:00,1419409999,-69.778
2026-07-14T01:54:48.008584+00:00,1419411464,-69.767
2026-07-14T01:54:48.008584+00:00,1419412928,-69.709
2026-07-14T01:54:48.008584+00:00,1419414393,-69.732
2026-07-14T01:54:48.008584+00:00,1419415858,-69.727
2026-07-14T01:54:48.008584+00:00,1419417323,-69.718
2026-07-14T01:54:48.008584+00:00,1419418788,-69.761
2026-07-14T01:54:48.008584+00:00,1419420253,-69.765
2026-07-14T01:54:48.008584+00:00,1419421717,-69.758
2026-07-14T01:54:48.008584+00:00,1419423182,-69.711
2026-07-14T01:54:48.008584+00:00,1419424647,-69.696
2026-07-14T01:54:48.008584+00:00,1419426112,-69.653
2026-07-14T01:54:48.008584+00:00,1419427577,-69.711
2026-07-14T01:54:48.008584+00:00,1419429042,-69.751
2026-07-14T01:54:48.008584+00:00,1419430507,-69.689
2026-07-14T01:54:48.008584+00:00,1419431971,-69.688
2026-07-14T01:54:48.008584+00:00,1419433436,-69.633
2026-07-14T01:54:48.008584+00:00,1419434901,-69.597
2026-07-14T01:54:48.008584+00:00,1419436366,-69.65
2026-07-14T01:54:48.008584+00:00,1419437831,-69.615
2026-07-14T01:54:48.008584+00:00,1419439296,-69.62
2026-07-14T01:54:48.008584+00:00,1419440760,-69.616
2026-07-14T01:54:48.008584+00:00,1419442225,-69.621
2026-07-14T01:54:48.008584+00:00,1419443690,-69.586
2026-07-14T01:54:48.008584+00:00,1419445155,-69.635
2026-07-14T01:54:48.008584+00:00,1419446620,-69.633
2026-07-14T01:54:48.008584+00:00,1419448085,-69.596
2026-07-14T01:54:48.008584+00:00,1419449550,-69.557
2026-07-14T01:54:48.008584+00:00,1419451014,-69.589
2026-07-14T01:54:48.008584+00:00,1419452479,-69.543
2026-07-14T01:54:48.008584+00:00,1419453944,-69.585
2026-07-14T01:54:48.008584+00:00,1419455409,-69.602
2026-07-14T01:54:48.008584+00:00,1419456874,-69.597
2026-07-14T01:54:48.008584+00:00,1419458339,-69.578
2026-07-14T01:54:48.008584+00:00,1419459803,-69.594
2026-07-14T01:54:48.008584+00:00,1419461268,-69.602
2026-07-14T01:54:48.008584+00:00,1419462733,-69.566
2026-07-14T01:54:48.008584+00:00,1419464198,-69.502
2026-07-14T01:54:48.008584+00:00,1419465663,-69.505
2026-07-14T01:54:48.008584+00:00,1419467128,-69.488
2026-07-14T01:54:48.008584+00:00,1419468592,-69.503
2026-07-14T01:54:48.008584+00:00,1419470057,-69.539
2026-07-14T01:54:48.008584+00:00,1419471522,-69.513
2026-07-14T01:54:48.008584+00:00,1419472987,-69.457
2026-07-14T01:54:48.008584+00:00,1419474452,-69.464
2026-07-14T01:54:48.008584+00:00,1419475917,-69.53
2026-07-14T01:54:48.008584+00:00,1419477382,-69.504
2026-07-14T01:54:48.008584+00:00,1419478846,-69.544
2026-07-14T01:54:48.008584+00:00,1419480311,-69.511
2026-07-14T01:54:48.008584+00:00,1419481776,-69.414
2026-07-14T01:54:48.008584+00:00,1419483241,-69.409
2026-07-14T01:54:48.008584+00:00,1419484706,-69.466
2026-07-14T01:54:48.008584+00:00,1419486171,-69.424
2026-07-14T01:54:48.008584+00:00,1419487635,-69.458
2026-07-14T01:54:48.008584+00:00,1419489100,-69.467
2026-07-14T01:54:48.008584+00:00,1419490565,-69.474
2026-07-14T01:54:48.008584+00:00,1419492030,-69.424
2026-07-14T01:54:48.008584+00:00,1419493495,-69.346
2026-07-14T01:54:48.008584+00:00,1419494960,-69.408
2026-07-14T01:54:48.008584+00:00,1419496425,-69.377
2026-07-14T01:54:48.008584+00:00,1419497889,-69.38
2026-07-14T01:54:48.008584+00:00,1419499354,-69.383
2026-07-14T01:54:48.008584+00:00,1419500819,-69.412
2026-07-14T01:54:48.008584+00:00,1419502284,-69.429
2026-07-14T01:54:48.008584+00:00,1419503749,-69.43
2026-07-14T01:54:48.008584+00:00,1419505214,-69.412
2026-07-14T01:54:48.008584+00:00,1419506678,-69.355
2026-07-14T01:54:48.008584+00:00,1419508143,-69.381
2026-07-14T01:54:48.008584+00:00,1419509608,-69.347
2026-07-14T01:54:48.008584+00:00,1419511073,-69.37
2026-07-14T01:54:48.008584+00:00,1419512538,-69.381
2026-07-14T01:54:48.008584+00:00,1419514003,-69.315
2026-07-14T01:54:48.008584+00:00,1419515467,-69.325
2026-07-14T01:54:48.008584+00:00,1419516932,-69.388
2026-07-14T01:54:48.008584+00:00,1419518397,-69.338
2026-07-14T01:54:48.008584+00:00,1419519862,-69.358
2026-07-14T01:54:48.008584+00:00,1419521327,-69.3
2026-07-14T01:54:48.008584+00:00,1419522792,-69.252
2026-07-14T01:54:48.008584+00:00,1419524257,-69.272
2026-07-14T01:54:48.008584+00:00,1419525721,-69.217
2026-07-14T01:54:48.008584+00:00,1419527186,-69.195
2026-07-14T01:54:48.008584+00:00,1419528651,-69.243
2026-07-14T01:54:48.008584+00:00,1419530116,-69.251
2026-07-14T01:54:48.008584+00:00,1419531581,-69.248
2026-07-14T01:54:48.008584+00:00,1419533046,-69.24
2026-07-14T01:54:48.008584+00:00,1419534510,-69.209
2026-07-14T01:54:48.008584+00:00,1419535975,-69.254
2026-07-14T01:54:48.008584+00:00,1419537440,-69.254
2026-07-14T01:54:48.008584+00:00,1419538905,-69.218
2026-07-14T01:54:48.008584+00:00,1419540370,-69.229
2026-07-14T01:54:48.008584+00:00,1419541835,-69.169
2026-07-14T01:54:48.008584+00:00,1419543300,-69.182
2026-07-14T01:54:48.008584+00:00,1419544764,-69.201
2026-07-14T01:54:48.008584+00:00,1419546229,-69.162
2026-07-14T01:54:48.008584+00:00,1419547694,-69.162
2026-07-14T01:54:48.008584+00:00,1419549159,-69.17
2026-07-14T01:54:48.008584+00:00,1419550624,-69.19
2026-07-14T01:54:48.008584+00:00,1419552089,-69.123
2026-07-14T01:54:48.008584+00:00,1419553553,-69.119
2026-07-14T01:54:48.008584+00:00,1419555018,-69.22
2026-07-14T01:54:48.008584+00:00,1419556483,-69.156
2026-07-14T01:54:48.008584+00:00,1419557948,-69.143
2026-07-14T01:54:48.008584+00:00,1419559413,-69.201
2026-07-14T01:54:48.008584+00:00,1419560878,-69.148
2026-07-14T01:54:48.008584+00:00,1419562342,-69.125
2026-07-14T01:54:48.008584+00:00,1419563807,-69.192
2026-07-14T01:54:48.008584+00:00,1419565272,-69.142
2026-07-14T01:54:48.008584+00:00,1419566737,-69.219
2026-07-14T01:54:48.008584+00:00,1419568202,-69.193
2026-07-14T01:54:48.008584+00:00,1419569667,-69.134
2026-07-14T01:54:48.008584+00:00,1419571132,-69.14
2026-07-14T01:54:48.008584+00:00,1419572596,-69.136
2026-07-14T01:54:48.008584+00:00,1419574061,-69.124
2026-07-14T01:54:48.008584+00:00,1419575526,-69.148
2026-07-14T01:54:48.008584+00:00,1419576991,-69.14
2026-07-14T01:54:48.008584+00:00,1419578456,-69.107
2026-07-14T01:54:48.008584+00:00,1419579921,-69.089
2026-07-14T01:54:48.008584+00:00,1419581385,-69.061
2026-07-14T01:54:48.008584+00:00,1419582850,-69.079
2026-07-14T01:54:48.008584+00:00,1419584315,-69.051
2026-07-14T01:54:48.008584+00:00,1419585780,-69.095
2026-07-14T01:54:48.008584+00:00,1419587245,-69.127
2026-07-14T01:54:48.008584+00:00,1419588710,-69.083
2026-07-14T01:54:48.008584+00:00,1419590175,-69.092
2026-07-14T01:54:48.008584+00:00,1419591639,-69.105
2026-07-14T01:54:48.008584+00:00,1419593104,-69.045
2026-07-14T01:54:48.008584+00:00,1419594569,-69.052
2026-07-14T01:54:48.008584+00:00,1419596034,-69.082
2026-07-14T01:54:48.008584+00:00,1419597499,-69.092
2026-07-14T01:54:48.008584+00:00,1419598964,-69.102
2026-07-14T01:54:48.008584+00:00,1419600428,-69.071
2026-07-14T01:54:48.008584+00:00,1419601893,-69.117
2026-07-14T01:54:48.008584+00:00,1419603358,-69.079
2026-07-14T01:54:48.008584+00:00,1419604823,-69.055
2026-07-14T01:54:48.008584+00:00,1419606288,-69.053
2026-07-14T01:54:48.008584+00:00,1419607753,-69.042
2026-07-14T01:54:48.008584+00:00,1419609217,-69.021
2026-07-14T01:54:48.008584+00:00,1419610682,-68.989
2026-07-14T01:54:48.008584+00:00,1419612147,-68.986
2026-07-14T01:54:48.008584+00:00,1419613612,-69.005
2026-07-14T01:54:48.008584+00:00,1419615077,-69.014
2026-07-14T01:54:48.008584+00:00,1419616542,-69.075
2026-07-14T01:54:48.008584+00:00,1419618007,-69.05
2026-07-14T01:54:48.008584+00:00,1419619471,-69.027
2026-07-14T01:54:48.008584+00:00,1419620936,-69.067
2026-07-14T01:54:48.008584+00:00,1419622401,-69.022
2026-07-14T01:54:48.008584+00:00,1419623866,-68.918
2026-07-14T01:54:48.008584+00:00,1419625331,-68.99
2026-07-14T01:54:48.008584+00:00,1419626796,-68.994
2026-07-14T01:54:48.008584+00:00,1419628260,-69.014
2026-07-14T01:54:48.008584+00:00,1419629725,-68.988
2026-07-14T01:54:48.008584+00:00,1419631190,-69.028
2026-07-14T01:54:48.008584+00:00,1419632655,-68.964
2026-07-14T01:54:48.008584+00:00,1419634120,-68.948
2026-07-14T01:54:48.008584+00:00,1419635585,-68.974
2026-07-14T01:54:48.008584+00:00,1419637050,-68.925
2026-07-14T01:54:48.008584+00:00,1419638514,-68.969
2026-07-14T01:54:48.008584+00:00,1419639979,-68.934
2026-07-14T01:54:48.008584+00:00,1419641444,-68.853
2026-07-14T01:54:48.008584+00:00,1419642909,-68.893
2026-07-14T01:54:48.008584+00:00,1419644374,-68.96
2026-07-14T01:54:48.008584+00:00,1419645839,-68.957
2026-07-14T01:54:48.008584+00:00,1419647303,-68.96
2026-07-14T01:54:48.008584+00:00,1419648768,-68.987
2026-07-14T01:54:48.008584+00:00,1419650233,-68.942
2026-07-14T01:54:48.008584+00:00,1419651698,-68.917
2026-07-14T01:54:48.008584+00:00,1419653163,-68.918
2026-07-14T01:54:48.008584+00:00,1419654628,-68.911
2026-07-14T01:54:48.008584+00:00,1419656092,-68.969
2026-07-14T01:54:48.008584+00:00,1419657557,-69.001
2026-07-14T01:54:48.008584+00:00,1419659022,-68.974
2026-07-14T01:54:48.008584+00:00,1419660487,-68.944
2026-07-14T01:54:48.008584+00:00,1419661952,-68.937
2026-07-14T01:54:48.008584+00:00,1419663417,-68.983
2026-07-14T01:54:48.008584+00:00,1419664882,-68.916
2026-07-14T01:54:48.008584+00:00,1419666346,-68.882
2026-07-14T01:54:48.008584+00:00,1419667811,-68.876
2026-07-14T01:54:48.008584+00:00,1419669276,-68.826
2026-07-14T01:54:48.008584+00:00,1419670741,-68.933
2026-07-14T01:54:48.008584+00:00,1419672206,-68.94
2026-07-14T01:54:48.008584+00:00,1419673671,-68.863
2026-07-14T01:54:48.008584+00:00,1419675135,-68.902
2026-07-14T01:54:48.008584+00:00,1419676600,-68.935
2026-07-14T01:54:48.008584+00:00,1419678065,-68.918
2026-07-14T01:54:48.008584+00:00,1419679530,-68.961
2026-07-14T01:54:48.008584+00:00,1419680995,-68.898
2026-07-14T01:54:48.008584+00:00,1419682460,-68.896
2026-07-14T01:54:48.008584+00:00,1419683925,-68.868
2026-07-14T01:54:48.008584+00:00,1419685389,-68.866
2026-07-14T01:54:48.008584+00:00,1419686854,-68.919
2026-07-14T01:54:48.008584+00:00,1419688319,-68.937
2026-07-14T01:54:48.008584+00:00,1419689784,-68.854
2026-07-14T01:54:48.008584+00:00,1419691249,-68.864
2026-07-14T01:54:48.008584+00:00,1419692714,-68.809
2026-07-14T01:54:48.008584+00:00,1419694178,-68.839
2026-07-14T01:54:48.008584+00:00,1419695643,-68.857
2026-07-14T01:54:48.008584+00:00,1419697108,-68.872
2026-07-14T01:54:48.008584+00:00,1419698573,-68.818
2026-07-14T01:54:48.008584+00:00,1419700038,-68.883
2026-07-14T01:54:48.008584+00:00,1419701503,-68.74
2026-07-14T01:54:48.008584+00:00,1419702967,-68.82
2026-07-14T01:54:48.008584+00:00,1419704432,-68.807
2026-07-14T01:54:48.008584+00:00,1419705897,-68.8
2026-07-14T01:54:48.008584+00:00,1419707362,-68.766
2026-07-14T01:54:48.008584+00:00,1419708827,-68.842
2026-07-14T01:54:48.008584+00:00,1419710292,-68.841
2026-07-14T01:54:48.008584+00:00,1419711757,-68.778
2026-07-14T01:54:48.008584+00:00,1419713221,-68.803
2026-07-14T01:54:48.008584+00:00,1419714686,-68.796
2026-07-14T01:54:48.008584+00:00,1419716151,-68.863
2026-07-14T01:54:48.008584+00:00,1419717616,-68.82
2026-07-14T01:54:48.008584+00:00,1419719081,-68.856
2026-07-14T01:54:48.008584+00:00,1419720546,-68.854
2026-07-14T01:54:48.008584+00:00,1419722010,-68.804
2026-07-14T01:54:48.008584+00:00,1419723475,-68.873
2026-07-14T01:54:48.008584+00:00,1419724940,-68.858
2026-07-14T01:54:48.008584+00:00,1419726405,-68.791
2026-07-14T01:54:48.008584+00:00,1419727870,-68.746
2026-07-14T01:54:48.008584+00:00,1419729335,-68.817
2026-07-14T01:54:48.008584+00:00,1419730800,-68.871
2026-07-14T01:54:48.008584+00:00,1419732264,-68.864
2026-07-14T01:54:48.008584+00:00,1419733729,-68.818
2026-07-14T01:54:48.008584+00:00,1419735194,-68.784
2026-07-14T01:54:48.008584+00:00,1419736659,-68.799
2026-07-14T01:54:48.008584+00:00,1419738124,-68.831
2026-07-14T01:54:48.008584+00:00,1419739589,-68.775
2026-07-14T01:54:48.008584+00:00,1419741053,-68.762
2026-07-14T01:54:48.008584+00:00,1419742518,-68.727
2026-07-14T01:54:48.008584+00:00,1419743983,-68.762
2026-07-14T01:54:48.008584+00:00,1419745448,-68.776
2026-07-14T01:54:48.008584+00:00,1419746913,-68.749
2026-07-14T01:54:48.008584+00:00,1419748378,-68.759
2026-07-14T01:54:48.008584+00:00,1419749842,-68.755
2026-07-14T01:54:48.008584+00:00,1419751307,-68.81
2026-07-14T01:54:48.008584+00:00,1419752772,-68.791
2026-07-14T01:54:48.008584+00:00,1419754237,-68.811
2026-07-14T01:54:48.008584+00:00,1419755702,-68.803
2026-07-14T01:54:48.008584+00:00,1419757167,-68.775
2026-07-14T01:54:48.008584+00:00,1419758632,-68.759
2026-07-14T01:54:48.008584+00:00,1419760096,-68.801
2026-07-14T01:54:48.008584+00:00,1419761561,-68.77
2026-07-14T01:54:48.008584+00:00,1419763026,-68.801
2026-07-14T01:54:48.008584+00:00,1419764491,-68.799
2026-07-14T01:54:48.008584+00:00,1419765956,-68.79
2026-07-14T01:54:48.008584+00:00,1419767421,-68.764
2026-07-14T01:54:48.008584+00:00,1419768885,-68.748
2026-07-14T01:54:48.008584+00:00,1419770350,-68.706
2026-07-14T01:54:48.008584+00:00,1419771815,-68.717
2026-07-14T01:54:48.008584+00:00,1419773280,-68.722
2026-07-14T01:54:48.008584+00:00,1419774745,-68.698
2026-07-14T01:54:48.008584+00:00,1419776210,-68.72
2026-07-14T01:54:48.008584+00:00,1419777675,-68.758
2026-07-14T01:54:48.008584+00:00,1419779139,-68.756
2026-07-14T01:54:48.008584+00:00,1419780604,-68.738
2026-07-14T01:54:48.008584+00:00,1419782069,-68.662
2026-07-14T01:54:48.008584+00:00,1419783534,-68.768
2026-07-14T01:54:48.008584+00:00,1419784999,-68.735
2026-07-14T01:54:48.008584+00:00,1419786464,-68.781
2026-07-14T01:54:48.008584+00:00,1419787928,-68.743
2026-07-14T01:54:48.008584+00:00,1419789393,-68.727
2026-07-14T01:54:48.008584+00:00,1419790858,-68.674
2026-07-14T01:54:48.008584+00:00,1419792323,-68.789
2026-07-14T01:54:48.008584+00:00,1419793788,-68.735
2026-07-14T01:54:48.008584+00:00,1419795253,-68.714
2026-07-14T01:54:48.008584+00:00,1419796717,-68.753
2026-07-14T01:54:48.008584+00:00,1419798182,-68.723
2026-07-14T01:54:48.008584+00:00,1419799647,-68.664
2026-07-14T01:54:48.008584+00:00,1419801112,-68.742
2026-07-14T01:54:48.008584+00:00,1419802577,-68.732
2026-07-14T01:54:48.008584+00:00,1419804042,-68.756
2026-07-14T01:54:48.008584+00:00,1419805507,-68.715
2026-07-14T01:54:48.008584+00:00,1419806971,-68.73
2026-07-14T01:54:48.008584+00:00,1419808436,-68.7
2026-07-14T01:54:48.008584+00:00,1419809901,-68.721
2026-07-14T01:54:48.008584+00:00,1419811366,-68.696
2026-07-14T01:54:48.008584+00:00,1419812831,-68.736
2026-07-14T01:54:48.008584+00:00,1419814296,-68.688
2026-07-14T01:54:48.008584+00:00,1419815760,-68.69
2026-07-14T01:54:48.008584+00:00,1419817225,-68.692
2026-07-14T01:54:48.008584+00:00,1419818690,-68.687
2026-07-14T01:54:48.008584+00:00,1419820155,-68.753
2026-07-14T01:54:48.008584+00:00,1419821620,-68.762
2026-07-14T01:54:48.008584+00:00,1419823085,-68.782
2026-07-14T01:54:48.008584+00:00,1419824550,-68.742
2026-07-14T01:54:48.008584+00:00,1419826014,-68.739
2026-07-14T01:54:48.008584+00:00,1419827479,-68.657
2026-07-14T01:54:48.008584+00:00,1419828944,-68.686
2026-07-14T01:54:48.008584+00:00,1419830409,-68.685
2026-07-14T01:54:48.008584+00:00,1419831874,-68.713
2026-07-14T01:54:48.008584+00:00,1419833339,-68.662
2026-07-14T01:54:48.008584+00:00,1419834803,-68.61
2026-07-14T01:54:48.008584+00:00,1419836268,-68.692
2026-07-14T01:54:48.008584+00:00,1419837733,-68.678
2026-07-14T01:54:48.008584+00:00,1419839198,-68.662
2026-07-14T01:54:48.008584+00:00,1419840663,-68.696
2026-07-14T01:54:48.008584+00:00,1419842128,-68.678
2026-07-14T01:54:48.008584+00:00,1419843592,-68.687
2026-07-14T01:54:48.008584+00:00,1419845057,-68.651
2026-07-14T01:54:48.008584+00:00,1419846522,-68.641
2026-07-14T01:54:48.008584+00:00,1419847987,-68.712
2026-07-14T01:54:48.008584+00:00,1419849452,-68.691
2026-07-14T01:54:48.008584+00:00,1419850917,-68.71
2026-07-14T01:54:48.008584+00:00,1419852382,-68.717
2026-07-14T01:54:48.008584+00:00,1419853846,-68.666
2026-07-14T01:54:48.008584+00:00,1419855311,-68.748
2026-07-14T01:54:48.008584+00:00,1419856776,-68.744
2026-07-14T01:54:48.008584+00:00,1419858241,-68.731
2026-07-14T01:54:48.008584+00:00,1419859706,-68.749
2026-07-14T01:54:48.008584+00:00,1419861171,-68.668
2026-07-14T01:54:48.008584+00:00,1419862635,-68.685
2026-07-14T01:54:48.008584+00:00,1419864100,-68.673
2026-07-14T01:54:48.008584+00:00,1419865565,-68.684
2026-07-14T01:54:48.008584+00:00,1419867030,-68.729
2026-07-14T01:54:48.008584+00:00,1419868495,-68.694
2026-07-14T01:54:48.008584+00:00,1419869960,-68.675
2026-07-14T01:54:48.008584+00:00,1419871425,-68.677
2026-07-14T01:54:48.008584+00:00,1419872889,-68.708
2026-07-14T01:54:48.008584+00:00,1419874354,-68.663
2026-07-14T01:54:48.008584+00:00,1419875819,-68.684
2026-07-14T01:54:48.008584+00:00,1419877284,-68.727
2026-07-14T01:54:48.008584+00:00,1419878749,-68.703
2026-07-14T01:54:48.008584+00:00,1419880214,-68.703
2026-07-14T01:54:48.008584+00:00,1419881678,-68.727
2026-07-14T01:54:48.008584+00:00,1419883143,-68.722
2026-07-14T01:54:48.008584+00:00,1419884608,-68.7
2026-07-14T01:54:48.008584+00:00,1419886073,-68.626
2026-07-14T01:54:48.008584+00:00,1419887538,-68.676
2026-07-14T01:54:48.008584+00:00,1419889003,-68.658
2026-07-14T01:54:48.008584+00:00,1419890467,-68.659
2026-07-14T01:54:48.008584+00:00,1419891932,-68.683
2026-07-14T01:54:48.008584+00:00,1419893397,-68.68
2026-07-14T01:54:48.008584+00:00,1419894862,-68.661
2026-07-14T01:54:48.008584+00:00,1419896327,-68.733
2026-07-14T01:54:48.008584+00:00,1419897792,-68.732
2026-07-14T01:54:48.008584+00:00,1419899257,-68.664
2026-07-14T01:54:48.008584+00:00,1419900721,-68.668
2026-07-14T01:54:48.008584+00:00,1419902186,-68.723
2026-07-14T01:54:48.008584+00:00,1419903651,-68.716
2026-07-14T01:54:48.008584+00:00,1419905116,-68.72
2026-07-14T01:54:48.008584+00:00,1419906581,-68.746
2026-07-14T01:54:48.008584+00:00,1419908046,-68.741
2026-07-14T01:54:48.008584+00:00,1419909510,-68.747
2026-07-14T01:54:48.008584+00:00,1419910975,-68.719
2026-07-14T01:54:48.008584+00:00,1419912440,-68.745
2026-07-14T01:54:48.008584+00:00,1419913905,-68.679
2026-07-14T01:54:48.008584+00:00,1419915370,-68.659
2026-07-14T01:54:48.008584+00:00,1419916835,-68.702
2026-07-14T01:54:48.008584+00:00,1419918300,-68.714
2026-07-14T01:54:48.008584+00:00,1419919764,-68.758
2026-07-14T01:54:48.008584+00:00,1419921229,-68.789
2026-07-14T01:54:48.008584+00:00,1419922694,-68.766
2026-07-14T01:54:48.008584+00:00,1419924159,-68.789
2026-07-14T01:54:48.008584+00:00,1419925624,-68.763
2026-07-14T01:54:48.008584+00:00,1419927089,-68.709
2026-07-14T01:54:48.008584+00:00,1419928553,-68.736
2026-07-14T01:54:48.008584+00:00,1419930018,-68.693
2026-07-14T01:54:48.008584+00:00,1419931483,-68.716
2026-07-14T01:54:48.008584+00:00,1419932948,-68.678
2026-07-14T01:54:48.008584+00:00,1419934413,-68.7
2026-07-14T01:54:48.008584+00:00,1419935878,-68.678
2026-07-14T01:54:48.008584+00:00,1419937342,-68.751
2026-07-14T01:54:48.008584+00:00,1419938807,-68.744
2026-07-14T01:54:48.008584+00:00,1419940272,-68.748
2026-07-14T01:54:48.008584+00:00,1419941737,-68.693
2026-07-14T01:54:48.008584+00:00,1419943202,-68.725
2026-07-14T01:54:48.008584+00:00,1419944667,-68.683
2026-07-14T01:54:48.008584+00:00,1419946132,-68.635
2026-07-14T01:54:48.008584+00:00,1419947596,-68.766
2026-07-14T01:54:48.008584+00:00,1419949061,-68.79
2026-07-14T01:54:48.008584+00:00,1419950526,-68.656
2026-07-14T01:54:48.008584+00:00,1419951991,-68.743
2026-07-14T01:54:48.008584+00:00,1419953456,-68.752
2026-07-14T01:54:48.008584+00:00,1419954921,-68.77
2026-07-14T01:54:48.008584+00:00,1419956385,-68.77
2026-07-14T01:54:48.008584+00:00,1419957850,-68.738
2026-07-14T01:54:48.008584+00:00,1419959315,-68.732
2026-07-14T01:54:48.008584+00:00,1419960780,-68.724
2026-07-14T01:54:48.008584+00:00,1419962245,-68.683
2026-07-14T01:54:48.008584+00:00,1419963710,-68.703
2026-07-14T01:54:48.008584+00:00,1419965175,-68.694
2026-07-14T01:54:48.008584+00:00,1419966639,-68.705
2026-07-14T01:54:48.008584+00:00,1419968104,-68.753
2026-07-14T01:54:48.008584+00:00,1419969569,-68.803
2026-07-14T01:54:48.008584+00:00,1419971034,-68.721
2026-07-14T01:54:48.008584+00:00,1419972499,-68.745
2026-07-14T01:54:48.008584+00:00,1419973964,-68.806
2026-07-14T01:54:48.008584+00:00,1419975428,-68.736
2026-07-14T01:54:48.008584+00:00,1419976893,-68.739
2026-07-14T01:54:48.008584+00:00,1419978358,-68.826
2026-07-14T01:54:48.008584+00:00,1419979823,-68.757
2026-07-14T01:54:48.008584+00:00,1419981288,-68.74
2026-07-14T01:54:48.008584+00:00,1419982753,-68.762
2026-07-14T01:54:48.008584+00:00,1419984217,-68.814
2026-07-14T01:54:48.008584+00:00,1419985682,-68.778
2026-07-14T01:54:48.008584+00:00,1419987147,-68.746
2026-07-14T01:54:48.008584+00:00,1419988612,-68.748
2026-07-14T01:54:48.008584+00:00,1419990077,-68.743
2026-07-14T01:54:48.008584+00:00,1419991542,-68.783
2026-07-14T01:54:48.008584+00:00,1419993007,-68.769
2026-07-14T01:54:48.008584+00:00,1419994471,-68.739
2026-07-14T01:54:48.008584+00:00,1419995936,-68.724
2026-07-14T01:54:48.008584+00:00,1419997401,-68.733
2026-07-14T01:54:48.008584+00:00,1419998866,-68.728
2026-07-14T01:54:48.008584+00:00,1420000331,-68.777
2026-07-14T01:54:48.008584+00:00,1420001796,-68.736
2026-07-14T01:54:48.008584+00:00,1420003260,-68.813
2026-07-14T01:54:48.008584+00:00,1420004725,-68.824
2026-07-14T01:54:48.008584+00:00,1420006190,-68.817
2026-07-14T01:54:48.008584+00:00,1420007655,-68.792
2026-07-14T01:54:48.008584+00:00,1420009120,-68.802
2026-07-14T01:54:48.008584+00:00,1420010585,-68.76
2026-07-14T01:54:48.008584+00:00,1420012050,-68.706
2026-07-14T01:54:48.008584+00:00,1420013514,-68.773
2026-07-14T01:54:48.008584+00:00,1420014979,-68.784
2026-07-14T01:54:48.008584+00:00,1420016444,-68.761
2026-07-14T01:54:48.008584+00:00,1420017909,-68.78
2026-07-14T01:54:48.008584+00:00,1420019374,-68.766
2026-07-14T01:54:48.008584+00:00,1420020839,-68.702
2026-07-14T01:54:48.008584+00:00,1420022303,-68.856
2026-07-14T01:54:48.008584+00:00,1420023768,-68.829
2026-07-14T01:54:48.008584+00:00,1420025233,-68.764
2026-07-14T01:54:48.008584+00:00,1420026698,-68.779
2026-07-14T01:54:48.008584+00:00,1420028163,-68.788
2026-07-14T01:54:48.008584+00:00,1420029628,-68.781
2026-07-14T01:54:48.008584+00:00,1420031092,-68.751
2026-07-14T01:54:48.008584+00:00,1420032557,-68.785
2026-07-14T01:54:48.008584+00:00,1420034022,-68.733
2026-07-14T01:54:48.008584+00:00,1420035487,-68.74
2026-07-14T01:54:48.008584+00:00,1420036952,-68.707
2026-07-14T01:54:48.008584+00:00,1420038417,-68.748
2026-07-14T01:54:48.008584+00:00,1420039882,-68.734
2026-07-14T01:54:48.008584+00:00,1420041346,-68.711
2026-07-14T01:54:48.008584+00:00,1420042811,-68.74
2026-07-14T01:54:48.008584+00:00,1420044276,-68.764
2026-07-14T01:54:48.008584+00:00,1420045741,-68.745
2026-07-14T01:54:48.008584+00:00,1420047206,-68.805
2026-07-14T01:54:48.008584+00:00,1420048671,-68.789
2026-07-14T01:54:48.008584+00:00,1420050135,-68.741
2026-07-14T01:54:48.008584+00:00,1420051600,-68.743
2026-07-14T01:54:48.008584+00:00,1420053065,-68.804
2026-07-14T01:54:48.008584+00:00,1420054530,-68.708
2026-07-14T01:54:48.008584+00:00,1420055995,-68.754
2026-07-14T01:54:48.008584+00:00,1420057460,-68.731
2026-07-14T01:54:48.008584+00:00,1420058925,-68.717
2026-07-14T01:54:48.008584+00:00,1420060389,-68.712
2026-07-14T01:54:48.008584+00:00,1420061854,-68.732
2026-07-14T01:54:48.008584+00:00,1420063319,-68.732
2026-07-14T01:54:48.008584+00:00,1420064784,-68.704
2026-07-14T01:54:48.008584+00:00,1420066249,-68.732
2026-07-14T01:54:48.008584+00:00,1420067714,-68.758
2026-07-14T01:54:48.008584+00:00,1420069178,-68.702
2026-07-14T01:54:48.008584+00:00,1420070643,-68.693
2026-07-14T01:54:48.008584+00:00,1420072108,-68.747
2026-07-14T01:54:48.008584+00:00,1420073573,-68.741
2026-07-14T01:54:48.008584+00:00,1420075038,-68.749
2026-07-14T01:54:48.008584+00:00,1420076503,-68.768
2026-07-14T01:54:48.008584+00:00,1420077967,-68.752
2026-07-14T01:54:48.008584+00:00,1420079432,-68.689
2026-07-14T01:54:48.008584+00:00,1420080897,-68.739
2026-07-14T01:54:48.008584+00:00,1420082362,-68.75
2026-07-14T01:54:48.008584+00:00,1420083827,-68.739
2026-07-14T01:54:48.008584+00:00,1420085292,-68.735
2026-07-14T01:54:48.008584+00:00,1420086757,-68.804
2026-07-14T01:54:48.008584+00:00,1420088221,-68.745
2026-07-14T01:54:48.008584+00:00,1420089686,-68.776
2026-07-14T01:54:48.008584+00:00,1420091151,-68.746
2026-07-14T01:54:48.008584+00:00,1420092616,-68.75
2026-07-14T01:54:48.008584+00:00,1420094081,-68.733
2026-07-14T01:54:48.008584+00:00,1420095546,-68.699
2026-07-14T01:54:48.008584+00:00,1420097010,-68.688
2026-07-14T01:54:48.008584+00:00,1420098475,-68.747
2026-07-14T01:54:48.008584+00:00,1420099940,-68.807
2026-07-14T01:54:48.008584+00:00,1420101405,-68.76
2026-07-14T01:54:48.008584+00:00,1420102870,-68.72
2026-07-14T01:54:48.008584+00:00,1420104335,-68.721
2026-07-14T01:54:48.008584+00:00,1420105800,-68.765
2026-07-14T01:54:48.008584+00:00,1420107264,-68.733
2026-07-14T01:54:48.008584+00:00,1420108729,-68.73
2026-07-14T01:54:48.008584+00:00,1420110194,-68.753
2026-07-14T01:54:48.008584+00:00,1420111659,-68.773
2026-07-14T01:54:48.008584+00:00,1420113124,-68.752
2026-07-14T01:54:48.008584+00:00,1420114589,-68.722
2026-07-14T01:54:48.008584+00:00,1420116053,-68.782
2026-07-14T01:54:48.008584+00:00,1420117518,-68.827
2026-07-14T01:54:48.008584+00:00,1420118983,-68.815
2026-07-14T01:54:48.008584+00:00,1420120448,-68.765
2026-07-14T01:54:48.008584+00:00,1420121913,-68.759
2026-07-14T01:54:48.008584+00:00,1420123378,-68.759
2026-07-14T01:54:48.008584+00:00,1420124842,-68.726
2026-07-14T01:54:48.008584+00:00,1420126307,-68.717
2026-07-14T01:54:48.008584+00:00,1420127772,-68.765
2026-07-14T01:54:48.008584+00:00,1420129237,-68.795
2026-07-14T01:54:48.008584+00:00,1420130702,-68.797
2026-07-14T01:54:48.008584+00:00,1420132167,-68.796
2026-07-14T01:54:48.008584+00:00,1420133632,-68.798
2026-07-14T01:54:48.008584+00:00,1420135096,-68.716
2026-07-14T01:54:48.008584+00:00,1420136561,-68.736
2026-07-14T01:54:48.008584+00:00,1420138026,-68.727
2026-07-14T01:54:48.008584+00:00,1420139491,-68.672
2026-07-14T01:54:48.008584+00:00,1420140956,-68.705
2026-07-14T01:54:48.008584+00:00,1420142421,-68.701
2026-07-14T01:54:48.008584+00:00,1420143885,-68.707
2026-07-14T01:54:48.008584+00:00,1420145350,-68.716
2026-07-14T01:54:48.008584+00:00,1420146815,-68.756
2026-07-14T01:54:48.008584+00:00,1420148280,-68.724
2026-07-14T01:54:48.008584+00:00,1420149745,-68.774
2026-07-14T01:54:48.008584+00:00,1420151210,-68.725
2026-07-14T01:54:48.008584+00:00,1420152675,-68.739
2026-07-14T01:54:48.008584+00:00,1420154139,-68.723
2026-07-14T01:54:48.008584+00:00,1420155604,-68.757
2026-07-14T01:54:48.008584+00:00,1420157069,-68.732
2026-07-14T01:54:48.008584+00:00,1420158534,-68.741
2026-07-14T01:54:48.008584+00:00,1420159999,-68.783
2026-07-14T01:54:48.008584+00:00,1420161464,-68.796
2026-07-14T01:54:48.008584+00:00,1420162928,-68.782
2026-07-14T01:54:48.008584+00:00,1420164393,-68.755
2026-07-14T01:54:48.008584+00:00,1420165858,-68.65
2026-07-14T01:54:48.008584+00:00,1420167323,-68.697
2026-07-14T01:54:48.008584+00:00,1420168788,-68.668
2026-07-14T01:54:48.008584+00:00,1420170253,-68.725
2026-07-14T01:54:48.008584+00:00,1420171717,-68.795
2026-07-14T01:54:48.008584+00:00,1420173182,-68.714
2026-07-14T01:54:48.008584+00:00,1420174647,-68.682
2026-07-14T01:54:48.008584+00:00,1420176112,-68.72
2026-07-14T01:54:48.008584+00:00,1420177577,-68.742
2026-07-14T01:54:48.008584+00:00,1420179042,-68.778
2026-07-14T01:54:48.008584+00:00,1420180507,-68.726
2026-07-14T01:54:48.008584+00:00,1420181971,-68.669
2026-07-14T01:54:48.008584+00:00,1420183436,-68.782
2026-07-14T01:54:48.008584+00:00,1420184901,-68.765
2026-07-14T01:54:48.008584+00:00,1420186366,-68.774
2026-07-14T01:54:48.008584+00:00,1420187831,-68.8
2026-07-14T01:54:48.008584+00:00,1420189296,-68.727
2026-07-14T01:54:48.008584+00:00,1420190760,-68.675
2026-07-14T01:54:48.008584+00:00,1420192225,-68.689
2026-07-14T01:54:48.008584+00:00,1420193690,-68.747
2026-07-14T01:54:48.008584+00:00,1420195155,-68.734
2026-07-14T01:54:48.008584+00:00,1420196620,-68.737
2026-07-14T01:54:48.008584+00:00,1420198085,-68.692
2026-07-14T01:54:48.008584+00:00,1420199550,-68.705
2026-07-14T01:54:48.008584+00:00,1420201014,-68.763
2026-07-14T01:54:48.008584+00:00,1420202479,-68.732
2026-07-14T01:54:48.008584+00:00,1420203944,-68.758
2026-07-14T01:54:48.008584+00:00,1420205409,-68.7
2026-07-14T01:54:48.008584+00:00,1420206874,-68.76
2026-07-14T01:54:48.008584+00:00,1420208339,-68.749
2026-07-14T01:54:48.008584+00:00,1420209803,-68.753
2026-07-14T01:54:48.008584+00:00,1420211268,-68.761
2026-07-14T01:54:48.008584+00:00,1420212733,-68.769
2026-07-14T01:54:48.008584+00:00,1420214198,-68.714
2026-07-14T01:54:48.008584+00:00,1420215663,-68.77
2026-07-14T01:54:48.008584+00:00,1420217128,-68.724
2026-07-14T01:54:48.008584+00:00,1420218592,-68.724
2026-07-14T01:54:48.008584+00:00,1420220057,-68.747
2026-07-14T01:54:48.008584+00:00,1420221522,-68.8
2026-07-14T01:54:48.008584+00:00,1420222987,-68.782
2026-07-14T01:54:48.008584+00:00,1420224452,-68.761
2026-07-14T01:54:48.008584+00:00,1420225917,-68.803
2026-07-14T01:54:48.008584+00:00,1420227382,-68.762
2026-07-14T01:54:48.008584+00:00,1420228846,-68.763
2026-07-14T01:54:48.008584+00:00,1420230311,-68.785
2026-07-14T01:54:48.008584+00:00,1420231776,-68.734
2026-07-14T01:54:48.008584+00:00,1420233241,-68.742
2026-07-14T01:54:48.008584+00:00,1420234706,-68.734
2026-07-14T01:54:48.008584+00:00,1420236171,-68.756
2026-07-14T01:54:48.008584+00:00,1420237635,-68.772
2026-07-14T01:54:48.008584+00:00,1420239100,-68.776
2026-07-14T01:54:48.008584+00:00,1420240565,-68.808
2026-07-14T01:54:48.008584+00:00,1420242030,-68.785
2026-07-14T01:54:48.008584+00:00,1420243495,-68.771
2026-07-14T01:54:48.008584+00:00,1420244960,-68.746
2026-07-14T01:54:48.008584+00:00,1420246425,-68.74
2026-07-14T01:54:48.008584+00:00,1420247889,-68.686
2026-07-14T01:54:48.008584+00:00,1420249354,-68.703
2026-07-14T01:54:48.008584+00:00,1420250819,-68.802
2026-07-14T01:54:48.008584+00:00,1420252284,-68.8
2026-07-14T01:54:48.008584+00:00,1420253749,-68.75
2026-07-14T01:54:48.008584+00:00,1420255214,-68.738
2026-07-14T01:54:48.008584+00:00,1420256678,-68.715
2026-07-14T01:54:48.008584+00:00,1420258143,-68.708
2026-07-14T01:54:48.008584+00:00,1420259608,-68.834
2026-07-14T01:54:48.008584+00:00,1420261073,-68.799
2026-07-14T01:54:48.008584+00:00,1420262538,-68.768
2026-07-14T01:54:48.008584+00:00,1420264003,-68.778
2026-07-14T01:54:48.008584+00:00,1420265467,-68.765
2026-07-14T01:54:48.008584+00:00,1420266932,-68.748
2026-07-14T01:54:48.008584+00:00,1420268397,-68.791
2026-07-14T01:54:48.008584+00:00,1420269862,-68.796
2026-07-14T01:54:48.008584+00:00,1420271327,-68.837
2026-07-14T01:54:48.008584+00:00,1420272792,-68.786
2026-07-14T01:54:48.008584+00:00,1420274257,-68.798
2026-07-14T01:54:48.008584+00:00,1420275721,-68.835
2026-07-14T01:54:48.008584+00:00,1420277186,-68.731
2026-07-14T01:54:48.008584+00:00,1420278651,-68.785
2026-07-14T01:54:48.008584+00:00,1420280116,-68.841
2026-07-14T01:54:48.008584+00:00,1420281581,-68.759
2026-07-14T01:54:48.008584+00:00,1420283046,-68.746
2026-07-14T01:54:48.008584+00:00,1420284510,-68.805
2026-07-14T01:54:48.008584+00:00,1420285975,-68.767
2026-07-14T01:54:48.008584+00:00,1420287440,-68.744
2026-07-14T01:54:48.008584+00:00,1420288905,-68.815
2026-07-14T01:54:48.008584+00:00,1420290370,-68.808
2026-07-14T01:54:48.008584+00:00,1420291835,-68.756
2026-07-14T01:54:48.008584+00:00,1420293300,-68.76
2026-07-14T01:54:48.008584+00:00,1420294764,-68.796
2026-07-14T01:54:48.008584+00:00,1420296229,-68.788
2026-07-14T01:54:48.008584+00:00,1420297694,-68.844
2026-07-14T01:54:48.008584+00:00,1420299159,-68.804
2026-07-14T01:54:48.008584+00:00,1420300624,-68.764
2026-07-14T01:54:48.008584+00:00,1420302089,-68.859
2026-07-14T01:54:48.008584+00:00,1420303553,-68.884
2026-07-14T01:54:48.008584+00:00,1420305018,-68.824
2026-07-14T01:54:48.008584+00:00,1420306483,-68.808
2026-07-14T01:54:48.008584+00:00,1420307948,-68.785
2026-07-14T01:54:48.008584+00:00,1420309413,-68.79
2026-07-14T01:54:48.008584+00:00,1420310878,-68.748
2026-07-14T01:54:48.008584+00:00,1420312342,-68.835
2026-07-14T01:54:48.008584+00:00,1420313807,-68.794
2026-07-14T01:54:48.008584+00:00,1420315272,-68.743
2026-07-14T01:54:48.008584+00:00,1420316737,-68.819
2026-07-14T01:54:48.008584+00:00,1420318202,-68.838
2026-07-14T01:54:48.008584+00:00,1420319667,-68.826
2026-07-14T01:54:48.008584+00:00,1420321132,-68.911
2026-07-14T01:54:48.008584+00:00,1420322596,-68.886
2026-07-14T01:54:48.008584+00:00,1420324061,-68.853
2026-07-14T01:54:48.008584+00:00,1420325526,-68.82
2026-07-14T01:54:48.008584+00:00,1420326991,-68.856
2026-07-14T01:54:48.008584+00:00,1420328456,-68.884
2026-07-14T01:54:48.008584+00:00,1420329921,-68.812
2026-07-14T01:54:48.008584+00:00,1420331385,-68.791
2026-07-14T01:54:48.008584+00:00,1420332850,-68.875
2026-07-14T01:54:48.008584+00:00,1420334315,-68.864
2026-07-14T01:54:48.008584+00:00,1420335780,-68.793
2026-07-14T01:54:48.008584+00:00,1420337245,-68.853
2026-07-14T01:54:48.008584+00:00,1420338710,-68.889
2026-07-14T01:54:48.008584+00:00,1420340175,-68.895
2026-07-14T01:54:48.008584+00:00,1420341639,-68.887
2026-07-14T01:54:48.008584+00:00,1420343104,-68.87
2026-07-14T01:54:48.008584+00:00,1420344569,-68.897
2026-07-14T01:54:48.008584+00:00,1420346034,-68.878
2026-07-14T01:54:48.008584+00:00,1420347499,-68.828
2026-07-14T01:54:48.008584+00:00,1420348964,-68.894
2026-07-14T01:54:48.008584+00:00,1420350428,-68.858
2026-07-14T01:54:48.008584+00:00,1420351893,-68.877
2026-07-14T01:54:48.008584+00:00,1420353358,-68.906
2026-07-14T01:54:48.008584+00:00,1420354823,-68.945
2026-07-14T01:54:48.008584+00:00,1420356288,-68.989
2026-07-14T01:54:48.008584+00:00,1420357753,-68.821
2026-07-14T01:54:48.008584+00:00,1420359217,-68.828
2026-07-14T01:54:48.008584+00:00,1420360682,-68.924
2026-07-14T01:54:48.008584+00:00,1420362147,-68.93
2026-07-14T01:54:48.008584+00:00,1420363612,-68.914
2026-07-14T01:54:48.008584+00:00,1420365077,-68.907
2026-07-14T01:54:48.008584+00:00,1420366542,-68.807
2026-07-14T01:54:48.008584+00:00,1420368007,-68.842
2026-07-14T01:54:48.008584+00:00,1420369471,-68.887
2026-07-14T01:54:48.008584+00:00,1420370936,-68.825
2026-07-14T01:54:48.008584+00:00,1420372401,-68.882
2026-07-14T01:54:48.008584+00:00,1420373866,-68.914
2026-07-14T01:54:48.008584+00:00,1420375331,-68.938
2026-07-14T01:54:48.008584+00:00,1420376796,-68.975
2026-07-14T01:54:48.008584+00:00,1420378260,-68.927
2026-07-14T01:54:48.008584+00:00,1420379725,-68.925
2026-07-14T01:54:48.008584+00:00,1420381190,-68.912
2026-07-14T01:54:48.008584+00:00,1420382655,-68.944
2026-07-14T01:54:48.008584+00:00,1420384120,-68.912
2026-07-14T01:54:48.008584+00:00,1420385585,-68.836
2026-07-14T01:54:48.008584+00:00,1420387050,-68.854
2026-07-14T01:54:48.008584+00:00,1420388514,-68.852
2026-07-14T01:54:48.008584+00:00,1420389979,-68.87
2026-07-14T01:54:48.008584+00:00,1420391444,-68.891
2026-07-14T01:54:48.008584+00:00,1420392909,-68.822
2026-07-14T01:54:48.008584+00:00,1420394374,-68.854
2026-07-14T01:54:48.008584+00:00,1420395839,-68.923
2026-07-14T01:54:48.008584+00:00,1420397303,-68.966
2026-07-14T01:54:48.008584+00:00,1420398768,-68.975
2026-07-14T01:54:48.008584+00:00,1420400233,-69.003
2026-07-14T01:54:48.008584+00:00,1420401698,-68.964
2026-07-14T01:54:48.008584+00:00,1420403163,-68.934
2026-07-14T01:54:48.008584+00:00,1420404628,-68.909
2026-07-14T01:54:48.008584+00:00,1420406092,-68.981
2026-07-14T01:54:48.008584+00:00,1420407557,-68.923
2026-07-14T01:54:48.008584+00:00,1420409022,-68.915
2026-07-14T01:54:48.008584+00:00,1420410487,-68.945
2026-07-14T01:54:48.008584+00:00,1420411952,-68.976
2026-07-14T01:54:48.008584+00:00,1420413417,-68.904
2026-07-14T01:54:48.008584+00:00,1420414882,-68.887
2026-07-14T01:54:48.008584+00:00,1420416346,-68.903
2026-07-14T01:54:48.008584+00:00,1420417811,-68.965
2026-07-14T01:54:48.008584+00:00,1420419276,-68.925
2026-07-14T01:54:48.008584+00:00,1420420741,-68.858
2026-07-14T01:54:48.008584+00:00,1420422206,-68.924
2026-07-14T01:54:48.008584+00:00,1420423671,-68.981
2026-07-14T01:54:48.008584+00:00,1420425135,-68.982
2026-07-14T01:54:48.008584+00:00,1420426600,-68.93
2026-07-14T01:54:48.008584+00:00,1420428065,-68.92
2026-07-14T01:54:48.008584+00:00,1420429530,-68.986
2026-07-14T01:54:48.008584+00:00,1420430995,-68.964
2026-07-14T01:54:48.008584+00:00,1420432460,-68.967
2026-07-14T01:54:48.008584+00:00,1420433925,-68.94
2026-07-14T01:54:48.008584+00:00,1420435389,-68.896
2026-07-14T01:54:48.008584+00:00,1420436854,-68.96
2026-07-14T01:54:48.008584+00:00,1420438319,-68.933
2026-07-14T01:54:48.008584+00:00,1420439784,-68.962
2026-07-14T01:54:48.008584+00:00,1420441249,-68.981
2026-07-14T01:54:48.008584+00:00,1420442714,-68.916
2026-07-14T01:54:48.008584+00:00,1420444178,-68.972
2026-07-14T01:54:48.008584+00:00,1420445643,-68.953
2026-07-14T01:54:48.008584+00:00,1420447108,-68.953
2026-07-14T01:54:48.008584+00:00,1420448573,-68.938
2026-07-14T01:54:48.008584+00:00,1420450038,-68.95
2026-07-14T01:54:48.008584+00:00,1420451503,-68.92
2026-07-14T01:54:48.008584+00:00,1420452967,-69.01
2026-07-14T01:54:48.008584+00:00,1420454432,-68.943
2026-07-14T01:54:48.008584+00:00,1420455897,-68.953
2026-07-14T01:54:48.008584+00:00,1420457362,-68.907
2026-07-14T01:54:48.008584+00:00,1420458827,-68.949
2026-07-14T01:54:48.008584+00:00,1420460292,-69.005
2026-07-14T01:54:48.008584+00:00,1420461757,-68.999
2026-07-14T01:54:48.008584+00:00,1420463221,-69.029
2026-07-14T01:54:48.008584+00:00,1420464686,-69.017
2026-07-14T01:54:48.008584+00:00,1420466151,-69.005
2026-07-14T01:54:48.008584+00:00,1420467616,-69.027
2026-07-14T01:54:48.008584+00:00,1420469081,-68.988
2026-07-14T01:54:48.008584+00:00,1420470546,-69.06
2026-07-14T01:54:48.008584+00:00,1420472010,-68.953
2026-07-14T01:54:48.008584+00:00,1420473475,-68.919
2026-07-14T01:54:48.008584+00:00,1420474940,-68.881
2026-07-14T01:54:48.008584+00:00,1420476405,-68.978
2026-07-14T01:54:48.008584+00:00,1420477870,-68.975
2026-07-14T01:54:48.008584+00:00,1420479335,-68.945
2026-07-14T01:54:48.008584+00:00,1420480800,-68.978
2026-07-14T01:54:48.008584+00:00,1420482264,-69.003
2026-07-14T01:54:48.008584+00:00,1420483729,-68.986
2026-07-14T01:54:48.008584+00:00,1420485194,-69.019
2026-07-14T01:54:48.008584+00:00,1420486659,-68.973
2026-07-14T01:54:48.008584+00:00,1420488124,-69.004
2026-07-14T01:54:48.008584+00:00,1420489589,-69.054
2026-07-14T01:54:48.008584+00:00,1420491053,-69.008
2026-07-14T01:54:48.008584+00:00,1420492518,-68.956
2026-07-14T01:54:48.008584+00:00,1420493983,-68.989
2026-07-14T01:54:48.008584+00:00,1420495448,-68.949
2026-07-14T01:54:48.008584+00:00,1420496913,-68.928
2026-07-14T01:54:48.008584+00:00,1420498378,-68.94
2026-07-14T01:54:48.008584+00:00,1420499842,-68.987
2026-07-14T01:54:48.008584+00:00,1420501307,-69.026
2026-07-14T01:54:48.008584+00:00,1420502772,-69.026
2026-07-14T01:54:48.008584+00:00,1420504237,-68.985
2026-07-14T01:54:48.008584+00:00,1420505702,-68.995
2026-07-14T01:54:48.008584+00:00,1420507167,-68.996
2026-07-14T01:54:48.008584+00:00,1420508632,-68.988
2026-07-14T01:54:48.008584+00:00,1420510096,-68.992
2026-07-14T01:54:48.008584+00:00,1420511561,-69.04
2026-07-14T01:54:48.008584+00:00,1420513026,-69.004
2026-07-14T01:54:48.008584+00:00,1420514491,-68.958
2026-07-14T01:54:48.008584+00:00,1420515956,-69.015
2026-07-14T01:54:48.008584+00:00,1420517421,-69.02
2026-07-14T01:54:48.008584+00:00,1420518885,-68.989
2026-07-14T01:54:48.008584+00:00,1420520350,-68.986
2026-07-14T01:54:48.008584+00:00,1420521815,-69.011
2026-07-14T01:54:48.008584+00:00,1420523280,-68.993
2026-07-14T01:54:48.008584+00:00,1420524745,-69.004
2026-07-14T01:54:48.008584+00:00,1420526210,-69.029
2026-07-14T01:54:48.008584+00:00,1420527675,-69.003
2026-07-14T01:54:48.008584+00:00,1420529139,-69.026
2026-07-14T01:54:48.008584+00:00,1420530604,-69.043
2026-07-14T01:54:48.008584+00:00,1420532069,-69.005
2026-07-14T01:54:48.008584+00:00,1420533534,-68.962
2026-07-14T01:54:48.008584+00:00,1420534999,-68.984
2026-07-14T01:54:48.008584+00:00,1420536464,-69.026
2026-07-14T01:54:48.008584+00:00,1420537928,-69.053
2026-07-14T01:54:48.008584+00:00,1420539393,-69.072
2026-07-14T01:54:48.008584+00:00,1420540858,-69.006
2026-07-14T01:54:48.008584+00:00,1420542323,-69.025
2026-07-14T01:54:48.008584+00:00,1420543788,-69.029
2026-07-14T01:54:48.008584+00:00,1420545253,-69.013
2026-07-14T01:54:48.008584+00:00,1420546717,-69.058
2026-07-14T01:54:48.008584+00:00,1420548182,-69.044
2026-07-14T01:54:48.008584+00:00,1420549647,-69.063
2026-07-14T01:54:48.008584+00:00,1420551112,-69.037
2026-07-14T01:54:48.008584+00:00,1420552577,-69.025
2026-07-14T01:54:48.008584+00:00,1420554042,-69.037
2026-07-14T01:54:48.008584+00:00,1420555507,-68.994
2026-07-14T01:54:48.008584+00:00,1420556971,-69.036
2026-07-14T01:54:48.008584+00:00,1420558436,-69.06
2026-07-14T01:54:48.008584+00:00,1420559901,-69.033
2026-07-14T01:54:48.008584+00:00,1420561366,-69.035
2026-07-14T01:54:48.008584+00:00,1420562831,-69.014
2026-07-14T01:54:48.008584+00:00,1420564296,-69.03
2026-07-14T01:54:48.008584+00:00,1420565760,-69.048
2026-07-14T01:54:48.008584+00:00,1420567225,-69.121
2026-07-14T01:54:48.008584+00:00,1420568690,-69.05
2026-07-14T01:54:48.008584+00:00,1420570155,-69.031
2026-07-14T01:54:48.008584+00:00,1420571620,-69.044
2026-07-14T01:54:48.008584+00:00,1420573085,-69.0
2026-07-14T01:54:48.008584+00:00,1420574550,-69.018
2026-07-14T01:54:48.008584+00:00,1420576014,-69.032
2026-07-14T01:54:48.008584+00:00,1420577479,-69.004
2026-07-14T01:54:48.008584+00:00,1420578944,-69.051
2026-07-14T01:54:48.008584+00:00,1420580409,-69.081
2026-07-14T01:54:48.008584+00:00,1420581874,-69.069
2026-07-14T01:54:48.008584+00:00,1420583339,-69.073
2026-07-14T01:54:48.008584+00:00,1420584803,-69.078
2026-07-14T01:54:48.008584+00:00,1420586268,-69.052
2026-07-14T01:54:48.008584+00:00,1420587733,-69.032
2026-07-14T01:54:48.008584+00:00,1420589198,-69.106
2026-07-14T01:54:48.008584+00:00,1420590663,-69.075
2026-07-14T01:54:48.008584+00:00,1420592128,-69.036
2026-07-14T01:54:48.008584+00:00,1420593592,-69.032
2026-07-14T01:54:48.008584+00:00,1420595057,-69.114
2026-07-14T01:54:48.008584+00:00,1420596522,-69.149
2026-07-14T01:54:48.008584+00:00,1420597987,-69.095
2026-07-14T01:54:48.008584+00:00,1420599452,-69.083
2026-07-14T01:54:48.008584+00:00,1420600917,-69.046
2026-07-14T01:54:48.008584+00:00,1420602382,-69.126
2026-07-14T01:54:48.008584+00:00,1420603846,-69.148
2026-07-14T01:54:48.008584+00:00,1420605311,-69.125
2026-07-14T01:54:48.008584+00:00,1420606776,-69.173
2026-07-14T01:54:48.008584+00:00,1420608241,-69.072
2026-07-14T01:54:48.008584+00:00,1420609706,-69.106
2026-07-14T01:54:48.008584+00:00,1420611171,-69.208
2026-07-14T01:54:48.008584+00:00,1420612635,-69.073
2026-07-14T01:54:48.008584+00:00,1420614100,-69.055
2026-07-14T01:54:48.008584+00:00,1420615565,-69.166
2026-07-14T01:54:48.008584+00:00,1420617030,-69.145
2026-07-14T01:54:48.008584+00:00,1420618495,-69.054
2026-07-14T01:54:48.008584+00:00,1420619960,-69.156
2026-07-14T01:54:48.008584+00:00,1420621425,-69.182
2026-07-14T01:54:48.008584+00:00,1420622889,-69.174
2026-07-14T01:54:48.008584+00:00,1420624354,-69.149
2026-07-14T01:54:48.008584+00:00,1420625819,-69.082
2026-07-14T01:54:48.008584+00:00,1420627284,-69.137
2026-07-14T01:54:48.008584+00:00,1420628749,-69.103
2026-07-14T01:54:48.008584+00:00,1420630214,-69.153
2026-07-14T01:54:48.008584+00:00,1420631678,-69.159
2026-07-14T01:54:48.008584+00:00,1420633143,-69.156
2026-07-14T01:54:48.008584+00:00,1420634608,-69.188
2026-07-14T01:54:48.008584+00:00,1420636073,-69.151
2026-07-14T01:54:48.008584+00:00,1420637538,-69.14
2026-07-14T01:54:48.008584+00:00,1420639003,-69.134
2026-07-14T01:54:48.008584+00:00,1420640467,-69.149
2026-07-14T01:54:48.008584+00:00,1420641932,-69.195
2026-07-14T01:54:48.008584+00:00,1420643397,-69.212
2026-07-14T01:54:48.008584+00:00,1420644862,-69.109
2026-07-14T01:54:48.008584+00:00,1420646327,-69.077
2026-07-14T01:54:48.008584+00:00,1420647792,-69.099
2026-07-14T01:54:48.008584+00:00,1420649257,-69.154
2026-07-14T01:54:48.008584+00:00,1420650721,-69.178
2026-07-14T01:54:48.008584+00:00,1420652186,-69.131
2026-07-14T01:54:48.008584+00:00,1420653651,-69.093
2026-07-14T01:54:48.008584+00:00,1420655116,-69.143
2026-07-14T01:54:48.008584+00:00,1420656581,-69.196
2026-07-14T01:54:48.008584+00:00,1420658046,-69.236
2026-07-14T01:54:48.008584+00:00,1420659510,-69.255
2026-07-14T01:54:48.008584+00:00,1420660975,-69.25
2026-07-14T01:54:48.008584+00:00,1420662440,-69.204
2026-07-14T01:54:48.008584+00:00,1420663905,-69.224
2026-07-14T01:54:48.008584+00:00,1420665370,-69.227
2026-07-14T01:54:48.008584+00:00,1420666835,-69.169
2026-07-14T01:54:48.008584+00:00,1420668300,-69.209
2026-07-14T01:54:48.008584+00:00,1420669764,-69.239
2026-07-14T01:54:48.008584+00:00,1420671229,-69.229
2026-07-14T01:54:48.008584+00:00,1420672694,-69.212
2026-07-14T01:54:48.008584+00:00,1420674159,-69.153
2026-07-14T01:54:48.008584+00:00,1420675624,-69.185
2026-07-14T01:54:48.008584+00:00,1420677089,-69.217
2026-07-14T01:54:48.008584+00:00,1420678553,-69.231
2026-07-14T01:54:48.008584+00:00,1420680018,-69.161
2026-07-14T01:54:48.008584+00:00,1420681483,-69.202
2026-07-14T01:54:48.008584+00:00,1420682948,-69.26
2026-07-14T01:54:48.008584+00:00,1420684413,-69.224
2026-07-14T01:54:48.008584+00:00,1420685878,-69.237
2026-07-14T01:54:48.008584+00:00,1420687342,-69.205
2026-07-14T01:54:48.008584+00:00,1420688807,-69.244
2026-07-14T01:54:48.008584+00:00,1420690272,-69.224
2026-07-14T01:54:48.008584+00:00,1420691737,-69.235
2026-07-14T01:54:48.008584+00:00,1420693202,-69.275
2026-07-14T01:54:48.008584+00:00,1420694667,-69.259
2026-07-14T01:54:48.008584+00:00,1420696132,-69.225
2026-07-14T01:54:48.008584+00:00,1420697596,-69.33
2026-07-14T01:54:48.008584+00:00,1420699061,-69.317
2026-07-14T01:54:48.008584+00:00,1420700526,-69.236
2026-07-14T01:54:48.008584+00:00,1420701991,-69.314
2026-07-14T01:54:48.008584+00:00,1420703456,-69.32
2026-07-14T01:54:48.008584+00:00,1420704921,-69.351
2026-07-14T01:54:48.008584+00:00,1420706385,-69.334
2026-07-14T01:54:48.008584+00:00,1420707850,-69.316
2026-07-14T01:54:48.008584+00:00,1420709315,-69.314
2026-07-14T01:54:48.008584+00:00,1420710780,-69.326
2026-07-14T01:54:48.008584+00:00,1420712245,-69.25
2026-07-14T01:54:48.008584+00:00,1420713710,-69.182
2026-07-14T01:54:48.008584+00:00,1420715175,-69.26
2026-07-14T01:54:48.008584+00:00,1420716639,-69.3
2026-07-14T01:54:48.008584+00:00,1420718104,-69.299
2026-07-14T01:54:48.008584+00:00,1420719569,-69.254
2026-07-14T01:54:48.008584+00:00,1420721034,-69.3
2026-07-14T01:54:48.008584+00:00,1420722499,-69.296
2026-07-14T01:54:48.008584+00:00,1420723964,-69.279
2026-07-14T01:54:48.008584+00:00,1420725428,-69.357
2026-07-14T01:54:48.008584+00:00,1420726893,-69.373
2026-07-14T01:54:48.008584+00:00,1420728358,-69.325
2026-07-14T01:54:48.008584+00:00,1420729823,-69.368
2026-07-14T01:54:48.008584+00:00,1420731288,-69.332
2026-07-14T01:54:48.008584+00:00,1420732753,-69.305
2026-07-14T01:54:48.008584+00:00,1420734217,-69.304
2026-07-14T01:54:48.008584+00:00,1420735682,-69.337
2026-07-14T01:54:48.008584+00:00,1420737147,-69.343
2026-07-14T01:54:48.008584+00:00,1420738612,-69.326
2026-07-14T01:54:48.008584+00:00,1420740077,-69.305
2026-07-14T01:54:48.008584+00:00,1420741542,-69.359
2026-07-14T01:54:48.008584+00:00,1420743007,-69.367
2026-07-14T01:54:48.008584+00:00,1420744471,-69.4
2026-07-14T01:54:48.008584+00:00,1420745936,-69.339
2026-07-14T01:54:48.008584+00:00,1420747401,-69.365
2026-07-14T01:54:48.008584+00:00,1420748866,-69.428
2026-07-14T01:54:48.008584+00:00,1420750331,-69.377
2026-07-14T01:54:48.008584+00:00,1420751796,-69.334
2026-07-14T01:54:48.008584+00:00,1420753260,-69.36
2026-07-14T01:54:48.008584+00:00,1420754725,-69.399
2026-07-14T01:54:48.008584+00:00,1420756190,-69.451
2026-07-14T01:54:48.008584+00:00,1420757655,-69.438
2026-07-14T01:54:48.008584+00:00,1420759120,-69.391
2026-07-14T01:54:48.008584+00:00,1420760585,-69.416
2026-07-14T01:54:48.008584+00:00,1420762050,-69.415
2026-07-14T01:54:48.008584+00:00,1420763514,-69.397
2026-07-14T01:54:48.008584+00:00,1420764979,-69.361
2026-07-14T01:54:48.008584+00:00,1420766444,-69.358
2026-07-14T01:54:48.008584+00:00,1420767909,-69.339
2026-07-14T01:54:48.008584+00:00,1420769374,-69.363
2026-07-14T01:54:48.008584+00:00,1420770839,-69.454
2026-07-14T01:54:48.008584+00:00,1420772303,-69.404
2026-07-14T01:54:48.008584+00:00,1420773768,-69.411
2026-07-14T01:54:48.008584+00:00,1420775233,-69.396
2026-07-14T01:54:48.008584+00:00,1420776698,-69.384
2026-07-14T01:54:48.008584+00:00,1420778163,-69.373
2026-07-14T01:54:48.008584+00:00,1420779628,-69.367
2026-07-14T01:54:48.008584+00:00,1420781092,-69.445
2026-07-14T01:54:48.008584+00:00,1420782557,-69.445
2026-07-14T01:54:48.008584+00:00,1420784022,-69.378
2026-07-14T01:54:48.008584+00:00,1420785487,-69.337
2026-07-14T01:54:48.008584+00:00,1420786952,-69.443
2026-07-14T01:54:48.008584+00:00,1420788417,-69.35
2026-07-14T01:54:48.008584+00:00,1420789882,-69.456
2026-07-14T01:54:48.008584+00:00,1420791346,-69.5
2026-07-14T01:54:48.008584+00:00,1420792811,-69.442
2026-07-14T01:54:48.008584+00:00,1420794276,-69.365
2026-07-14T01:54:48.008584+00:00,1420795741,-69.363
2026-07-14T01:54:48.008584+00:00,1420797206,-69.416
2026-07-14T01:54:48.008584+00:00,1420798671,-69.4
2026-07-14T01:54:48.008584+00:00,1420800135,-69.362
2026-07-14T01:54:48.008584+00:00,1420801600,-69.35
2026-07-14T01:54:48.008584+00:00,1420803065,-69.378
2026-07-14T01:54:48.008584+00:00,1420804530,-69.394
2026-07-14T01:54:48.008584+00:00,1420805995,-69.4
2026-07-14T01:54:48.008584+00:00,1420807460,-69.39
2026-07-14T01:54:48.008584+00:00,1420808925,-69.438
2026-07-14T01:54:48.008584+00:00,1420810389,-69.403
2026-07-14T01:54:48.008584+00:00,1420811854,-69.404
2026-07-14T01:54:48.008584+00:00,1420813319,-69.379
2026-07-14T01:54:48.008584+00:00,1420814784,-69.453
2026-07-14T01:54:48.008584+00:00,1420816249,-69.472
2026-07-14T01:54:48.008584+00:00,1420817714,-69.411
2026-07-14T01:54:48.008584+00:00,1420819178,-69.409
2026-07-14T01:54:48.008584+00:00,1420820643,-69.394
2026-07-14T01:54:48.008584+00:00,1420822108,-69.427
2026-07-14T01:54:48.008584+00:00,1420823573,-69.495
2026-07-14T01:54:48.008584+00:00,1420825038,-69.467
2026-07-14T01:54:48.008584+00:00,1420826503,-69.433
2026-07-14T01:54:48.008584+00:00,1420827967,-69.409
2026-07-14T01:54:48.008584+00:00,1420829432,-69.482
2026-07-14T01:54:48.008584+00:00,1420830897,-69.466
2026-07-14T01:54:48.008584+00:00,1420832362,-69.48
2026-07-14T01:54:48.008584+00:00,1420833827,-69.47
2026-07-14T01:54:48.008584+00:00,1420835292,-69.404
2026-07-14T01:54:48.008584+00:00,1420836757,-69.428
2026-07-14T01:54:48.008584+00:00,1420838221,-69.447
2026-07-14T01:54:48.008584+00:00,1420839686,-69.447
2026-07-14T01:54:48.008584+00:00,1420841151,-69.453
2026-07-14T01:54:48.008584+00:00,1420842616,-69.47
2026-07-14T01:54:48.008584+00:00,1420844081,-69.378
2026-07-14T01:54:48.008584+00:00,1420845546,-69.365
2026-07-14T01:54:48.008584+00:00,1420847010,-69.401
2026-07-14T01:54:48.008584+00:00,1420848475,-69.509
2026-07-14T01:54:48.008584+00:00,1420849940,-69.461
2026-07-14T01:54:48.008584+00:00,1420851405,-69.473
2026-07-14T01:54:48.008584+00:00,1420852870,-69.492
2026-07-14T01:54:48.008584+00:00,1420854335,-69.539
2026-07-14T01:54:48.008584+00:00,1420855800,-69.524
2026-07-14T01:54:48.008584+00:00,1420857264,-69.453
2026-07-14T01:54:48.008584+00:00,1420858729,-69.412
2026-07-14T01:54:48.008584+00:00,1420860194,-69.475
2026-07-14T01:54:48.008584+00:00,1420861659,-69.459
2026-07-14T01:54:48.008584+00:00,1420863124,-69.475
2026-07-14T01:54:48.008584+00:00,1420864589,-69.448
2026-07-14T01:54:48.008584+00:00,1420866053,-69.461
2026-07-14T01:54:48.008584+00:00,1420867518,-69.466
2026-07-14T01:54:48.008584+00:00,1420868983,-69.484
2026-07-14T01:54:48.008584+00:00,1420870448,-69.488
2026-07-14T01:54:48.008584+00:00,1420871913,-69.54
2026-07-14T01:54:48.008584+00:00,1420873378,-69.493
2026-07-14T01:54:48.008584+00:00,1420874842,-69.491
2026-07-14T01:54:48.008584+00:00,1420876307,-69.509
2026-07-14T01:54:48.008584+00:00,1420877772,-69.411
2026-07-14T01:54:48.008584+00:00,1420879237,-69.387
2026-07-14T01:54:48.008584+00:00,1420880702,-69.425
2026-07-14T01:54:48.008584+00:00,1420882167,-69.461
2026-07-14T01:54:48.008584+00:00,1420883632,-69.529
2026-07-14T01:54:48.008584+00:00,1420885096,-69.58
2026-07-14T01:54:48.008584+00:00,1420886561,-69.532
2026-07-14T01:54:48.008584+00:00,1420888026,-69.481
2026-07-14T01:54:48.008584+00:00,1420889491,-69.471
2026-07-14T01:54:48.008584+00:00,1420890956,-69.439
2026-07-14T01:54:48.008584+00:00,1420892421,-69.443
2026-07-14T01:54:48.008584+00:00,1420893885,-69.385
2026-07-14T01:54:48.008584+00:00,1420895350,-69.407
2026-07-14T01:54:48.008584+00:00,1420896815,-69.452
2026-07-14T01:54:48.008584+00:00,1420898280,-69.432
2026-07-14T01:54:48.008584+00:00,1420899745,-69.461
2026-07-14T01:54:48.008584+00:00,1420901210,-69.445
2026-07-14T01:54:48.008584+00:00,1420902675,-69.475
2026-07-14T01:54:48.008584+00:00,1420904139,-69.477
2026-07-14T01:54:48.008584+00:00,1420905604,-69.459
2026-07-14T01:54:48.008584+00:00,1420907069,-69.527
2026-07-14T01:54:48.008584+00:00,1420908534,-69.475
2026-07-14T01:54:48.008584+00:00,1420909999,-69.487
2026-07-14T01:54:48.008584+00:00,1420911464,-69.445
2026-07-14T01:54:48.008584+00:00,1420912928,-69.462
2026-07-14T01:54:48.008584+00:00,1420914393,-69.54
2026-07-14T01:54:48.008584+00:00,1420915858,-69.492
2026-07-14T01:54:48.008584+00:00,1420917323,-69.417
2026-07-14T01:54:48.008584+00:00,1420918788,-69.421
2026-07-14T01:54:48.008584+00:00,1420920253,-69.54
2026-07-14T01:54:48.008584+00:00,1420921717,-69.56
2026-07-14T01:54:48.008584+00:00,1420923182,-69.457
2026-07-14T01:54:48.008584+00:00,1420924647,-69.407
2026-07-14T01:54:48.008584+00:00,1420926112,-69.469
2026-07-14T01:54:48.008584+00:00,1420927577,-69.533
2026-07-14T01:54:48.008584+00:00,1420929042,-69.536
2026-07-14T01:54:48.008584+00:00,1420930507,-69.493
2026-07-14T01:54:48.008584+00:00,1420931971,-69.474
2026-07-14T01:54:48.008584+00:00,1420933436,-69.488
2026-07-14T01:54:48.008584+00:00,1420934901,-69.543
2026-07-14T01:54:48.008584+00:00,1420936366,-69.491
2026-07-14T01:54:48.008584+00:00,1420937831,-69.47
2026-07-14T01:54:48.008584+00:00,1420939296,-69.51
2026-07-14T01:54:48.008584+00:00,1420940760,-69.536
2026-07-14T01:54:48.008584+00:00,1420942225,-69.556
2026-07-14T01:54:48.008584+00:00,1420943690,-69.57
2026-07-14T01:54:48.008584+00:00,1420945155,-69.515
2026-07-14T01:54:48.008584+00:00,1420946620,-69.524
2026-07-14T01:54:48.008584+00:00,1420948085,-69.503
2026-07-14T01:54:48.008584+00:00,1420949550,-69.513
2026-07-14T01:54:48.008584+00:00,1420951014,-69.529
2026-07-14T01:54:48.008584+00:00,1420952479,-69.57
2026-07-14T01:54:48.008584+00:00,1420953944,-69.528
2026-07-14T01:54:48.008584+00:00,1420955409,-69.527
2026-07-14T01:54:48.008584+00:00,1420956874,-69.51
2026-07-14T01:54:48.008584+00:00,1420958339,-69.473
2026-07-14T01:54:48.008584+00:00,1420959803,-69.579
2026-07-14T01:54:48.008584+00:00,1420961268,-69.544
2026-07-14T01:54:48.008584+00:00,1420962733,-69.553
2026-07-14T01:54:48.008584+00:00,1420964198,-69.533
2026-07-14T01:54:48.008584+00:00,1420965663,-69.582
2026-07-14T01:54:48.008584+00:00,1420967128,-69.578
2026-07-14T01:54:48.008584+00:00,1420968592,-69.552
2026-07-14T01:54:48.008584+00:00,1420970057,-69.503
2026-07-14T01:54:48.008584+00:00,1420971522,-69.577
2026-07-14T01:54:48.008584+00:00,1420972987,-69.626
2026-07-14T01:54:48.008584+00:00,1420974452,-69.537
2026-07-14T01:54:48.008584+00:00,1420975917,-69.633
2026-07-14T01:54:48.008584+00:00,1420977382,-69.656
2026-07-14T01:54:48.008584+00:00,1420978846,-69.599
2026-07-14T01:54:48.008584+00:00,1420980311,-69.622
2026-07-14T01:54:48.008584+00:00,1420981776,-69.607
2026-07-14T01:54:48.008584+00:00,1420983241,-69.552
2026-07-14T01:54:48.008584+00:00,1420984706,-69.544
2026-07-14T01:54:48.008584+00:00,1420986171,-69.628
2026-07-14T01:54:48.008584+00:00,1420987635,-69.595
2026-07-14T01:54:48.008584+00:00,1420989100,-69.556
2026-07-14T01:54:48.008584+00:00,1420990565,-69.57
2026-07-14T01:54:48.008584+00:00,1420992030,-69.623
2026-07-14T01:54:48.008584+00:00,1420993495,-69.639
2026-07-14T01:54:48.008584+00:00,1420994960,-69.584
2026-07-14T01:54:48.008584+00:00,1420996425,-69.563
2026-07-14T01:54:48.008584+00:00,1420997889,-69.525
2026-07-14T01:54:48.008584+00:00,1420999354,-69.585
2026-07-14T01:54:48.008584+00:00,1421000819,-69.643
2026-07-14T01:54:48.008584+00:00,1421002284,-69.633
2026-07-14T01:54:48.008584+00:00,1421003749,-69.599
2026-07-14T01:54:48.008584+00:00,1421005214,-69.592
2026-07-14T01:54:48.008584+00:00,1421006678,-69.568
2026-07-14T01:54:48.008584+00:00,1421008143,-69.488
2026-07-14T01:54:48.008584+00:00,1421009608,-69.546
2026-07-14T01:54:48.008584+00:00,1421011073,-69.595
2026-07-14T01:54:48.008584+00:00,1421012538,-69.59
2026-07-14T01:54:48.008584+00:00,1421014003,-69.575
2026-07-14T01:54:48.008584+00:00,1421015467,-69.624
2026-07-14T01:54:48.008584+00:00,1421016932,-69.736
2026-07-14T01:54:48.008584+00:00,1421018397,-69.711
2026-07-14T01:54:48.008584+00:00,1421019862,-69.592
2026-07-14T01:54:48.008584+00:00,1421021327,-69.621
2026-07-14T01:54:48.008584+00:00,1421022792,-69.661
2026-07-14T01:54:48.008584+00:00,1421024257,-69.612
2026-07-14T01:54:48.008584+00:00,1421025721,-69.645
2026-07-14T01:54:48.008584+00:00,1421027186,-69.613
2026-07-14T01:54:48.008584+00:00,1421028651,-69.648
2026-07-14T01:54:48.008584+00:00,1421030116,-69.669
2026-07-14T01:54:48.008584+00:00,1421031581,-69.648
2026-07-14T01:54:48.008584+00:00,1421033046,-69.665
2026-07-14T01:54:48.008584+00:00,1421034510,-69.7
2026-07-14T01:54:48.008584+00:00,1421035975,-69.694
2026-07-14T01:54:48.008584+00:00,1421037440,-69.679
2026-07-14T01:54:48.008584+00:00,1421038905,-69.725
2026-07-14T01:54:48.008584+00:00,1421040370,-69.722
2026-07-14T01:54:48.008584+00:00,1421041835,-69.677
2026-07-14T01:54:48.008584+00:00,1421043300,-69.739
2026-07-14T01:54:48.008584+00:00,1421044764,-69.789
2026-07-14T01:54:48.008584+00:00,1421046229,-69.788
2026-07-14T01:54:48.008584+00:00,1421047694,-69.761
2026-07-14T01:54:48.008584+00:00,1421049159,-69.793
2026-07-14T01:54:48.008584+00:00,1421050624,-69.777
2026-07-14T01:54:48.008584+00:00,1421052089,-69.717
2026-07-14T01:54:48.008584+00:00,1421053553,-69.658
2026-07-14T01:54:48.008584+00:00,1421055018,-69.726
2026-07-14T01:54:48.008584+00:00,1421056483,-69.726
2026-07-14T01:54:48.008584+00:00,1421057948,-69.775
2026-07-14T01:54:48.008584+00:00,1421059413,-69.85
2026-07-14T01:54:48.008584+00:00,1421060878,-69.806
2026-07-14T01:54:48.008584+00:00,1421062342,-69.829
2026-07-14T01:54:48.008584+00:00,1421063807,-69.75
2026-07-14T01:54:48.008584+00:00,1421065272,-69.716
2026-07-14T01:54:48.008584+00:00,1421066737,-69.813
2026-07-14T01:54:48.008584+00:00,1421068202,-69.869
2026-07-14T01:54:48.008584+00:00,1421069667,-69.8
2026-07-14T01:54:48.008584+00:00,1421071132,-69.763
2026-07-14T01:54:48.008584+00:00,1421072596,-69.814
2026-07-14T01:54:48.008584+00:00,1421074061,-69.851
2026-07-14T01:54:48.008584+00:00,1421075526,-69.789
2026-07-14T01:54:48.008584+00:00,1421076991,-69.807
2026-07-14T01:54:48.008584+00:00,1421078456,-69.869
2026-07-14T01:54:48.008584+00:00,1421079921,-69.953
2026-07-14T01:54:48.008584+00:00,1421081385,-69.902
2026-07-14T01:54:48.008584+00:00,1421082850,-69.77
2026-07-14T01:54:48.008584+00:00,1421084315,-69.772
2026-07-14T01:54:48.008584+00:00,1421085780,-69.833
2026-07-14T01:54:48.008584+00:00,1421087245,-69.852
2026-07-14T01:54:48.008584+00:00,1421088710,-69.887
2026-07-14T01:54:48.008584+00:00,1421090175,-69.853
2026-07-14T01:54:48.008584+00:00,1421091639,-69.876
2026-07-14T01:54:48.008584+00:00,1421093104,-69.911
2026-07-14T01:54:48.008584+00:00,1421094569,-69.915
2026-07-14T01:54:48.008584+00:00,1421096034,-69.847
2026-07-14T01:54:48.008584+00:00,1421097499,-69.861
2026-07-14T01:54:48.008584+00:00,1421098964,-69.885
2026-07-14T01:54:48.008584+00:00,1421100428,-69.927
2026-07-14T01:54:48.008584+00:00,1421101893,-69.914
2026-07-14T01:54:48.008584+00:00,1421103358,-69.946
2026-07-14T01:54:48.008584+00:00,1421104823,-69.949
2026-07-14T01:54:48.008584+00:00,1421106288,-69.971
2026-07-14T01:54:48.008584+00:00,1421107753,-69.98
2026-07-14T01:54:48.008584+00:00,1421109217,-69.988
2026-07-14T01:54:48.008584+00:00,1421110682,-70.022
2026-07-14T01:54:48.008584+00:00,1421112147,-69.934
2026-07-14T01:54:48.008584+00:00,1421113612,-69.914
2026-07-14T01:54:48.008584+00:00,1421115077,-70.011
2026-07-14T01:54:48.008584+00:00,1421116542,-69.983
2026-07-14T01:54:48.008584+00:00,1421118007,-69.982
2026-07-14T01:54:48.008584+00:00,1421119471,-70.022
2026-07-14T01:54:48.008584+00:00,1421120936,-70.022
2026-07-14T01:54:48.008584+00:00,1421122401,-69.968
2026-07-14T01:54:48.008584+00:00,1421123866,-70.044
2026-07-14T01:54:48.008584+00:00,1421125331,-70.024
2026-07-14T01:54:48.008584+00:00,1421126796,-70.037
2026-07-14T01:54:48.008584+00:00,1421128260,-70.026
2026-07-14T01:54:48.008584+00:00,1421129725,-69.961
2026-07-14T01:54:48.008584+00:00,1421131190,-69.967
2026-07-14T01:54:48.008584+00:00,1421132655,-70.002
2026-07-14T01:54:48.008584+00:00,1421134120,-69.999
2026-07-14T01:54:48.008584+00:00,1421135585,-70.06
2026-07-14T01:54:48.008584+00:00,1421137050,-70.019
2026-07-14T01:54:48.008584+00:00,1421138514,-70.028
2026-07-14T01:54:48.008584+00:00,1421139979,-70.017
2026-07-14T01:54:48.008584+00:00,1421141444,-69.988
2026-07-14T01:54:48.008584+00:00,1421142909,-70.053
2026-07-14T01:54:48.008584+00:00,1421144374,-70.082
2026-07-14T01:54:48.008584+00:00,1421145839,-70.051
2026-07-14T01:54:48.008584+00:00,1421147303,-70.033
2026-07-14T01:54:48.008584+00:00,1421148768,-70.054
2026-07-14T01:54:48.008584+00:00,1421150233,-70.096
2026-07-14T01:54:48.008584+00:00,1421151698,-70.074
2026-07-14T01:54:48.008584+00:00,1421153163,-70.01
2026-07-14T01:54:48.008584+00:00,1421154628,-70.067
2026-07-14T01:54:48.008584+00:00,1421156092,-70.142
2026-07-14T01:54:48.008584+00:00,1421157557,-70.159
2026-07-14T01:54:48.008584+00:00,1421159022,-70.069
2026-07-14T01:54:48.008584+00:00,1421160487,-70.051
2026-07-14T01:54:48.008584+00:00,1421161952,-70.076
2026-07-14T01:54:48.008584+00:00,1421163417,-70.141
2026-07-14T01:54:48.008584+00:00,1421164882,-70.138
2026-07-14T01:54:48.008584+00:00,1421166346,-70.083
2026-07-14T01:54:48.008584+00:00,1421167811,-70.056
2026-07-14T01:54:48.008584+00:00,1421169276,-70.047
2026-07-14T01:54:48.008584+00:00,1421170741,-70.069
2026-07-14T01:54:48.008584+00:00,1421172206,-70.092
2026-07-14T01:54:48.008584+00:00,1421173671,-70.094
2026-07-14T01:54:48.008584+00:00,1421175135,-70.06
2026-07-14T01:54:48.008584+00:00,1421176600,-70.114
2026-07-14T01:54:48.008584+00:00,1421178065,-70.155
2026-07-14T01:54:48.008584+00:00,1421179530,-70.176
2026-07-14T01:54:48.008584+00:00,1421180995,-70.129
2026-07-14T01:54:48.008584+00:00,1421182460,-70.157
2026-07-14T01:54:48.008584+00:00,1421183925,-70.148
2026-07-14T01:54:48.008584+00:00,1421185389,-70.15
2026-07-14T01:54:48.008584+00:00,1421186854,-70.119
2026-07-14T01:54:48.008584+00:00,1421188319,-70.088
2026-07-14T01:54:48.008584+00:00,1421189784,-70.135
2026-07-14T01:54:48.008584+00:00,1421191249,-70.182
2026-07-14T01:54:48.008584+00:00,1421192714,-70.165
2026-07-14T01:54:48.008584+00:00,1421194178,-70.179
2026-07-14T01:54:48.008584+00:00,1421195643,-70.174
2026-07-14T01:54:48.008584+00:00,1421197108,-70.154
2026-07-14T01:54:48.008584+00:00,1421198573,-70.164
2026-07-14T01:54:48.008584+00:00,1421200038,-70.177
2026-07-14T01:54:48.008584+00:00,1421201503,-70.198
2026-07-14T01:54:48.008584+00:00,1421202967,-70.185
2026-07-14T01:54:48.008584+00:00,1421204432,-70.132
2026-07-14T01:54:48.008584+00:00,1421205897,-70.185
2026-07-14T01:54:48.008584+00:00,1421207362,-70.17
2026-07-14T01:54:48.008584+00:00,1421208827,-70.167
2026-07-14T01:54:48.008584+00:00,1421210292,-70.218
2026-07-14T01:54:48.008584+00:00,1421211757,-70.206
2026-07-14T01:54:48.008584+00:00,1421213221,-70.18
2026-07-14T01:54:48.008584+00:00,1421214686,-70.149
2026-07-14T01:54:48.008584+00:00,1421216151,-70.201
2026-07-14T01:54:48.008584+00:00,1421217616,-70.189
2026-07-14T01:54:48.008584+00:00,1421219081,-70.198
2026-07-14T01:54:48.008584+00:00,1421220546,-70.21
2026-07-14T01:54:48.008584+00:00,1421222010,-70.143
2026-07-14T01:54:48.008584+00:00,1421223475,-70.175
2026-07-14T01:54:48.008584+00:00,1421224940,-70.187
2026-07-14T01:54:48.008584+00:00,1421226405,-70.198
2026-07-14T01:54:48.008584+00:00,1421227870,-70.161
2026-07-14T01:54:48.008584+00:00,1421229335,-70.209
2026-07-14T01:54:48.008584+00:00,1421230800,-70.181
2026-07-14T01:54:48.008584+00:00,1421232264,-70.175
2026-07-14T01:54:48.008584+00:00,1421233729,-70.156
2026-07-14T01:54:48.008584+00:00,1421235194,-70.143
2026-07-14T01:54:48.008584+00:00,1421236659,-70.159
2026-07-14T01:54:48.008584+00:00,1421238124,-70.201
2026-07-14T01:54:48.008584+00:00,1421239589,-70.207
2026-07-14T01:54:48.008584+00:00,1421241053,-70.218
2026-07-14T01:54:48.008584+00:00,1421242518,-70.242
2026-07-14T01:54:48.008584+00:00,1421243983,-70.182
2026-07-14T01:54:48.008584+00:00,1421245448,-70.208
2026-07-14T01:54:48.008584+00:00,1421246913,-70.187
2026-07-14T01:54:48.008584+00:00,1421248378,-70.21
2026-07-14T01:54:48.008584+00:00,1421249842,-70.209
2026-07-14T01:54:48.008584+00:00,1421251307,-70.229
2026-07-14T01:54:48.008584+00:00,1421252772,-70.202
2026-07-14T01:54:48.008584+00:00,1421254237,-70.224
2026-07-14T01:54:48.008584+00:00,1421255702,-70.181
2026-07-14T01:54:48.008584+00:00,1421257167,-70.168
2026-07-14T01:54:48.008584+00:00,1421258632,-70.199
2026-07-14T01:54:48.008584+00:00,1421260096,-70.208
2026-07-14T01:54:48.008584+00:00,1421261561,-70.181
2026-07-14T01:54:48.008584+00:00,1421263026,-70.143
2026-07-14T01:54:48.008584+00:00,1421264491,-70.202
2026-07-14T01:54:48.008584+00:00,1421265956,-70.2
2026-07-14T01:54:48.008584+00:00,1421267421,-70.22
2026-07-14T01:54:48.008584+00:00,1421268885,-70.213
2026-07-14T01:54:48.008584+00:00,1421270350,-70.191
2026-07-14T01:54:48.008584+00:00,1421271815,-70.203
2026-07-14T01:54:48.008584+00:00,1421273280,-70.191
2026-07-14T01:54:48.008584+00:00,1421274745,-70.18
2026-07-14T01:54:48.008584+00:00,1421276210,-70.146
2026-07-14T01:54:48.008584+00:00,1421277675,-70.177
2026-07-14T01:54:48.008584+00:00,1421279139,-70.219
2026-07-14T01:54:48.008584+00:00,1421280604,-70.266
2026-07-14T01:54:48.008584+00:00,1421282069,-70.244
2026-07-14T01:54:48.008584+00:00,1421283534,-70.262
2026-07-14T01:54:48.008584+00:00,1421284999,-70.25
2026-07-14T01:54:48.008584+00:00,1421286464,-70.165
2026-07-14T01:54:48.008584+00:00,1421287928,-70.166
2026-07-14T01:54:48.008584+00:00,1421289393,-70.234
2026-07-14T01:54:48.008584+00:00,1421290858,-70.225
2026-07-14T01:54:48.008584+00:00,1421292323,-70.224
2026-07-14T01:54:48.008584+00:00,1421293788,-70.2
2026-07-14T01:54:48.008584+00:00,1421295253,-70.147
2026-07-14T01:54:48.008584+00:00,1421296717,-70.144
2026-07-14T01:54:48.008584+00:00,1421298182,-70.171
2026-07-14T01:54:48.008584+00:00,1421299647,-70.215
2026-07-14T01:54:48.008584+00:00,1421301112,-70.19
2026-07-14T01:54:48.008584+00:00,1421302577,-70.204
2026-07-14T01:54:48.008584+00:00,1421304042,-70.182
2026-07-14T01:54:48.008584+00:00,1421305507,-70.181
2026-07-14T01:54:48.008584+00:00,1421306971,-70.15
2026-07-14T01:54:48.008584+00:00,1421308436,-70.209
2026-07-14T01:54:48.008584+00:00,1421309901,-70.194
2026-07-14T01:54:48.008584+00:00,1421311366,-70.208
2026-07-14T01:54:48.008584+00:00,1421312831,-70.153
2026-07-14T01:54:48.008584+00:00,1421314296,-70.125
2026-07-14T01:54:48.008584+00:00,1421315760,-70.177
2026-07-14T01:54:48.008584+00:00,1421317225,-70.146
2026-07-14T01:54:48.008584+00:00,1421318690,-70.132
2026-07-14T01:54:48.008584+00:00,1421320155,-70.17
2026-07-14T01:54:48.008584+00:00,1421321620,-70.259
2026-07-14T01:54:48.008584+00:00,1421323085,-70.228
2026-07-14T01:54:48.008584+00:00,1421324550,-70.196
2026-07-14T01:54:48.008584+00:00,1421326014,-70.208
2026-07-14T01:54:48.008584+00:00,1421327479,-70.199
2026-07-14T01:54:48.008584+00:00,1421328944,-70.172
2026-07-14T01:54:48.008584+00:00,1421330409,-70.187
2026-07-14T01:54:48.008584+00:00,1421331874,-70.171
2026-07-14T01:54:48.008584+00:00,1421333339,-70.135
2026-07-14T01:54:48.008584+00:00,1421334803,-70.193
2026-07-14T01:54:48.008584+00:00,1421336268,-70.158
2026-07-14T01:54:48.008584+00:00,1421337733,-70.183
2026-07-14T01:54:48.008584+00:00,1421339198,-70.19
2026-07-14T01:54:48.008584+00:00,1421340663,-70.233
2026-07-14T01:54:48.008584+00:00,1421342128,-70.169
2026-07-14T01:54:48.008584+00:00,1421343592,-70.279
2026-07-14T01:54:48.008584+00:00,1421345057,-70.23
2026-07-14T01:54:48.008584+00:00,1421346522,-70.22
2026-07-14T01:54:48.008584+00:00,1421347987,-70.207
2026-07-14T01:54:48.008584+00:00,1421349452,-70.261
2026-07-14T01:54:48.008584+00:00,1421350917,-70.265
2026-07-14T01:54:48.008584+00:00,1421352382,-70.21
2026-07-14T01:54:48.008584+00:00,1421353846,-70.223
2026-07-14T01:54:48.008584+00:00,1421355311,-70.234
2026-07-14T01:54:48.008584+00:00,1421356776,-70.115
2026-07-14T01:54:48.008584+00:00,1421358241,-70.171
2026-07-14T01:54:48.008584+00:00,1421359706,-70.289
2026-07-14T01:54:48.008584+00:00,1421361171,-70.247
2026-07-14T01:54:48.008584+00:00,1421362635,-70.274
2026-07-14T01:54:48.008584+00:00,1421364100,-70.234
2026-07-14T01:54:48.008584+00:00,1421365565,-70.201
2026-07-14T01:54:48.008584+00:00,1421367030,-70.256
2026-07-14T01:54:48.008584+00:00,1421368495,-70.242
2026-07-14T01:54:48.008584+00:00,1421369960,-70.163
2026-07-14T01:54:48.008584+00:00,1421371425,-70.164
2026-07-14T01:54:48.008584+00:00,1421372889,-70.266
2026-07-14T01:54:48.008584+00:00,1421374354,-70.253
2026-07-14T01:54:48.008584+00:00,1421375819,-70.252
2026-07-14T01:54:48.008584+00:00,1421377284,-70.208
2026-07-14T01:54:48.008584+00:00,1421378749,-70.209
2026-07-14T01:54:48.008584+00:00,1421380214,-70.246
2026-07-14T01:54:48.008584+00:00,1421381678,-70.275
2026-07-14T01:54:48.008584+00:00,1421383143,-70.251
2026-07-14T01:54:48.008584+00:00,1421384608,-70.256
2026-07-14T01:54:48.008584+00:00,1421386073,-70.315
2026-07-14T01:54:48.008584+00:00,1421387538,-70.294
2026-07-14T01:54:48.008584+00:00,1421389003,-70.265
2026-07-14T01:54:48.008584+00:00,1421390467,-70.213
2026-07-14T01:54:48.008584+00:00,1421391932,-70.201
2026-07-14T01:54:48.008584+00:00,1421393397,-70.226
2026-07-14T01:54:48.008584+00:00,1421394862,-70.213
2026-07-14T01:54:48.008584+00:00,1421396327,-70.293
2026-07-14T01:54:48.008584+00:00,1421397792,-70.328
2026-07-14T01:54:48.008584+00:00,1421399257,-70.325
2026-07-14T01:54:48.008584+00:00,1421400721,-70.303
2026-07-14T01:54:48.008584+00:00,1421402186,-70.323
2026-07-14T01:54:48.008584+00:00,1421403651,-70.294
2026-07-14T01:54:48.008584+00:00,1421405116,-70.342
2026-07-14T01:54:48.008584+00:00,1421406581,-70.309
2026-07-14T01:54:48.008584+00:00,1421408046,-70.31
2026-07-14T01:54:48.008584+00:00,1421409510,-70.299
2026-07-14T01:54:48.008584+00:00,1421410975,-70.253
2026-07-14T01:54:48.008584+00:00,1421412440,-70.287
2026-07-14T01:54:48.008584+00:00,1421413905,-70.311
2026-07-14T01:54:48.008584+00:00,1421415370,-70.327
2026-07-14T01:54:48.008584+00:00,1421416835,-70.382
2026-07-14T01:54:48.008584+00:00,1421418300,-70.382
2026-07-14T01:54:48.008584+00:00,1421419764,-70.358
2026-07-14T01:54:48.008584+00:00,1421421229,-70.259
2026-07-14T01:54:48.008584+00:00,1421422694,-70.27
2026-07-14T01:54:48.008584+00:00,1421424159,-70.338
2026-07-14T01:54:48.008584+00:00,1421425624,-70.311
2026-07-14T01:54:48.008584+00:00,1421427089,-70.306
2026-07-14T01:54:48.008584+00:00,1421428553,-70.329
2026-07-14T01:54:48.008584+00:00,1421430018,-70.376
2026-07-14T01:54:48.008584+00:00,1421431483,-70.408
2026-07-14T01:54:48.008584+00:00,1421432948,-70.407
2026-07-14T01:54:48.008584+00:00,1421434413,-70.341
2026-07-14T01:54:48.008584+00:00,1421435878,-70.34
2026-07-14T01:54:48.008584+00:00,1421437342,-70.249
2026-07-14T01:54:48.008584+00:00,1421438807,-70.247
2026-07-14T01:54:48.008584+00:00,1421440272,-70.295
2026-07-14T01:54:48.008584+00:00,1421441737,-70.293
2026-07-14T01:54:48.008584+00:00,1421443202,-70.326
2026-07-14T01:54:48.008584+00:00,1421444667,-70.352
2026-07-14T01:54:48.008584+00:00,1421446132,-70.326
2026-07-14T01:54:48.008584+00:00,1421447596,-70.287
2026-07-14T01:54:48.008584+00:00,1421449061,-70.276
2026-07-14T01:54:48.008584+00:00,1421450526,-70.314
2026-07-14T01:54:48.008584+00:00,1421451991,-70.381
2026-07-14T01:54:48.008584+00:00,1421453456,-70.331
2026-07-14T01:54:48.008584+00:00,1421454921,-70.252
2026-07-14T01:54:48.008584+00:00,1421456385,-70.263
2026-07-14T01:54:48.008584+00:00,1421457850,-70.302
2026-07-14T01:54:48.008584+00:00,1421459315,-70.27
2026-07-14T01:54:48.008584+00:00,1421460780,-70.187
2026-07-14T01:54:48.008584+00:00,1421462245,-70.145
2026-07-14T01:54:48.008584+00:00,1421463710,-70.137
2026-07-14T01:54:48.008584+00:00,1421465175,-70.123
2026-07-14T01:54:48.008584+00:00,1421466639,-70.07
2026-07-14T01:54:48.008584+00:00,1421468104,-70.015
2026-07-14T01:54:48.008584+00:00,1421469569,-69.981
2026-07-14T01:54:48.008584+00:00,1421471034,-69.927
2026-07-14T01:54:48.008584+00:00,1421472499,-69.942
2026-07-14T01:54:48.008584+00:00,1421473964,-69.853
2026-07-14T01:54:48.008584+00:00,1421475428,-69.788
2026-07-14T01:54:48.008584+00:00,1421476893,-69.701
2026-07-14T01:54:48.008584+00:00,1421478358,-69.597
2026-07-14T01:54:48.008584+00:00,1421479823,-69.632
2026-07-14T01:54:48.008584+00:00,1421481288,-69.529
2026-07-14T01:54:48.008584+00:00,1421482753,-69.398
2026-07-14T01:54:48.008584+00:00,1421484217,-69.277
2026-07-14T01:54:48.008584+00:00,1421485682,-69.214
2026-07-14T01:54:48.008584+00:00,1421487147,-69.135
2026-07-14T01:54:48.008584+00:00,1421488612,-69.089
2026-07-14T01:54:48.008584+00:00,1421490077,-69.107
2026-07-14T01:54:48.008584+00:00,1421491542,-68.939
2026-07-14T01:54:48.008584+00:00,1421493007,-68.821
2026-07-14T01:54:48.008584+00:00,1421494471,-68.706
2026-07-14T01:54:48.008584+00:00,1421495936,-68.548
2026-07-14T01:54:48.008584+00:00,1421497401,-68.503
2026-07-14T01:54:48.008584+00:00,1421498866,-68.44
2026-07-14T01:54:48.008584+00:00,1421500331,-68.391
2026-07-14T01:54:48.008584+00:00,1421501796,-68.326
2026-07-14T01:54:48.008584+00:00,1421503260,-68.258
2026-07-14T01:54:48.008584+00:00,1421504725,-68.196
2026-07-14T01:54:48.008584+00:00,1421506190,-68.114
2026-07-14T01:54:48.008584+00:00,1421507655,-68.06
2026-07-14T01:54:48.008584+00:00,1421509120,-68.018
2026-07-14T01:54:48.008584+00:00,1421510585,-67.965
2026-07-14T01:54:48.008584+00:00,1421512050,-67.915
2026-07-14T01:54:48.008584+00:00,1421513514,-67.817
2026-07-14T01:54:48.008584+00:00,1421514979,-67.849
2026-07-14T01:54:48.008584+00:00,1421516444,-67.831
2026-07-14T01:54:48.008584+00:00,1421517909,-67.774
2026-07-14T01:54:48.008584+00:00,1421519374,-67.812
2026-07-14T01:54:48.008584+00:00,1421520839,-67.776
2026-07-14T01:54:48.008584+00:00,1421522303,-67.82
2026-07-14T01:54:48.008584+00:00,1421523768,-67.817
2026-07-14T01:54:48.008584+00:00,1421525233,-67.784
2026-07-14T01:54:48.008584+00:00,1421526698,-67.783
2026-07-14T01:54:48.008584+00:00,1421528163,-67.798
2026-07-14T01:54:48.008584+00:00,1421529628,-67.811
2026-07-14T01:54:48.008584+00:00,1421531092,-67.827
2026-07-14T01:54:48.008584+00:00,1421532557,-67.871
2026-07-14T01:54:48.008584+00:00,1421534022,-67.871
2026-07-14T01:54:48.008584+00:00,1421535487,-67.852
2026-07-14T01:54:48.008584+00:00,1421536952,-67.864
2026-07-14T01:54:48.008584+00:00,1421538417,-67.89
2026-07-14T01:54:48.008584+00:00,1421539882,-67.839
2026-07-14T01:54:48.008584+00:00,1421541346,-67.922
2026-07-14T01:54:48.008584+00:00,1421542811,-67.949
2026-07-14T01:54:48.008584+00:00,1421544276,-67.882
2026-07-14T01:54:48.008584+00:00,1421545741,-67.938
2026-07-14T01:54:48.008584+00:00,1421547206,-67.98
2026-07-14T01:54:48.008584+00:00,1421548671,-67.989
2026-07-14T01:54:48.008584+00:00,1421550135,-68.029
2026-07-14T01:54:48.008584+00:00,1421551600,-67.971
2026-07-14T01:54:48.008584+00:00,1421553065,-68.004
2026-07-14T01:54:48.008584+00:00,1421554530,-68.042
2026-07-14T01:54:48.008584+00:00,1421555995,-68.059
2026-07-14T01:54:48.008584+00:00,1421557460,-68.067
2026-07-14T01:54:48.008584+00:00,1421558925,-68.099
2026-07-14T01:54:48.008584+00:00,1421560389,-68.136
2026-07-14T01:54:48.008584+00:00,1421561854,-68.087
2026-07-14T01:54:48.008584+00:00,1421563319,-68.117
2026-07-14T01:54:48.008584+00:00,1421564784,-68.102
2026-07-14T01:54:48.008584+00:00,1421566249,-68.083
2026-07-14T01:54:48.008584+00:00,1421567714,-68.081
2026-07-14T01:54:48.008584+00:00,1421569178,-68.026
2026-07-14T01:54:48.008584+00:00,1421570643,-68.087
2026-07-14T01:54:48.008584+00:00,1421572108,-68.0
2026-07-14T01:54:48.008584+00:00,1421573573,-67.939
2026-07-14T01:54:48.008584+00:00,1421575038,-67.9
2026-07-14T01:54:48.008584+00:00,1421576503,-67.93
2026-07-14T01:54:48.008584+00:00,1421577967,-67.899
2026-07-14T01:54:48.008584+00:00,1421579432,-67.795
2026-07-14T01:54:48.008584+00:00,1421580897,-67.667
2026-07-14T01:54:48.008584+00:00,1421582362,-67.589
2026-07-14T01:54:48.008584+00:00,1421583827,-67.665
2026-07-14T01:54:48.008584+00:00,1421585292,-67.465
2026-07-14T01:54:48.008584+00:00,1421586757,-67.329
2026-07-14T01:54:48.008584+00:00,1421588221,-67.286
2026-07-14T01:54:48.008584+00:00,1421589686,-67.053
2026-07-14T01:54:48.008584+00:00,1421591151,-66.812
2026-07-14T01:54:48.008584+00:00,1421592616,-66.72
2026-07-14T01:54:48.008584+00:00,1421594081,-66.547
2026-07-14T01:54:48.008584+00:00,1421595546,-66.231
2026-07-14T01:54:48.008584+00:00,1421597010,-65.81
2026-07-14T01:54:48.008584+00:00,1421598475,-65.324
2026-07-14T01:54:48.008584+00:00,1421599940,-64.756
2026-07-14T01:54:48.008584+00:00,1421601405,-63.85
2026-07-14T01:54:48.008584+00:00,1421602870,-62.257
2026-07-14T01:54:48.008584+00:00,1421604335,-57.9
2026-07-14T01:54:48.008584+00:00,1421605800,-53.984
2026-07-14T01:54:48.008584+00:00,1421607264,-57.937
2026-07-14T01:54:48.008584+00:00,1421608729,-62.178
2026-07-14T01:54:48.008584+00:00,1421610194,-63.775
2026-07-14T01:54:48.008584+00:00,1421611659,-64.72
2026-07-14T01:54:48.008584+00:00,1421613124,-65.341
2026-07-14T01:54:48.008584+00:00,1421614589,-65.753
2026-07-14T01:54:48.008584+00:00,1421616053,-66.115
2026-07-14T01:54:48.008584+00:00,1421617518,-66.463
2026-07-14T01:54:48.008584+00:00,1421618983,-66.72
2026-07-14T01:54:48.008584+00:00,1421620448,-66.893
2026-07-14T01:54:48.008584+00:00,1421621913,-66.968
2026-07-14T01:54:48.008584+00:00,1421623378,-67.192
2026-07-14T01:54:48.008584+00:00,1421624842,-67.309
2026-07-14T01:54:48.008584+00:00,1421626307,-67.473
2026-07-14T01:54:48.008584+00:00,1421627772,-67.503
2026-07-14T01:54:48.008584+00:00,1421629237,-67.54
2026-07-14T01:54:48.008584+00:00,1421630702,-67.6
2026-07-14T01:54:48.008584+00:00,1421632167,-67.628
2026-07-14T01:54:48.008584+00:00,1421633632,-67.714
2026-07-14T01:54:48.008584+00:00,1421635096,-67.873
2026-07-14T01:54:48.008584+00:00,1421636561,-67.875
2026-07-14T01:54:48.008584+00:00,1421638026,-67.934
2026-07-14T01:54:48.008584+00:00,1421639491,-67.886
2026-07-14T01:54:48.008584+00:00,1421640956,-67.933
2026-07-14T01:54:48.008584+00:00,1421642421,-67.914
2026-07-14T01:54:48.008584+00:00,1421643885,-67.915
2026-07-14T01:54:48.008584+00:00,1421645350,-67.929
2026-07-14T01:54:48.008584+00:00,1421646815,-67.97
2026-07-14T01:54:48.008584+00:00,1421648280,-67.893
2026-07-14T01:54:48.008584+00:00,1421649745,-67.843
2026-07-14T01:54:48.008584+00:00,1421651210,-67.927
2026-07-14T01:54:48.008584+00:00,1421652675,-67.908
2026-07-14T01:54:48.008584+00:00,1421654139,-67.912
2026-07-14T01:54:48.008584+00:00,1421655604,-67.894
2026-07-14T01:54:48.008584+00:00,1421657069,-67.837
2026-07-14T01:54:48.008584+00:00,1421658534,-67.839
2026-07-14T01:54:48.008584+00:00,1421659999,-67.778
2026-07-14T01:54:48.008584+00:00,1421661464,-67.724
2026-07-14T01:54:48.008584+00:00,1421662928,-67.684
2026-07-14T01:54:48.008584+00:00,1421664393,-67.678
2026-07-14T01:54:48.008584+00:00,1421665858,-67.642
2026-07-14T01:54:48.008584+00:00,1421667323,-67.682
2026-07-14T01:54:48.008584+00:00,1421668788,-67.733
2026-07-14T01:54:48.008584+00:00,1421670253,-67.673
2026-07-14T01:54:48.008584+00:00,1421671717,-67.624
2026-07-14T01:54:48.008584+00:00,1421673182,-67.607
2026-07-14T01:54:48.008584+00:00,1421674647,-67.594
2026-07-14T01:54:48.008584+00:00,1421676112,-67.564
2026-07-14T01:54:48.008584+00:00,1421677577,-67.556
2026-07-14T01:54:48.008584+00:00,1421679042,-67.624
2026-07-14T01:54:48.008584+00:00,1421680507,-67.572
2026-07-14T01:54:48.008584+00:00,1421681971,-67.451
2026-07-14T01:54:48.008584+00:00,1421683436,-67.452
2026-07-14T01:54:48.008584+00:00,1421684901,-67.467
2026-07-14T01:54:48.008584+00:00,1421686366,-67.536
2026-07-14T01:54:48.008584+00:00,1421687831,-67.475
2026-07-14T01:54:48.008584+00:00,1421689296,-67.528
2026-07-14T01:54:48.008584+00:00,1421690760,-67.537
2026-07-14T01:54:48.008584+00:00,1421692225,-67.532
2026-07-14T01:54:48.008584+00:00,1421693690,-67.465
2026-07-14T01:54:48.008584+00:00,1421695155,-67.547
2026-07-14T01:54:48.008584+00:00,1421696620,-67.633
2026-07-14T01:54:48.008584+00:00,1421698085,-67.664
2026-07-14T01:54:48.008584+00:00,1421699550,-67.766
2026-07-14T01:54:48.008584+00:00,1421701014,-67.748
2026-07-14T01:54:48.008584+00:00,1421702479,-67.84
2026-07-14T01:54:48.008584+00:00,1421703944,-67.901
2026-07-14T01:54:48.008584+00:00,1421705409,-67.902
2026-07-14T01:54:48.008584+00:00,1421706874,-67.992
2026-07-14T01:54:48.008584+00:00,1421708339,-68.088
2026-07-14T01:54:48.008584+00:00,1421709803,-68.172
2026-07-14T01:54:48.008584+00:00,1421711268,-68.191
2026-07-14T01:54:48.008584+00:00,1421712733,-68.28
2026-07-14T01:54:48.008584+00:00,1421714198,-68.402
2026-07-14T01:54:48.008584+00:00,1421715663,-68.472
2026-07-14T01:54:48.008584+00:00,1421717128,-68.598
2026-07-14T01:54:48.008584+00:00,1421718592,-68.673
2026-07-14T01:54:48.008584+00:00,1421720057,-68.839
2026-07-14T01:54:48.008584+00:00,1421721522,-68.897
2026-07-14T01:54:48.008584+00:00,1421722987,-68.957
2026-07-14T01:54:48.008584+00:00,1421724452,-69.121
2026-07-14T01:54:48.008584+00:00,1421725917,-69.23
2026-07-14T01:54:48.008584+00:00,1421727382,-69.293
2026-07-14T01:54:48.008584+00:00,1421728846,-69.399
2026-07-14T01:54:48.008584+00:00,1421730311,-69.538
2026-07-14T01:54:48.008584+00:00,1421731776,-69.576
2026-07-14T01:54:48.008584+00:00,1421733241,-69.618
2026-07-14T01:54:48.008584+00:00,1421734706,-69.649
2026-07-14T01:54:48.008584+00:00,1421736171,-69.759
2026-07-14T01:54:48.008584+00:00,1421737635,-69.878
2026-07-14T01:54:48.008584+00:00,1421739100,-69.866
2026-07-14T01:54:48.008584+00:00,1421740565,-69.926
2026-07-14T01:54:48.008584+00:00,1421742030,-69.994
2026-07-14T01:54:48.008584+00:00,1421743495,-70.087
2026-07-14T01:54:48.008584+00:00,1421744960,-70.076
2026-07-14T01:54:48.008584+00:00,1421746425,-70.143
2026-07-14T01:54:48.008584+00:00,1421747889,-70.203
2026-07-14T01:54:48.008584+00:00,1421749354,-70.198
2026-07-14T01:54:48.008584+00:00,1421750819,-70.188
2026-07-14T01:54:48.008584+00:00,1421752284,-70.218
2026-07-14T01:54:48.008584+00:00,1421753749,-70.187
2026-07-14T01:54:48.008584+00:00,1421755214,-70.276
2026-07-14T01:54:48.008584+00:00,1421756678,-70.275
2026-07-14T01:54:48.008584+00:00,1421758143,-70.287
2026-07-14T01:54:48.008584+00:00,1421759608,-70.344
2026-07-14T01:54:48.008584+00:00,1421761073,-70.388
2026-07-14T01:54:48.008584+00:00,1421762538,-70.407
2026-07-14T01:54:48.008584+00:00,1421764003,-70.38
2026-07-14T01:54:48.008584+00:00,1421765467,-70.342
2026-07-14T01:54:48.008584+00:00,1421766932,-70.319
2026-07-14T01:54:48.008584+00:00,1421768397,-70.404
2026-07-14T01:54:48.008584+00:00,1421769862,-70.403
2026-07-14T01:54:48.008584+00:00,1421771327,-70.382
2026-07-14T01:54:48.008584+00:00,1421772792,-70.359
2026-07-14T01:54:48.008584+00:00,1421774257,-70.476
2026-07-14T01:54:48.008584+00:00,1421775721,-70.417
2026-07-14T01:54:48.008584+00:00,1421777186,-70.385
2026-07-14T01:54:48.008584+00:00,1421778651,-70.39
2026-07-14T01:54:48.008584+00:00,1421780116,-70.369
2026-07-14T01:54:48.008584+00:00,1421781581,-70.263
2026-07-14T01:54:48.008584+00:00,1421783046,-70.328
2026-07-14T01:54:48.008584+00:00,1421784510,-70.375
2026-07-14T01:54:48.008584+00:00,1421785975,-70.373
2026-07-14T01:54:48.008584+00:00,1421787440,-70.383
2026-07-14T01:54:48.008584+00:00,1421788905,-70.394
2026-07-14T01:54:48.008584+00:00,1421790370,-70.339
2026-07-14T01:54:48.008584+00:00,1421791835,-70.29
2026-07-14T01:54:48.008584+00:00,1421793300,-70.354
2026-07-14T01:54:48.008584+00:00,1421794764,-70.358
2026-07-14T01:54:48.008584+00:00,1421796229,-70.386
2026-07-14T01:54:48.008584+00:00,1421797694,-70.387
2026-07-14T01:54:48.008584+00:00,1421799159,-70.375
2026-07-14T01:54:48.008584+00:00,1421800624,-70.319
2026-07-14T01:54:48.008584+00:00,1421802089,-70.319
2026-07-14T01:54:48.008584+00:00,1421803553,-70.33
2026-07-14T01:54:48.008584+00:00,1421805018,-70.278
2026-07-14T01:54:48.008584+00:00,1421806483,-70.311
2026-07-14T01:54:48.008584+00:00,1421807948,-70.347
2026-07-14T01:54:48.008584+00:00,1421809413,-70.293
2026-07-14T01:54:48.008584+00:00,1421810878,-70.308
2026-07-14T01:54:48.008584+00:00,1421812342,-70.213
2026-07-14T01:54:48.008584+00:00,1421813807,-70.244
2026-07-14T01:54:48.008584+00:00,1421815272,-70.298
2026-07-14T01:54:48.008584+00:00,1421816737,-70.233
2026-07-14T01:54:48.008584+00:00,1421818202,-70.186
2026-07-14T01:54:48.008584+00:00,1421819667,-70.275
2026-07-14T01:54:48.008584+00:00,1421821132,-70.271
2026-07-14T01:54:48.008584+00:00,1421822596,-70.267
2026-07-14T01:54:48.008584+00:00,1421824061,-70.29
2026-07-14T01:54:48.008584+00:00,1421825526,-70.341
2026-07-14T01:54:48.008584+00:00,1421826991,-70.279
2026-07-14T01:54:48.008584+00:00,1421828456,-70.24
2026-07-14T01:54:48.008584+00:00,1421829921,-70.219
2026-07-14T01:54:48.008584+00:00,1421831385,-70.252
2026-07-14T01:54:48.008584+00:00,1421832850,-70.273
2026-07-14T01:54:48.008584+00:00,1421834315,-70.295
2026-07-14T01:54:48.008584+00:00,1421835780,-70.313
2026-07-14T01:54:48.008584+00:00,1421837245,-70.266
2026-07-14T01:54:48.008584+00:00,1421838710,-70.294
2026-07-14T01:54:48.008584+00:00,1421840175,-70.31
2026-07-14T01:54:48.008584+00:00,1421841639,-70.301
2026-07-14T01:54:48.008584+00:00,1421843104,-70.24
2026-07-14T01:54:48.008584+00:00,1421844569,-70.27
2026-07-14T01:54:48.008584+00:00,1421846034,-70.228
2026-07-14T01:54:48.008584+00:00,1421847499,-70.22
2026-07-14T01:54:48.008584+00:00,1421848964,-70.237
2026-07-14T01:54:48.008584+00:00,1421850428,-70.23
2026-07-14T01:54:48.008584+00:00,1421851893,-70.245
2026-07-14T01:54:48.008584+00:00,1421853358,-70.26
2026-07-14T01:54:48.008584+00:00,1421854823,-70.273
2026-07-14T01:54:48.008584+00:00,1421856288,-70.267
2026-07-14T01:54:48.008584+00:00,1421857753,-70.184
2026-07-14T01:54:48.008584+00:00,1421859217,-70.204
2026-07-14T01:54:48.008584+00:00,1421860682,-70.288
2026-07-14T01:54:48.008584+00:00,1421862147,-70.252
2026-07-14T01:54:48.008584+00:00,1421863612,-70.221
2026-07-14T01:54:48.008584+00:00,1421865077,-70.172
2026-07-14T01:54:48.008584+00:00,1421866542,-70.191
2026-07-14T01:54:48.008584+00:00,1421868007,-70.201
2026-07-14T01:54:48.008584+00:00,1421869471,-70.153
2026-07-14T01:54:48.008584+00:00,1421870936,-70.133
2026-07-14T01:54:48.008584+00:00,1421872401,-70.227
2026-07-14T01:54:48.008584+00:00,1421873866,-70.25
2026-07-14T01:54:48.008584+00:00,1421875331,-70.217
2026-07-14T01:54:48.008584+00:00,1421876796,-70.231
2026-07-14T01:54:48.008584+00:00,1421878260,-70.222
2026-07-14T01:54:48.008584+00:00,1421879725,-70.206
2026-07-14T01:54:48.008584+00:00,1421881190,-70.244
2026-07-14T01:54:48.008584+00:00,1421882655,-70.242
2026-07-14T01:54:48.008584+00:00,1421884120,-70.209
2026-07-14T01:54:48.008584+00:00,1421885585,-70.195
2026-07-14T01:54:48.008584+00:00,1421887050,-70.272
2026-07-14T01:54:48.008584+00:00,1421888514,-70.24
2026-07-14T01:54:48.008584+00:00,1421889979,-70.211
2026-07-14T01:54:48.008584+00:00,1421891444,-70.175
2026-07-14T01:54:48.008584+00:00,1421892909,-70.151
2026-07-14T01:54:48.008584+00:00,1421894374,-70.217
2026-07-14T01:54:48.008584+00:00,1421895839,-70.203
2026-07-14T01:54:48.008584+00:00,1421897303,-70.134
2026-07-14T01:54:48.008584+00:00,1421898768,-70.159
2026-07-14T01:54:48.008584+00:00,1421900233,-70.201
2026-07-14T01:54:48.008584+00:00,1421901698,-70.173
2026-07-14T01:54:48.008584+00:00,1421903163,-70.241
2026-07-14T01:54:48.008584+00:00,1421904628,-70.274
2026-07-14T01:54:48.008584+00:00,1421906092,-70.212
2026-07-14T01:54:48.008584+00:00,1421907557,-70.312
2026-07-14T01:54:48.008584+00:00,1421909022,-70.256
2026-07-14T01:54:48.008584+00:00,1421910487,-70.263
2026-07-14T01:54:48.008584+00:00,1421911952,-70.263
2026-07-14T01:54:48.008584+00:00,1421913417,-70.227
2026-07-14T01:54:48.008584+00:00,1421914882,-70.248
2026-07-14T01:54:48.008584+00:00,1421916346,-70.198
2026-07-14T01:54:48.008584+00:00,1421917811,-70.201
2026-07-14T01:54:48.008584+00:00,1421919276,-70.199
2026-07-14T01:54:48.008584+00:00,1421920741,-70.2
2026-07-14T01:54:48.008584+00:00,1421922206,-70.197
2026-07-14T01:54:48.008584+00:00,1421923671,-70.239
2026-07-14T01:54:48.008584+00:00,1421925135,-70.255
2026-07-14T01:54:48.008584+00:00,1421926600,-70.219
2026-07-14T01:54:48.008584+00:00,1421928065,-70.223
2026-07-14T01:54:48.008584+00:00,1421929530,-70.268
2026-07-14T01:54:48.008584+00:00,1421930995,-70.246
2026-07-14T01:54:48.008584+00:00,1421932460,-70.228
2026-07-14T01:54:48.008584+00:00,1421933925,-70.237
2026-07-14T01:54:48.008584+00:00,1421935389,-70.216
2026-07-14T01:54:48.008584+00:00,1421936854,-70.23
2026-07-14T01:54:48.008584+00:00,1421938319,-70.235
2026-07-14T01:54:48.008584+00:00,1421939784,-70.199
2026-07-14T01:54:48.008584+00:00,1421941249,-70.161
2026-07-14T01:54:48.008584+00:00,1421942714,-70.204
2026-07-14T01:54:48.008584+00:00,1421944178,-70.222
2026-07-14T01:54:48.008584+00:00,1421945643,-70.257
2026-07-14T01:54:48.008584+00:00,1421947108,-70.194
2026-07-14T01:54:48.008584+00:00,1421948573,-70.171
2026-07-14T01:54:48.008584+00:00,1421950038,-70.128
2026-07-14T01:54:48.008584+00:00,1421951503,-70.141
2026-07-14T01:54:48.008584+00:00,1421952967,-70.211
2026-07-14T01:54:48.008584+00:00,1421954432,-70.218
2026-07-14T01:54:48.008584+00:00,1421955897,-70.155
2026-07-14T01:54:48.008584+00:00,1421957362,-70.163
2026-07-14T01:54:48.008584+00:00,1421958827,-70.236
2026-07-14T01:54:48.008584+00:00,1421960292,-70.242
2026-07-14T01:54:48.008584+00:00,1421961757,-70.172
2026-07-14T01:54:48.008584+00:00,1421963221,-70.252
2026-07-14T01:54:48.008584+00:00,1421964686,-70.226
2026-07-14T01:54:48.008584+00:00,1421966151,-70.177
2026-07-14T01:54:48.008584+00:00,1421967616,-70.199
2026-07-14T01:54:48.008584+00:00,1421969081,-70.222
2026-07-14T01:54:48.008584+00:00,1421970546,-70.241
2026-07-14T01:54:48.008584+00:00,1421972010,-70.249
2026-07-14T01:54:48.008584+00:00,1421973475,-70.207
2026-07-14T01:54:48.008584+00:00,1421974940,-70.158
2026-07-14T01:54:48.008584+00:00,1421976405,-70.185
2026-07-14T01:54:48.008584+00:00,1421977870,-70.214
2026-07-14T01:54:48.008584+00:00,1421979335,-70.218
2026-07-14T01:54:48.008584+00:00,1421980800,-70.221
2026-07-14T01:54:48.008584+00:00,1421982264,-70.233
2026-07-14T01:54:48.008584+00:00,1421983729,-70.211
2026-07-14T01:54:48.008584+00:00,1421985194,-70.271
2026-07-14T01:54:48.008584+00:00,1421986659,-70.22
2026-07-14T01:54:48.008584+00:00,1421988124,-70.185
2026-07-14T01:54:48.008584+00:00,1421989589,-70.197
2026-07-14T01:54:48.008584+00:00,1421991053,-70.147
2026-07-14T01:54:48.008584+00:00,1421992518,-70.182
2026-07-14T01:54:48.008584+00:00,1421993983,-70.179
2026-07-14T01:54:48.008584+00:00,1421995448,-70.209
2026-07-14T01:54:48.008584+00:00,1421996913,-70.212
2026-07-14T01:54:48.008584+00:00,1421998378,-70.162
2026-07-14T01:54:48.008584+00:00,1421999842,-70.183
2026-07-14T01:54:48.008584+00:00,1422001307,-70.209
2026-07-14T01:54:48.008584+00:00,1422002772,-70.207
2026-07-14T01:54:48.008584+00:00,1422004237,-70.236
2026-07-14T01:54:48.008584+00:00,1422005702,-70.183
2026-07-14T01:54:48.008584+00:00,1422007167,-70.147
2026-07-14T01:54:48.008584+00:00,1422008632,-70.148
2026-07-14T01:54:48.008584+00:00,1422010096,-70.165
2026-07-14T01:54:48.008584+00:00,1422011561,-70.139
2026-07-14T01:54:48.008584+00:00,1422013026,-70.192
2026-07-14T01:54:48.008584+00:00,1422014491,-70.235
2026-07-14T01:54:48.008584+00:00,1422015956,-70.208
2026-07-14T01:54:48.008584+00:00,1422017421,-70.135
2026-07-14T01:54:48.008584+00:00,1422018885,-70.14
2026-07-14T01:54:48.008584+00:00,1422020350,-70.139
2026-07-14T01:54:48.008584+00:00,1422021815,-70.114
2026-07-14T01:54:48.008584+00:00,1422023280,-70.14
2026-07-14T01:54:48.008584+00:00,1422024745,-70.196
2026-07-14T01:54:48.008584+00:00,1422026210,-70.211
2026-07-14T01:54:48.008584+00:00,1422027675,-70.15
2026-07-14T01:54:48.008584+00:00,1422029139,-70.101
2026-07-14T01:54:48.008584+00:00,1422030604,-70.108
2026-07-14T01:54:48.008584+00:00,1422032069,-70.128
2026-07-14T01:54:48.008584+00:00,1422033534,-70.149
2026-07-14T01:54:48.008584+00:00,1422034999,-70.101
2026-07-14T01:54:48.008584+00:00,1422036464,-70.051
2026-07-14T01:54:48.008584+00:00,1422037928,-70.1
2026-07-14T01:54:48.008584+00:00,1422039393,-70.131
2026-07-14T01:54:48.008584+00:00,1422040858,-70.149
2026-07-14T01:54:48.008584+00:00,1422042323,-70.181
2026-07-14T01:54:48.008584+00:00,1422043788,-70.166
2026-07-14T01:54:48.008584+00:00,1422045253,-70.123
2026-07-14T01:54:48.008584+00:00,1422046717,-70.091
2026-07-14T01:54:48.008584+00:00,1422048182,-70.136
2026-07-14T01:54:48.008584+00:00,1422049647,-70.177
2026-07-14T01:54:48.008584+00:00,1422051112,-70.112
2026-07-14T01:54:48.008584+00:00,1422052577,-70.064
2026-07-14T01:54:48.008584+00:00,1422054042,-70.063
2026-07-14T01:54:48.008584+00:00,1422055507,-70.15
2026-07-14T01:54:48.008584+00:00,1422056971,-70.127
2026-07-14T01:54:48.008584+00:00,1422058436,-70.112
2026-07-14T01:54:48.008584+00:00,1422059901,-70.122
2026-07-14T01:54:48.008584+00:00,1422061366,-70.046
2026-07-14T01:54:48.008584+00:00,1422062831,-70.037
2026-07-14T01:54:48.008584+00:00,1422064296,-70.08
2026-07-14T01:54:48.008584+00:00,1422065760,-70.083
2026-07-14T01:54:48.008584+00:00,1422067225,-70.047
2026-07-14T01:54:48.008584+00:00,1422068690,-70.026
2026-07-14T01:54:48.008584+00:00,1422070155,-70.006
2026-07-14T01:54:48.008584+00:00,1422071620,-70.015
2026-07-14T01:54:48.008584+00:00,1422073085,-70.064
2026-07-14T01:54:48.008584+00:00,1422074550,-70.057
2026-07-14T01:54:48.008584+00:00,1422076014,-70.061
2026-07-14T01:54:48.008584+00:00,1422077479,-70.012
2026-07-14T01:54:48.008584+00:00,1422078944,-69.99
2026-07-14T01:54:48.008584+00:00,1422080409,-69.986
2026-07-14T01:54:48.008584+00:00,1422081874,-70.013
2026-07-14T01:54:48.008584+00:00,1422083339,-70.002
2026-07-14T01:54:48.008584+00:00,1422084803,-70.063
2026-07-14T01:54:48.008584+00:00,1422086268,-70.038
2026-07-14T01:54:48.008584+00:00,1422087733,-70.012
2026-07-14T01:54:48.008584+00:00,1422089198,-69.984
2026-07-14T01:54:48.008584+00:00,1422090663,-69.95
2026-07-14T01:54:48.008584+00:00,1422092128,-70.021
2026-07-14T01:54:48.008584+00:00,1422093592,-70.071
2026-07-14T01:54:48.008584+00:00,1422095057,-69.965
2026-07-14T01:54:48.008584+00:00,1422096522,-70.002
2026-07-14T01:54:48.008584+00:00,1422097987,-69.999
2026-07-14T01:54:48.008584+00:00,1422099452,-69.967
2026-07-14T01:54:48.008584+00:00,1422100917,-69.919
2026-07-14T01:54:48.008584+00:00,1422102382,-69.909
2026-07-14T01:54:48.008584+00:00,1422103846,-69.894
2026-07-14T01:54:48.008584+00:00,1422105311,-69.95
2026-07-14T01:54:48.008584+00:00,1422106776,-69.902
2026-07-14T01:54:48.008584+00:00,1422108241,-69.911
2026-07-14T01:54:48.008584+00:00,1422109706,-69.918
2026-07-14T01:54:48.008584+00:00,1422111171,-69.888
2026-07-14T01:54:48.008584+00:00,1422112635,-69.923
2026-07-14T01:54:48.008584+00:00,1422114100,-69.897
2026-07-14T01:54:48.008584+00:00,1422115565,-69.856
2026-07-14T01:54:48.008584+00:00,1422117030,-69.849
2026-07-14T01:54:48.008584+00:00,1422118495,-69.842
2026-07-14T01:54:48.008584+00:00,1422119960,-69.932
2026-07-14T01:54:48.008584+00:00,1422121425,-69.905
2026-07-14T01:54:48.008584+00:00,1422122889,-69.921
2026-07-14T01:54:48.008584+00:00,1422124354,-69.92
2026-07-14T01:54:48.008584+00:00,1422125819,-69.923
2026-07-14T01:54:48.008584+00:00,1422127284,-69.881
2026-07-14T01:54:48.008584+00:00,1422128749,-69.867
2026-07-14T01:54:48.008584+00:00,1422130214,-69.882
2026-07-14T01:54:48.008584+00:00,1422131678,-69.816
2026-07-14T01:54:48.008584+00:00,1422133143,-69.844
2026-07-14T01:54:48.008584+00:00,1422134608,-69.873
2026-07-14T01:54:48.008584+00:00,1422136073,-69.84
2026-07-14T01:54:48.008584+00:00,1422137538,-69.762
2026-07-14T01:54:48.008584+00:00,1422139003,-69.79
2026-07-14T01:54:48.008584+00:00,1422140467,-69.855
2026-07-14T01:54:48.008584+00:00,1422141932,-69.825
2026-07-14T01:54:48.008584+00:00,1422143397,-69.812
2026-07-14T01:54:48.008584+00:00,1422144862,-69.799
2026-07-14T01:54:48.008584+00:00,1422146327,-69.825
2026-07-14T01:54:48.008584+00:00,1422147792,-69.846
2026-07-14T01:54:48.008584+00:00,1422149257,-69.758
2026-07-14T01:54:48.008584+00:00,1422150721,-69.764
2026-07-14T01:54:48.008584+00:00,1422152186,-69.837
2026-07-14T01:54:48.008584+00:00,1422153651,-69.826
2026-07-14T01:54:48.008584+00:00,1422155116,-69.841
2026-07-14T01:54:48.008584+00:00,1422156581,-69.829
2026-07-14T01:54:48.008584+00:00,1422158046,-69.738
2026-07-14T01:54:48.008584+00:00,1422159510,-69.774
2026-07-14T01:54:48.008584+00:00,1422160975,-69.781
2026-07-14T01:54:48.008584+00:00,1422162440,-69.798
2026-07-14T01:54:48.008584+00:00,1422163905,-69.773
2026-07-14T01:54:48.008584+00:00,1422165370,-69.698
2026-07-14T01:54:48.008584+00:00,1422166835,-69.674
2026-07-14T01:54:48.008584+00:00,1422168300,-69.684
2026-07-14T01:54:48.008584+00:00,1422169764,-69.773
2026-07-14T01:54:48.008584+00:00,1422171229,-69.712
2026-07-14T01:54:48.008584+00:00,1422172694,-69.715
2026-07-14T01:54:48.008584+00:00,1422174159,-69.736
2026-07-14T01:54:48.008584+00:00,1422175624,-69.723
2026-07-14T01:54:48.008584+00:00,1422177089,-69.708
2026-07-14T01:54:48.008584+00:00,1422178553,-69.687
2026-07-14T01:54:48.008584+00:00,1422180018,-69.671
2026-07-14T01:54:48.008584+00:00,1422181483,-69.682
2026-07-14T01:54:48.008584+00:00,1422182948,-69.686
2026-07-14T01:54:48.008584+00:00,1422184413,-69.702
2026-07-14T01:54:48.008584+00:00,1422185878,-69.659
2026-07-14T01:54:48.008584+00:00,1422187342,-69.723
2026-07-14T01:54:48.008584+00:00,1422188807,-69.752
2026-07-14T01:54:48.008584+00:00,1422190272,-69.652
2026-07-14T01:54:48.008584+00:00,1422191737,-69.66
2026-07-14T01:54:48.008584+00:00,1422193202,-69.629
2026-07-14T01:54:48.008584+00:00,1422194667,-69.62
2026-07-14T01:54:48.008584+00:00,1422196132,-69.705
2026-07-14T01:54:48.008584+00:00,1422197596,-69.644
2026-07-14T01:54:48.008584+00:00,1422199061,-69.608
2026-07-14T01:54:48.008584+00:00,1422200526,-69.65
2026-07-14T01:54:48.008584+00:00,1422201991,-69.659
2026-07-14T01:54:48.008584+00:00,1422203456,-69.618
2026-07-14T01:54:48.008584+00:00,1422204921,-69.653
2026-07-14T01:54:48.008584+00:00,1422206385,-69.693
2026-07-14T01:54:48.008584+00:00,1422207850,-69.625
2026-07-14T01:54:48.008584+00:00,1422209315,-69.58
2026-07-14T01:54:48.008584+00:00,1422210780,-69.576
2026-07-14T01:54:48.008584+00:00,1422212245,-69.557
2026-07-14T01:54:48.008584+00:00,1422213710,-69.618
2026-07-14T01:54:48.008584+00:00,1422215175,-69.61
2026-07-14T01:54:48.008584+00:00,1422216639,-69.541
2026-07-14T01:54:48.008584+00:00,1422218104,-69.56
2026-07-14T01:54:48.008584+00:00,1422219569,-69.587
2026-07-14T01:54:48.008584+00:00,1422221034,-69.587
2026-07-14T01:54:48.008584+00:00,1422222499,-69.609
2026-07-14T01:54:48.008584+00:00,1422223964,-69.682
2026-07-14T01:54:48.008584+00:00,1422225428,-69.621
2026-07-14T01:54:48.008584+00:00,1422226893,-69.562
2026-07-14T01:54:48.008584+00:00,1422228358,-69.57
2026-07-14T01:54:48.008584+00:00,1422229823,-69.575
2026-07-14T01:54:48.008584+00:00,1422231288,-69.559
2026-07-14T01:54:48.008584+00:00,1422232753,-69.59
2026-07-14T01:54:48.008584+00:00,1422234217,-69.576
2026-07-14T01:54:48.008584+00:00,1422235682,-69.562
2026-07-14T01:54:48.008584+00:00,1422237147,-69.598
2026-07-14T01:54:48.008584+00:00,1422238612,-69.547
2026-07-14T01:54:48.008584+00:00,1422240077,-69.581
2026-07-14T01:54:48.008584+00:00,1422241542,-69.569
2026-07-14T01:54:48.008584+00:00,1422243007,-69.557
2026-07-14T01:54:48.008584+00:00,1422244471,-69.557
2026-07-14T01:54:48.008584+00:00,1422245936,-69.633
2026-07-14T01:54:48.008584+00:00,1422247401,-69.549
2026-07-14T01:54:48.008584+00:00,1422248866,-69.512
2026-07-14T01:54:48.008584+00:00,1422250331,-69.515
2026-07-14T01:54:48.008584+00:00,1422251796,-69.529
2026-07-14T01:54:48.008584+00:00,1422253260,-69.501
2026-07-14T01:54:48.008584+00:00,1422254725,-69.507
2026-07-14T01:54:48.008584+00:00,1422256190,-69.577
2026-07-14T01:54:48.008584+00:00,1422257655,-69.519
2026-07-14T01:54:48.008584+00:00,1422259120,-69.552
2026-07-14T01:54:48.008584+00:00,1422260585,-69.584
2026-07-14T01:54:48.008584+00:00,1422262050,-69.495
2026-07-14T01:54:48.008584+00:00,1422263514,-69.499
2026-07-14T01:54:48.008584+00:00,1422264979,-69.539
2026-07-14T01:54:48.008584+00:00,1422266444,-69.563
2026-07-14T01:54:48.008584+00:00,1422267909,-69.508
2026-07-14T01:54:48.008584+00:00,1422269374,-69.568
2026-07-14T01:54:48.008584+00:00,1422270839,-69.517
2026-07-14T01:54:48.008584+00:00,1422272303,-69.506
2026-07-14T01:54:48.008584+00:00,1422273768,-69.556
2026-07-14T01:54:48.008584+00:00,1422275233,-69.532
2026-07-14T01:54:48.008584+00:00,1422276698,-69.433
2026-07-14T01:54:48.008584+00:00,1422278163,-69.454
2026-07-14T01:54:48.008584+00:00,1422279628,-69.493
2026-07-14T01:54:48.008584+00:00,1422281092,-69.51
2026-07-14T01:54:48.008584+00:00,1422282557,-69.514
2026-07-14T01:54:48.008584+00:00,1422284022,-69.498
2026-07-14T01:54:48.008584+00:00,1422285487,-69.536
2026-07-14T01:54:48.008584+00:00,1422286952,-69.477
2026-07-14T01:54:48.008584+00:00,1422288417,-69.433
2026-07-14T01:54:48.008584+00:00,1422289882,-69.429
2026-07-14T01:54:48.008584+00:00,1422291346,-69.466
2026-07-14T01:54:48.008584+00:00,1422292811,-69.424
2026-07-14T01:54:48.008584+00:00,1422294276,-69.358
2026-07-14T01:54:48.008584+00:00,1422295741,-69.491
2026-07-14T01:54:48.008584+00:00,1422297206,-69.512
2026-07-14T01:54:48.008584+00:00,1422298671,-69.493
2026-07-14T01:54:48.008584+00:00,1422300135,-69.513
2026-07-14T01:54:48.008584+00:00,1422301600,-69.554
2026-07-14T01:54:48.008584+00:00,1422303065,-69.597
2026-07-14T01:54:48.008584+00:00,1422304530,-69.553
2026-07-14T01:54:48.008584+00:00,1422305995,-69.482
2026-07-14T01:54:48.008584+00:00,1422307460,-69.469
2026-07-14T01:54:48.008584+00:00,1422308925,-69.506
2026-07-14T01:54:48.008584+00:00,1422310389,-69.475
2026-07-14T01:54:48.008584+00:00,1422311854,-69.465
2026-07-14T01:54:48.008584+00:00,1422313319,-69.459
2026-07-14T01:54:48.008584+00:00,1422314784,-69.469
2026-07-14T01:54:48.008584+00:00,1422316249,-69.468
2026-07-14T01:54:48.008584+00:00,1422317714,-69.458
2026-07-14T01:54:48.008584+00:00,1422319178,-69.509
2026-07-14T01:54:48.008584+00:00,1422320643,-69.493
2026-07-14T01:54:48.008584+00:00,1422322108,-69.49
2026-07-14T01:54:48.008584+00:00,1422323573,-69.45
2026-07-14T01:54:48.008584+00:00,1422325038,-69.374
2026-07-14T01:54:48.008584+00:00,1422326503,-69.456
2026-07-14T01:54:48.008584+00:00,1422327967,-69.552
2026-07-14T01:54:48.008584+00:00,1422329432,-69.525
2026-07-14T01:54:48.008584+00:00,1422330897,-69.464
2026-07-14T01:54:48.008584+00:00,1422332362,-69.492
2026-07-14T01:54:48.008584+00:00,1422333827,-69.453
2026-07-14T01:54:48.008584+00:00,1422335292,-69.423
2026-07-14T01:54:48.008584+00:00,1422336757,-69.481
2026-07-14T01:54:48.008584+00:00,1422338221,-69.533
2026-07-14T01:54:48.008584+00:00,1422339686,-69.477
2026-07-14T01:54:48.008584+00:00,1422341151,-69.492
2026-07-14T01:54:48.008584+00:00,1422342616,-69.519
2026-07-14T01:54:48.008584+00:00,1422344081,-69.512
2026-07-14T01:54:48.008584+00:00,1422345546,-69.5
2026-07-14T01:54:48.008584+00:00,1422347010,-69.442
2026-07-14T01:54:48.008584+00:00,1422348475,-69.421
2026-07-14T01:54:48.008584+00:00,1422349940,-69.411
2026-07-14T01:54:48.008584+00:00,1422351405,-69.414
2026-07-14T01:54:48.008584+00:00,1422352870,-69.446
2026-07-14T01:54:48.008584+00:00,1422354335,-69.475
2026-07-14T01:54:48.008584+00:00,1422355800,-69.487
2026-07-14T01:54:48.008584+00:00,1422357264,-69.542
2026-07-14T01:54:48.008584+00:00,1422358729,-69.45
2026-07-14T01:54:48.008584+00:00,1422360194,-69.468
2026-07-14T01:54:48.008584+00:00,1422361659,-69.482
2026-07-14T01:54:48.008584+00:00,1422363124,-69.52
2026-07-14T01:54:48.008584+00:00,1422364589,-69.48
2026-07-14T01:54:48.008584+00:00,1422366053,-69.483
2026-07-14T01:54:48.008584+00:00,1422367518,-69.515
2026-07-14T01:54:48.008584+00:00,1422368983,-69.41
2026-07-14T01:54:48.008584+00:00,1422370448,-69.453
2026-07-14T01:54:48.008584+00:00,1422371913,-69.511
2026-07-14T01:54:48.008584+00:00,1422373378,-69.461
2026-07-14T01:54:48.008584+00:00,1422374842,-69.445
2026-07-14T01:54:48.008584+00:00,1422376307,-69.474
2026-07-14T01:54:48.008584+00:00,1422377772,-69.488
2026-07-14T01:54:48.008584+00:00,1422379237,-69.474
2026-07-14T01:54:48.008584+00:00,1422380702,-69.425
2026-07-14T01:54:48.008584+00:00,1422382167,-69.411
2026-07-14T01:54:48.008584+00:00,1422383632,-69.449
2026-07-14T01:54:48.008584+00:00,1422385096,-69.488
2026-07-14T01:54:48.008584+00:00,1422386561,-69.435
2026-07-14T01:54:48.008584+00:00,1422388026,-69.46
2026-07-14T01:54:48.008584+00:00,1422389491,-69.473
2026-07-14T01:54:48.008584+00:00,1422390956,-69.423
2026-07-14T01:54:48.008584+00:00,1422392421,-69.476
2026-07-14T01:54:48.008584+00:00,1422393885,-69.497
2026-07-14T01:54:48.008584+00:00,1422395350,-69.478
2026-07-14T01:54:48.008584+00:00,1422396815,-69.466
2026-07-14T01:54:48.008584+00:00,1422398280,-69.415
2026-07-14T01:54:48.008584+00:00,1422399745,-69.427
2026-07-14T01:54:48.008584+00:00,1422401210,-69.394
2026-07-14T01:54:48.008584+00:00,1422402675,-69.44
2026-07-14T01:54:48.008584+00:00,1422404139,-69.474
2026-07-14T01:54:48.008584+00:00,1422405604,-69.427
2026-07-14T01:54:48.008584+00:00,1422407069,-69.387
2026-07-14T01:54:48.008584+00:00,1422408534,-69.391
2026-07-14T01:54:48.008584+00:00,1422409999,-69.449
2026-07-14T01:54:48.008584+00:00,1422411464,-69.458
2026-07-14T01:54:48.008584+00:00,1422412928,-69.427
2026-07-14T01:54:48.008584+00:00,1422414393,-69.418
2026-07-14T01:54:48.008584+00:00,1422415858,-69.429
2026-07-14T01:54:48.008584+00:00,1422417323,-69.433
2026-07-14T01:54:48.008584+00:00,1422418788,-69.452
2026-07-14T01:54:48.008584+00:00,1422420253,-69.443
2026-07-14T01:54:48.008584+00:00,1422421717,-69.459
2026-07-14T01:54:48.008584+00:00,1422423182,-69.442
2026-07-14T01:54:48.008584+00:00,1422424647,-69.502
2026-07-14T01:54:48.008584+00:00,1422426112,-69.458
2026-07-14T01:54:48.008584+00:00,1422427577,-69.409
2026-07-14T01:54:48.008584+00:00,1422429042,-69.443
2026-07-14T01:54:48.008584+00:00,1422430507,-69.45
2026-07-14T01:54:48.008584+00:00,1422431971,-69.484
2026-07-14T01:54:48.008584+00:00,1422433436,-69.453
2026-07-14T01:54:48.008584+00:00,1422434901,-69.477
2026-07-14T01:54:48.008584+00:00,1422436366,-69.434
2026-07-14T01:54:48.008584+00:00,1422437831,-69.448
2026-07-14T01:54:48.008584+00:00,1422439296,-69.417
2026-07-14T01:54:48.008584+00:00,1422440760,-69.452
2026-07-14T01:54:48.008584+00:00,1422442225,-69.47
2026-07-14T01:54:48.008584+00:00,1422443690,-69.45
2026-07-14T01:54:48.008584+00:00,1422445155,-69.406
2026-07-14T01:54:48.008584+00:00,1422446620,-69.396
2026-07-14T01:54:48.008584+00:00,1422448085,-69.355
2026-07-14T01:54:48.008584+00:00,1422449550,-69.446
2026-07-14T01:54:48.008584+00:00,1422451014,-69.441
2026-07-14T01:54:48.008584+00:00,1422452479,-69.411
2026-07-14T01:54:48.008584+00:00,1422453944,-69.408
2026-07-14T01:54:48.008584+00:00,1422455409,-69.427
2026-07-14T01:54:48.008584+00:00,1422456874,-69.369
2026-07-14T01:54:48.008584+00:00,1422458339,-69.309
2026-07-14T01:54:48.008584+00:00,1422459803,-69.353
2026-07-14T01:54:48.008584+00:00,1422461268,-69.341
2026-07-14T01:54:48.008584+00:00,1422462733,-69.32
2026-07-14T01:54:48.008584+00:00,1422464198,-69.321
2026-07-14T01:54:48.008584+00:00,1422465663,-69.34
2026-07-14T01:54:48.008584+00:00,1422467128,-69.319
2026-07-14T01:54:48.008584+00:00,1422468592,-69.353
2026-07-14T01:54:48.008584+00:00,1422470057,-69.365
2026-07-14T01:54:48.008584+00:00,1422471522,-69.329
2026-07-14T01:54:48.008584+00:00,1422472987,-69.368
2026-07-14T01:54:48.008584+00:00,1422474452,-69.355
2026-07-14T01:54:48.008584+00:00,1422475917,-69.314
2026-07-14T01:54:48.008584+00:00,1422477382,-69.303
2026-07-14T01:54:48.008584+00:00,1422478846,-69.259
2026-07-14T01:54:48.008584+00:00,1422480311,-69.273
2026-07-14T01:54:48.008584+00:00,1422481776,-69.268
2026-07-14T01:54:48.008584+00:00,1422483241,-69.349
2026-07-14T01:54:48.008584+00:00,1422484706,-69.304
2026-07-14T01:54:48.008584+00:00,1422486171,-69.348
2026-07-14T01:54:48.008584+00:00,1422487635,-69.294
2026-07-14T01:54:48.008584+00:00,1422489100,-69.329
2026-07-14T01:54:48.008584+00:00,1422490565,-69.332
2026-07-14T01:54:48.008584+00:00,1422492030,-69.324
2026-07-14T01:54:48.008584+00:00,1422493495,-69.328
2026-07-14T01:54:48.008584+00:00,1422494960,-69.296
2026-07-14T01:54:48.008584+00:00,1422496425,-69.302
2026-07-14T01:54:48.008584+00:00,1422497889,-69.255
2026-07-14T01:54:48.008584+00:00,1422499354,-69.265
2026-07-14T01:54:48.008584+00:00,1422500819,-69.314
2026-07-14T01:54:48.008584+00:00,1422502284,-69.32
2026-07-14T01:54:48.008584+00:00,1422503749,-69.311
2026-07-14T01:54:48.008584+00:00,1422505214,-69.298
2026-07-14T01:54:48.008584+00:00,1422506678,-69.235
2026-07-14T01:54:48.008584+00:00,1422508143,-69.265
2026-07-14T01:54:48.008584+00:00,1422509608,-69.316
2026-07-14T01:54:48.008584+00:00,1422511073,-69.271
2026-07-14T01:54:48.008584+00:00,1422512538,-69.225
2026-07-14T01:54:48.008584+00:00,1422514003,-69.207
2026-07-14T01:54:48.008584+00:00,1422515467,-69.253
2026-07-14T01:54:48.008584+00:00,1422516932,-69.228
2026-07-14T01:54:48.008584+00:00,1422518397,-69.216
2026-07-14T01:54:48.008584+00:00,1422519862,-69.268
2026-07-14T01:54:48.008584+00:00,1422521327,-69.249
2026-07-14T01:54:48.008584+00:00,1422522792,-69.247
2026-07-14T01:54:48.008584+00:00,1422524257,-69.287
2026-07-14T01:54:48.008584+00:00,1422525721,-69.254
2026-07-14T01:54:48.008584+00:00,1422527186,-69.216
2026-07-14T01:54:48.008584+00:00,1422528651,-69.22
2026-07-14T01:54:48.008584+00:00,1422530116,-69.233
2026-07-14T01:54:48.008584+00:00,1422531581,-69.184
2026-07-14T01:54:48.008584+00:00,1422533046,-69.18
2026-07-14T01:54:48.008584+00:00,1422534510,-69.237
2026-07-14T01:54:48.008584+00:00,1422535975,-69.311
2026-07-14T01:54:48.008584+00:00,1422537440,-69.246
2026-07-14T01:54:48.008584+00:00,1422538905,-69.234
2026-07-14T01:54:48.008584+00:00,1422540370,-69.187
2026-07-14T01:54:48.008584+00:00,1422541835,-69.174
2026-07-14T01:54:48.008584+00:00,1422543300,-69.16
2026-07-14T01:54:48.008584+00:00,1422544764,-69.214
2026-07-14T01:54:48.008584+00:00,1422546229,-69.201
2026-07-14T01:54:48.008584+00:00,1422547694,-69.209
2026-07-14T01:54:48.008584+00:00,1422549159,-69.25
2026-07-14T01:54:48.008584+00:00,1422550624,-69.176
2026-07-14T01:54:48.008584+00:00,1422552089,-69.195
2026-07-14T01:54:48.008584+00:00,1422553553,-69.183
2026-07-14T01:54:48.008584+00:00,1422555018,-69.202
2026-07-14T01:54:48.008584+00:00,1422556483,-69.171
2026-07-14T01:54:48.008584+00:00,1422557948,-69.115
2026-07-14T01:54:48.008584+00:00,1422559413,-69.209
2026-07-14T01:54:48.008584+00:00,1422560878,-69.167
2026-07-14T01:54:48.008584+00:00,1422562342,-69.149
2026-07-14T01:54:48.008584+00:00,1422563807,-69.174
2026-07-14T01:54:48.008584+00:00,1422565272,-69.083
2026-07-14T01:54:48.008584+00:00,1422566737,-69.124
2026-07-14T01:54:48.008584+00:00,1422568202,-69.142
2026-07-14T01:54:48.008584+00:00,1422569667,-69.082
2026-07-14T01:54:48.008584+00:00,1422571132,-69.149
2026-07-14T01:54:48.008584+00:00,1422572596,-69.146
2026-07-14T01:54:48.008584+00:00,1422574061,-69.175
2026-07-14T01:54:48.008584+00:00,1422575526,-69.183
2026-07-14T01:54:48.008584+00:00,1422576991,-69.168
2026-07-14T01:54:48.008584+00:00,1422578456,-69.136
2026-07-14T01:54:48.008584+00:00,1422579921,-69.18
2026-07-14T01:54:48.008584+00:00,1422581385,-69.191
2026-07-14T01:54:48.008584+00:00,1422582850,-69.176
2026-07-14T01:54:48.008584+00:00,1422584315,-69.109
2026-07-14T01:54:48.008584+00:00,1422585780,-69.112
2026-07-14T01:54:48.008584+00:00,1422587245,-69.163
2026-07-14T01:54:48.008584+00:00,1422588710,-69.104
2026-07-14T01:54:48.008584+00:00,1422590175,-69.083
2026-07-14T01:54:48.008584+00:00,1422591639,-69.163
2026-07-14T01:54:48.008584+00:00,1422593104,-69.127
2026-07-14T01:54:48.008584+00:00,1422594569,-69.113
2026-07-14T01:54:48.008584+00:00,1422596034,-69.136
2026-07-14T01:54:48.008584+00:00,1422597499,-69.147
2026-07-14T01:54:48.008584+00:00,1422598964,-69.166
2026-07-14T01:54:48.008584+00:00,1422600428,-69.14
2026-07-14T01:54:48.008584+00:00,1422601893,-69.13
2026-07-14T01:54:48.008584+00:00,1422603358,-69.164
2026-07-14T01:54:48.008584+00:00,1422604823,-69.111
2026-07-14T01:54:48.008584+00:00,1422606288,-69.171
2026-07-14T01:54:48.008584+00:00,1422607753,-69.149
2026-07-14T01:54:48.008584+00:00,1422609217,-69.148
2026-07-14T01:54:48.008584+00:00,1422610682,-69.139
2026-07-14T01:54:48.008584+00:00,1422612147,-69.12
2026-07-14T01:54:48.008584+00:00,1422613612,-69.08
2026-07-14T01:54:48.008584+00:00,1422615077,-69.136
2026-07-14T01:54:48.008584+00:00,1422616542,-69.159
2026-07-14T01:54:48.008584+00:00,1422618007,-69.1
2026-07-14T01:54:48.008584+00:00,1422619471,-69.068
2026-07-14T01:54:48.008584+00:00,1422620936,-69.059
2026-07-14T01:54:48.008584+00:00,1422622401,-69.073
2026-07-14T01:54:48.008584+00:00,1422623866,-69.082
2026-07-14T01:54:48.008584+00:00,1422625331,-69.079
2026-07-14T01:54:48.008584+00:00,1422626796,-69.066
2026-07-14T01:54:48.008584+00:00,1422628260,-69.082
2026-07-14T01:54:48.008584+00:00,1422629725,-69.095
2026-07-14T01:54:48.008584+00:00,1422631190,-69.031
2026-07-14T01:54:48.008584+00:00,1422632655,-69.038
2026-07-14T01:54:48.008584+00:00,1422634120,-69.075
2026-07-14T01:54:48.008584+00:00,1422635585,-69.074
2026-07-14T01:54:48.008584+00:00,1422637050,-69.057
2026-07-14T01:54:48.008584+00:00,1422638514,-69.104
2026-07-14T01:54:48.008584+00:00,1422639979,-69.106
2026-07-14T01:54:48.008584+00:00,1422641444,-69.094
2026-07-14T01:54:48.008584+00:00,1422642909,-69.058
2026-07-14T01:54:48.008584+00:00,1422644374,-69.038
2026-07-14T01:54:48.008584+00:00,1422645839,-68.993
2026-07-14T01:54:48.008584+00:00,1422647303,-68.996
2026-07-14T01:54:48.008584+00:00,1422648768,-69.034
2026-07-14T01:54:48.008584+00:00,1422650233,-69.039
2026-07-14T01:54:48.008584+00:00,1422651698,-69.016
2026-07-14T01:54:48.008584+00:00,1422653163,-69.01
2026-07-14T01:54:48.008584+00:00,1422654628,-69.057
2026-07-14T01:54:48.008584+00:00,1422656092,-69.053
2026-07-14T01:54:48.008584+00:00,1422657557,-69.016
2026-07-14T01:54:48.008584+00:00,1422659022,-69.045
2026-07-14T01:54:48.008584+00:00,1422660487,-69.023
2026-07-14T01:54:48.008584+00:00,1422661952,-69.03
2026-07-14T01:54:48.008584+00:00,1422663417,-69.067
2026-07-14T01:54:48.008584+00:00,1422664882,-69.013
2026-07-14T01:54:48.008584+00:00,1422666346,-68.998
2026-07-14T01:54:48.008584+00:00,1422667811,-69.047
2026-07-14T01:54:48.008584+00:00,1422669276,-69.042
2026-07-14T01:54:48.008584+00:00,1422670741,-69.079
2026-07-14T01:54:48.008584+00:00,1422672206,-69.072
2026-07-14T01:54:48.008584+00:00,1422673671,-69.044
2026-07-14T01:54:48.008584+00:00,1422675135,-69.049
2026-07-14T01:54:48.008584+00:00,1422676600,-69.018
2026-07-14T01:54:48.008584+00:00,1422678065,-68.998
2026-07-14T01:54:48.008584+00:00,1422679530,-68.938
2026-07-14T01:54:48.008584+00:00,1422680995,-69.029
2026-07-14T01:54:48.008584+00:00,1422682460,-69.054
2026-07-14T01:54:48.008584+00:00,1422683925,-69.047
2026-07-14T01:54:48.008584+00:00,1422685389,-69.033
2026-07-14T01:54:48.008584+00:00,1422686854,-68.964
2026-07-14T01:54:48.008584+00:00,1422688319,-69.053
2026-07-14T01:54:48.008584+00:00,1422689784,-69.088
2026-07-14T01:54:48.008584+00:00,1422691249,-69.051
2026-07-14T01:54:48.008584+00:00,1422692714,-69.044
2026-07-14T01:54:48.008584+00:00,1422694178,-68.989
2026-07-14T01:54:48.008584+00:00,1422695643,-69.021
2026-07-14T01:54:48.008584+00:00,1422697108,-68.983
2026-07-14T01:54:48.008584+00:00,1422698573,-68.993
2026-07-14T01:54:48.008584+00:00,1422700038,-68.995
2026-07-14T01:54:48.008584+00:00,1422701503,-69.045
2026-07-14T01:54:48.008584+00:00,1422702967,-69.078
2026-07-14T01:54:48.008584+00:00,1422704432,-68.974
2026-07-14T01:54:48.008584+00:00,1422705897,-69.022
2026-07-14T01:54:48.008584+00:00,1422707362,-69.065
2026-07-14T01:54:48.008584+00:00,1422708827,-69.003
2026-07-14T01:54:48.008584+00:00,1422710292,-68.963
2026-07-14T01:54:48.008584+00:00,1422711757,-68.971
2026-07-14T01:54:48.008584+00:00,1422713221,-69.008
2026-07-14T01:54:48.008584+00:00,1422714686,-69.022
2026-07-14T01:54:48.008584+00:00,1422716151,-69.009
2026-07-14T01:54:48.008584+00:00,1422717616,-68.979
2026-07-14T01:54:48.008584+00:00,1422719081,-69.026
2026-07-14T01:54:48.008584+00:00,1422720546,-69.044
2026-07-14T01:54:48.008584+00:00,1422722010,-69.051
2026-07-14T01:54:48.008584+00:00,1422723475,-68.965
2026-07-14T01:54:48.008584+00:00,1422724940,-69.004
2026-07-14T01:54:48.008584+00:00,1422726405,-69.01
2026-07-14T01:54:48.008584+00:00,1422727870,-69.012
2026-07-14T01:54:48.008584+00:00,1422729335,-69.01
2026-07-14T01:54:48.008584+00:00,1422730800,-69.024
2026-07-14T01:54:48.008584+00:00,1422732264,-69.012
2026-07-14T01:54:48.008584+00:00,1422733729,-69.007
2026-07-14T01:54:48.008584+00:00,1422735194,-69.061
2026-07-14T01:54:48.008584+00:00,1422736659,-68.957
2026-07-14T01:54:48.008584+00:00,1422738124,-68.949
2026-07-14T01:54:48.008584+00:00,1422739589,-68.919
2026-07-14T01:54:48.008584+00:00,1422741053,-68.941
2026-07-14T01:54:48.008584+00:00,1422742518,-68.923
2026-07-14T01:54:48.008584+00:00,1422743983,-68.959
2026-07-14T01:54:48.008584+00:00,1422745448,-68.954
2026-07-14T01:54:48.008584+00:00,1422746913,-69.026
2026-07-14T01:54:48.008584+00:00,1422748378,-69.034
2026-07-14T01:54:48.008584+00:00,1422749842,-68.953
2026-07-14T01:54:48.008584+00:00,1422751307,-69.015
2026-07-14T01:54:48.008584+00:00,1422752772,-68.974
2026-07-14T01:54:48.008584+00:00,1422754237,-68.967
2026-07-14T01:54:48.008584+00:00,1422755702,-68.952
2026-07-14T01:54:48.008584+00:00,1422757167,-69.016
2026-07-14T01:54:48.008584+00:00,1422758632,-69.035
2026-07-14T01:54:48.008584+00:00,1422760096,-69.007
2026-07-14T01:54:48.008584+00:00,1422761561,-68.991
2026-07-14T01:54:48.008584+00:00,1422763026,-68.987
2026-07-14T01:54:48.008584+00:00,1422764491,-68.992
2026-07-14T01:54:48.008584+00:00,1422765956,-68.947
2026-07-14T01:54:48.008584+00:00,1422767421,-68.922
2026-07-14T01:54:48.008584+00:00,1422768885,-68.927
2026-07-14T01:54:48.008584+00:00,1422770350,-68.954
2026-07-14T01:54:48.008584+00:00,1422771815,-69.013
2026-07-14T01:54:48.008584+00:00,1422773280,-68.969
2026-07-14T01:54:48.008584+00:00,1422774745,-68.959
2026-07-14T01:54:48.008584+00:00,1422776210,-68.966
2026-07-14T01:54:48.008584+00:00,1422777675,-68.981
2026-07-14T01:54:48.008584+00:00,1422779139,-68.931
2026-07-14T01:54:48.008584+00:00,1422780604,-69.003
2026-07-14T01:54:48.008584+00:00,1422782069,-69.0
2026-07-14T01:54:48.008584+00:00,1422783534,-68.959
2026-07-14T01:54:48.008584+00:00,1422784999,-68.982
2026-07-14T01:54:48.008584+00:00,1422786464,-68.93
2026-07-14T01:54:48.008584+00:00,1422787928,-68.94
2026-07-14T01:54:48.008584+00:00,1422789393,-68.966
2026-07-14T01:54:48.008584+00:00,1422790858,-69.003
2026-07-14T01:54:48.008584+00:00,1422792323,-68.987
2026-07-14T01:54:48.008584+00:00,1422793788,-69.044
2026-07-14T01:54:48.008584+00:00,1422795253,-68.926
2026-07-14T01:54:48.008584+00:00,1422796717,-68.84
2026-07-14T01:54:48.008584+00:00,1422798182,-68.92
2026-07-14T01:54:48.008584+00:00,1422799647,-68.977
2026-07-14T01:54:48.008584+00:00,1422801112,-68.955
2026-07-14T01:54:48.008584+00:00,1422802577,-68.99
2026-07-14T01:54:48.008584+00:00,1422804042,-68.976
2026-07-14T01:54:48.008584+00:00,1422805507,-68.927
2026-07-14T01:54:48.008584+00:00,1422806971,-68.874
2026-07-14T01:54:48.008584+00:00,1422808436,-68.903
2026-07-14T01:54:48.008584+00:00,1422809901,-68.912
2026-07-14T01:54:48.008584+00:00,1422811366,-68.916
2026-07-14T01:54:48.008584+00:00,1422812831,-68.936
2026-07-14T01:54:48.008584+00:00,1422814296,-68.875
2026-07-14T01:54:48.008584+00:00,1422815760,-68.932
2026-07-14T01:54:48.008584+00:00,1422817225,-68.927
2026-07-14T01:54:48.008584+00:00,1422818690,-68.933
2026-07-14T01:54:48.008584+00:00,1422820155,-68.921
2026-07-14T01:54:48.008584+00:00,1422821620,-68.845
2026-07-14T01:54:48.008584+00:00,1422823085,-68.887
2026-07-14T01:54:48.008584+00:00,1422824550,-68.861
2026-07-14T01:54:48.008584+00:00,1422826014,-68.889
2026-07-14T01:54:48.008584+00:00,1422827479,-68.834
2026-07-14T01:54:48.008584+00:00,1422828944,-68.913
2026-07-14T01:54:48.008584+00:00,1422830409,-68.934
2026-07-14T01:54:48.008584+00:00,1422831874,-68.985
2026-07-14T01:54:48.008584+00:00,1422833339,-68.916
2026-07-14T01:54:48.008584+00:00,1422834803,-68.93
2026-07-14T01:54:48.008584+00:00,1422836268,-68.877
2026-07-14T01:54:48.008584+00:00,1422837733,-68.826
2026-07-14T01:54:48.008584+00:00,1422839198,-68.829
2026-07-14T01:54:48.008584+00:00,1422840663,-68.89
2026-07-14T01:54:48.008584+00:00,1422842128,-68.89
2026-07-14T01:54:48.008584+00:00,1422843592,-68.835
2026-07-14T01:54:48.008584+00:00,1422845057,-68.827
2026-07-14T01:54:48.008584+00:00,1422846522,-68.867
2026-07-14T01:54:48.008584+00:00,1422847987,-68.86
2026-07-14T01:54:48.008584+00:00,1422849452,-68.862
2026-07-14T01:54:48.008584+00:00,1422850917,-68.882
2026-07-14T01:54:48.008584+00:00,1422852382,-68.863
2026-07-14T01:54:48.008584+00:00,1422853846,-68.899
2026-07-14T01:54:48.008584+00:00,1422855311,-68.976
2026-07-14T01:54:48.008584+00:00,1422856776,-68.871
2026-07-14T01:54:48.008584+00:00,1422858241,-68.807
2026-07-14T01:54:48.008584+00:00,1422859706,-68.838
2026-07-14T01:54:48.008584+00:00,1422861171,-68.889
2026-07-14T01:54:48.008584+00:00,1422862635,-68.866
2026-07-14T01:54:48.008584+00:00,1422864100,-68.886
2026-07-14T01:54:48.008584+00:00,1422865565,-68.82
2026-07-14T01:54:48.008584+00:00,1422867030,-68.869
2026-07-14T01:54:48.008584+00:00,1422868495,-68.847
2026-07-14T01:54:48.008584+00:00,1422869960,-68.88
2026-07-14T01:54:48.008584+00:00,1422871425,-68.902
2026-07-14T01:54:48.008584+00:00,1422872889,-68.876
2026-07-14T01:54:48.008584+00:00,1422874354,-68.84
2026-07-14T01:54:48.008584+00:00,1422875819,-68.789
2026-07-14T01:54:48.008584+00:00,1422877284,-68.831
2026-07-14T01:54:48.008584+00:00,1422878749,-68.852
2026-07-14T01:54:48.008584+00:00,1422880214,-68.853
2026-07-14T01:54:48.008584+00:00,1422881678,-68.776
2026-07-14T01:54:48.008584+00:00,1422883143,-68.812
2026-07-14T01:54:48.008584+00:00,1422884608,-68.887
2026-07-14T01:54:48.008584+00:00,1422886073,-68.903
2026-07-14T01:54:48.008584+00:00,1422887538,-68.916
2026-07-14T01:54:48.008584+00:00,1422889003,-68.956
2026-07-14T01:54:48.008584+00:00,1422890467,-68.82
2026-07-14T01:54:48.008584+00:00,1422891932,-68.782
2026-07-14T01:54:48.008584+00:00,1422893397,-68.853
2026-07-14T01:54:48.008584+00:00,1422894862,-68.858
2026-07-14T01:54:48.008584+00:00,1422896327,-68.82
2026-07-14T01:54:48.008584+00:00,1422897792,-68.86
2026-07-14T01:54:48.008584+00:00,1422899257,-68.861
2026-07-14T01:54:48.008584+00:00,1422900721,-68.834
2026-07-14T01:54:48.008584+00:00,1422902186,-68.815
2026-07-14T01:54:48.008584+00:00,1422903651,-68.794
2026-07-14T01:54:48.008584+00:00,1422905116,-68.831
2026-07-14T01:54:48.008584+00:00,1422906581,-68.904
2026-07-14T01:54:48.008584+00:00,1422908046,-68.878
2026-07-14T01:54:48.008584+00:00,1422909510,-68.837
2026-07-14T01:54:48.008584+00:00,1422910975,-68.815
2026-07-14T01:54:48.008584+00:00,1422912440,-68.778
2026-07-14T01:54:48.008584+00:00,1422913905,-68.82
2026-07-14T01:54:48.008584+00:00,1422915370,-68.787
2026-07-14T01:54:48.008584+00:00,1422916835,-68.779
2026-07-14T01:54:48.008584+00:00,1422918300,-68.78
2026-07-14T01:54:48.008584+00:00,1422919764,-68.77
2026-07-14T01:54:48.008584+00:00,1422921229,-68.847
2026-07-14T01:54:48.008584+00:00,1422922694,-68.84
2026-07-14T01:54:48.008584+00:00,1422924159,-68.784
2026-07-14T01:54:48.008584+00:00,1422925624,-68.826
2026-07-14T01:54:48.008584+00:00,1422927089,-68.785
2026-07-14T01:54:48.008584+00:00,1422928553,-68.779
2026-07-14T01:54:48.008584+00:00,1422930018,-68.784
2026-07-14T01:54:48.008584+00:00,1422931483,-68.778
2026-07-14T01:54:48.008584+00:00,1422932948,-68.798
2026-07-14T01:54:48.008584+00:00,1422934413,-68.789
2026-07-14T01:54:48.008584+00:00,1422935878,-68.788
2026-07-14T01:54:48.008584+00:00,1422937342,-68.709
2026-07-14T01:54:48.008584+00:00,1422938807,-68.752
2026-07-14T01:54:48.008584+00:00,1422940272,-68.787
2026-07-14T01:54:48.008584+00:00,1422941737,-68.795
2026-07-14T01:54:48.008584+00:00,1422943202,-68.824
2026-07-14T01:54:48.008584+00:00,1422944667,-68.799
2026-07-14T01:54:48.008584+00:00,1422946132,-68.867
2026-07-14T01:54:48.008584+00:00,1422947596,-68.81
2026-07-14T01:54:48.008584+00:00,1422949061,-68.788
2026-07-14T01:54:48.008584+00:00,1422950526,-68.787
2026-07-14T01:54:48.008584+00:00,1422951991,-68.799
2026-07-14T01:54:48.008584+00:00,1422953456,-68.823
2026-07-14T01:54:48.008584+00:00,1422954921,-68.786
2026-07-14T01:54:48.008584+00:00,1422956385,-68.796
2026-07-14T01:54:48.008584+00:00,1422957850,-68.762
2026-07-14T01:54:48.008584+00:00,1422959315,-68.768
2026-07-14T01:54:48.008584+00:00,1422960780,-68.774
2026-07-14T01:54:48.008584+00:00,1422962245,-68.73
2026-07-14T01:54:48.008584+00:00,1422963710,-68.751
2026-07-14T01:54:48.008584+00:00,1422965175,-68.763
2026-07-14T01:54:48.008584+00:00,1422966639,-68.697
2026-07-14T01:54:48.008584+00:00,1422968104,-68.724
2026-07-14T01:54:48.008584+00:00,1422969569,-68.819
2026-07-14T01:54:48.008584+00:00,1422971034,-68.847
2026-07-14T01:54:48.008584+00:00,1422972499,-68.781
2026-07-14T01:54:48.008584+00:00,1422973964,-68.72
2026-07-14T01:54:48.008584+00:00,1422975428,-68.73
2026-07-14T01:54:48.008584+00:00,1422976893,-68.752
2026-07-14T01:54:48.008584+00:00,1422978358,-68.793
2026-07-14T01:54:48.008584+00:00,1422979823,-68.762
2026-07-14T01:54:48.008584+00:00,1422981288,-68.829
2026-07-14T01:54:48.008584+00:00,1422982753,-68.754
2026-07-14T01:54:48.008584+00:00,1422984217,-68.753
2026-07-14T01:54:48.008584+00:00,1422985682,-68.737
2026-07-14T01:54:48.008584+00:00,1422987147,-68.691
2026-07-14T01:54:48.008584+00:00,1422988612,-68.66
2026-07-14T01:54:48.008584+00:00,1422990077,-68.699
2026-07-14T01:54:48.008584+00:00,1422991542,-68.817
2026-07-14T01:54:48.008584+00:00,1422993007,-68.749
2026-07-14T01:54:48.008584+00:00,1422994471,-68.722
2026-07-14T01:54:48.008584+00:00,1422995936,-68.828
2026-07-14T01:54:48.008584+00:00,1422997401,-68.792
2026-07-14T01:54:48.008584+00:00,1422998866,-68.773
2026-07-14T01:54:48.008584+00:00,1423000331,-68.719
2026-07-14T01:54:48.008584+00:00,1423001796,-68.725
2026-07-14T01:54:48.008584+00:00,1423003260,-68.727
2026-07-14T01:54:48.008584+00:00,1423004725,-68.678
2026-07-14T01:54:48.008584+00:00,1423006190,-68.646
2026-07-14T01:54:48.008584+00:00,1423007655,-68.679
2026-07-14T01:54:48.008584+00:00,1423009120,-68.683
2026-07-14T01:54:48.008584+00:00,1423010585,-68.757
2026-07-14T01:54:48.008584+00:00,1423012050,-68.776
2026-07-14T01:54:48.008584+00:00,1423013514,-68.705
2026-07-14T01:54:48.008584+00:00,1423014979,-68.704
2026-07-14T01:54:48.008584+00:00,1423016444,-68.718
2026-07-14T01:54:48.008584+00:00,1423017909,-68.758
2026-07-14T01:54:48.008584+00:00,1423019374,-68.743
2026-07-14T01:54:48.008584+00:00,1423020839,-68.687
2026-07-14T01:54:48.008584+00:00,1423022303,-68.682
2026-07-14T01:54:48.008584+00:00,1423023768,-68.753
2026-07-14T01:54:48.008584+00:00,1423025233,-68.702
2026-07-14T01:54:48.008584+00:00,1423026698,-68.744
2026-07-14T01:54:48.008584+00:00,1423028163,-68.735
2026-07-14T01:54:48.008584+00:00,1423029628,-68.674
2026-07-14T01:54:48.008584+00:00,1423031092,-68.668
2026-07-14T01:54:48.008584+00:00,1423032557,-68.701
2026-07-14T01:54:48.008584+00:00,1423034022,-68.724
2026-07-14T01:54:48.008584+00:00,1423035487,-68.756
2026-07-14T01:54:48.008584+00:00,1423036952,-68.679
2026-07-14T01:54:48.008584+00:00,1423038417,-68.723
2026-07-14T01:54:48.008584+00:00,1423039882,-68.712
2026-07-14T01:54:48.008584+00:00,1423041346,-68.743
2026-07-14T01:54:48.008584+00:00,1423042811,-68.75
2026-07-14T01:54:48.008584+00:00,1423044276,-68.714
2026-07-14T01:54:48.008584+00:00,1423045741,-68.712
2026-07-14T01:54:48.008584+00:00,1423047206,-68.685
2026-07-14T01:54:48.008584+00:00,1423048671,-68.67
2026-07-14T01:54:48.008584+00:00,1423050135,-68.734
2026-07-14T01:54:48.008584+00:00,1423051600,-68.697
2026-07-14T01:54:48.008584+00:00,1423053065,-68.722
2026-07-14T01:54:48.008584+00:00,1423054530,-68.764
2026-07-14T01:54:48.008584+00:00,1423055995,-68.763
2026-07-14T01:54:48.008584+00:00,1423057460,-68.721
2026-07-14T01:54:48.008584+00:00,1423058925,-68.711
2026-07-14T01:54:48.008584+00:00,1423060389,-68.763
2026-07-14T01:54:48.008584+00:00,1423061854,-68.765
2026-07-14T01:54:48.008584+00:00,1423063319,-68.75
2026-07-14T01:54:48.008584+00:00,1423064784,-68.744
2026-07-14T01:54:48.008584+00:00,1423066249,-68.753
2026-07-14T01:54:48.008584+00:00,1423067714,-68.759
2026-07-14T01:54:48.008584+00:00,1423069178,-68.75
2026-07-14T01:54:48.008584+00:00,1423070643,-68.77
2026-07-14T01:54:48.008584+00:00,1423072108,-68.8
2026-07-14T01:54:48.008584+00:00,1423073573,-68.792
2026-07-14T01:54:48.008584+00:00,1423075038,-68.794
2026-07-14T01:54:48.008584+00:00,1423076503,-68.717
2026-07-14T01:54:48.008584+00:00,1423077967,-68.705
2026-07-14T01:54:48.008584+00:00,1423079432,-68.723
2026-07-14T01:54:48.008584+00:00,1423080897,-68.754
2026-07-14T01:54:48.008584+00:00,1423082362,-68.72
2026-07-14T01:54:48.008584+00:00,1423083827,-68.808
2026-07-14T01:54:48.008584+00:00,1423085292,-68.769
2026-07-14T01:54:48.008584+00:00,1423086757,-68.725
2026-07-14T01:54:48.008584+00:00,1423088221,-68.756
2026-07-14T01:54:48.008584+00:00,1423089686,-68.773
2026-07-14T01:54:48.008584+00:00,1423091151,-68.741
2026-07-14T01:54:48.008584+00:00,1423092616,-68.718
2026-07-14T01:54:48.008584+00:00,1423094081,-68.743
2026-07-14T01:54:48.008584+00:00,1423095546,-68.776
2026-07-14T01:54:48.008584+00:00,1423097010,-68.817
2026-07-14T01:54:48.008584+00:00,1423098475,-68.773
2026-07-14T01:54:48.008584+00:00,1423099940,-68.738
2026-07-14T01:54:48.008584+00:00,1423101405,-68.748
2026-07-14T01:54:48.008584+00:00,1423102870,-68.745
2026-07-14T01:54:48.008584+00:00,1423104335,-68.798
2026-07-14T01:54:48.008584+00:00,1423105800,-68.835
2026-07-14T01:54:48.008584+00:00,1423107264,-68.773
2026-07-14T01:54:48.008584+00:00,1423108729,-68.806
2026-07-14T01:54:48.008584+00:00,1423110194,-68.728
2026-07-14T01:54:48.008584+00:00,1423111659,-68.753
2026-07-14T01:54:48.008584+00:00,1423113124,-68.792
2026-07-14T01:54:48.008584+00:00,1423114589,-68.727
2026-07-14T01:54:48.008584+00:00,1423116053,-68.74
2026-07-14T01:54:48.008584+00:00,1423117518,-68.773
2026-07-14T01:54:48.008584+00:00,1423118983,-68.742
2026-07-14T01:54:48.008584+00:00,1423120448,-68.78
2026-07-14T01:54:48.008584+00:00,1423121913,-68.816
2026-07-14T01:54:48.008584+00:00,1423123378,-68.779
2026-07-14T01:54:48.008584+00:00,1423124842,-68.735
2026-07-14T01:54:48.008584+00:00,1423126307,-68.677
2026-07-14T01:54:48.008584+00:00,1423127772,-68.726
2026-07-14T01:54:48.008584+00:00,1423129237,-68.775
2026-07-14T01:54:48.008584+00:00,1423130702,-68.668
2026-07-14T01:54:48.008584+00:00,1423132167,-68.649
2026-07-14T01:54:48.008584+00:00,1423133632,-68.729
2026-07-14T01:54:48.008584+00:00,1423135096,-68.813
2026-07-14T01:54:48.008584+00:00,1423136561,-68.785
2026-07-14T01:54:48.008584+00:00,1423138026,-68.767
2026-07-14T01:54:48.008584+00:00,1423139491,-68.753
2026-07-14T01:54:48.008584+00:00,1423140956,-68.705
2026-07-14T01:54:48.008584+00:00,1423142421,-68.74
2026-07-14T01:54:48.008584+00:00,1423143885,-68.753
2026-07-14T01:54:48.008584+00:00,1423145350,-68.694
2026-07-14T01:54:48.008584+00:00,1423146815,-68.725
2026-07-14T01:54:48.008584+00:00,1423148280,-68.669
2026-07-14T01:54:48.008584+00:00,1423149745,-68.718
2026-07-14T01:54:48.008584+00:00,1423151210,-68.705
2026-07-14T01:54:48.008584+00:00,1423152675,-68.696
2026-07-14T01:54:48.008584+00:00,1423154139,-68.68
2026-07-14T01:54:48.008584+00:00,1423155604,-68.696
2026-07-14T01:54:48.008584+00:00,1423157069,-68.797
2026-07-14T01:54:48.008584+00:00,1423158534,-68.846
2026-07-14T01:54:48.008584+00:00,1423159999,-68.811
2026-07-14T01:54:48.008584+00:00,1423161464,-68.705
2026-07-14T01:54:48.008584+00:00,1423162928,-68.735
2026-07-14T01:54:48.008584+00:00,1423164393,-68.789
2026-07-14T01:54:48.008584+00:00,1423165858,-68.741
2026-07-14T01:54:48.008584+00:00,1423167323,-68.706
2026-07-14T01:54:48.008584+00:00,1423168788,-68.761
2026-07-14T01:54:48.008584+00:00,1423170253,-68.77
2026-07-14T01:54:48.008584+00:00,1423171717,-68.759
2026-07-14T01:54:48.008584+00:00,1423173182,-68.75
2026-07-14T01:54:48.008584+00:00,1423174647,-68.794
2026-07-14T01:54:48.008584+00:00,1423176112,-68.811
2026-07-14T01:54:48.008584+00:00,1423177577,-68.769
2026-07-14T01:54:48.008584+00:00,1423179042,-68.765
2026-07-14T01:54:48.008584+00:00,1423180507,-68.742
2026-07-14T01:54:48.008584+00:00,1423181971,-68.708
2026-07-14T01:54:48.008584+00:00,1423183436,-68.778
2026-07-14T01:54:48.008584+00:00,1423184901,-68.746
2026-07-14T01:54:48.008584+00:00,1423186366,-68.772
2026-07-14T01:54:48.008584+00:00,1423187831,-68.751
2026-07-14T01:54:48.008584+00:00,1423189296,-68.728
2026-07-14T01:54:48.008584+00:00,1423190760,-68.778
2026-07-14T01:54:48.008584+00:00,1423192225,-68.828
2026-07-14T01:54:48.008584+00:00,1423193690,-68.824
2026-07-14T01:54:48.008584+00:00,1423195155,-68.843
2026-07-14T01:54:48.008584+00:00,1423196620,-68.779
2026-07-14T01:54:48.008584+00:00,1423198085,-68.784
2026-07-14T01:54:48.008584+00:00,1423199550,-68.826
2026-07-14T01:54:48.008584+00:00,1423201014,-68.764
2026-07-14T01:54:48.008584+00:00,1423202479,-68.771
2026-07-14T01:54:48.008584+00:00,1423203944,-68.761
2026-07-14T01:54:48.008584+00:00,1423205409,-68.772
2026-07-14T01:54:48.008584+00:00,1423206874,-68.798
2026-07-14T01:54:48.008584+00:00,1423208339,-68.743
2026-07-14T01:54:48.008584+00:00,1423209803,-68.689
2026-07-14T01:54:48.008584+00:00,1423211268,-68.752
2026-07-14T01:54:48.008584+00:00,1423212733,-68.792
2026-07-14T01:54:48.008584+00:00,1423214198,-68.791
2026-07-14T01:54:48.008584+00:00,1423215663,-68.73
2026-07-14T01:54:48.008584+00:00,1423217128,-68.725
2026-07-14T01:54:48.008584+00:00,1423218592,-68.737
2026-07-14T01:54:48.008584+00:00,1423220057,-68.737
2026-07-14T01:54:48.008584+00:00,1423221522,-68.748
2026-07-14T01:54:48.008584+00:00,1423222987,-68.728
2026-07-14T01:54:48.008584+00:00,1423224452,-68.687
2026-07-14T01:54:48.008584+00:00,1423225917,-68.724
2026-07-14T01:54:48.008584+00:00,1423227382,-68.778
2026-07-14T01:54:48.008584+00:00,1423228846,-68.727
2026-07-14T01:54:48.008584+00:00,1423230311,-68.728
2026-07-14T01:54:48.008584+00:00,1423231776,-68.777
2026-07-14T01:54:48.008584+00:00,1423233241,-68.78
2026-07-14T01:54:48.008584+00:00,1423234706,-68.697
2026-07-14T01:54:48.008584+00:00,1423236171,-68.737
2026-07-14T01:54:48.008584+00:00,1423237635,-68.782
2026-07-14T01:54:48.008584+00:00,1423239100,-68.708
2026-07-14T01:54:48.008584+00:00,1423240565,-68.747
2026-07-14T01:54:48.008584+00:00,1423242030,-68.704
2026-07-14T01:54:48.008584+00:00,1423243495,-68.683
2026-07-14T01:54:48.008584+00:00,1423244960,-68.677
2026-07-14T01:54:48.008584+00:00,1423246425,-68.767
2026-07-14T01:54:48.008584+00:00,1423247889,-68.708
2026-07-14T01:54:48.008584+00:00,1423249354,-68.663
2026-07-14T01:54:48.008584+00:00,1423250819,-68.684
2026-07-14T01:54:48.008584+00:00,1423252284,-68.722
2026-07-14T01:54:48.008584+00:00,1423253749,-68.72
2026-07-14T01:54:48.008584+00:00,1423255214,-68.704
2026-07-14T01:54:48.008584+00:00,1423256678,-68.702
2026-07-14T01:54:48.008584+00:00,1423258143,-68.738
2026-07-14T01:54:48.008584+00:00,1423259608,-68.8
2026-07-14T01:54:48.008584+00:00,1423261073,-68.805
2026-07-14T01:54:48.008584+00:00,1423262538,-68.698
2026-07-14T01:54:48.008584+00:00,1423264003,-68.682
2026-07-14T01:54:48.008584+00:00,1423265467,-68.734
2026-07-14T01:54:48.008584+00:00,1423266932,-68.738
2026-07-14T01:54:48.008584+00:00,1423268397,-68.729
2026-07-14T01:54:48.008584+00:00,1423269862,-68.786
2026-07-14T01:54:48.008584+00:00,1423271327,-68.734
2026-07-14T01:54:48.008584+00:00,1423272792,-68.723
2026-07-14T01:54:48.008584+00:00,1423274257,-68.746
2026-07-14T01:54:48.008584+00:00,1423275721,-68.714
2026-07-14T01:54:48.008584+00:00,1423277186,-68.71
2026-07-14T01:54:48.008584+00:00,1423278651,-68.672
2026-07-14T01:54:48.008584+00:00,1423280116,-68.713
2026-07-14T01:54:48.008584+00:00,1423281581,-68.678
2026-07-14T01:54:48.008584+00:00,1423283046,-68.67
2026-07-14T01:54:48.008584+00:00,1423284510,-68.676
2026-07-14T01:54:48.008584+00:00,1423285975,-68.672
2026-07-14T01:54:48.008584+00:00,1423287440,-68.737
2026-07-14T01:54:48.008584+00:00,1423288905,-68.756
2026-07-14T01:54:48.008584+00:00,1423290370,-68.766
2026-07-14T01:54:48.008584+00:00,1423291835,-68.745
2026-07-14T01:54:48.008584+00:00,1423293300,-68.703
2026-07-14T01:54:48.008584+00:00,1423294764,-68.686
2026-07-14T01:54:48.008584+00:00,1423296229,-68.626
2026-07-14T01:54:48.008584+00:00,1423297694,-68.728
2026-07-14T01:54:48.008584+00:00,1423299159,-68.727
2026-07-14T01:54:48.008584+00:00,1423300624,-68.733
2026-07-14T01:54:48.008584+00:00,1423302089,-68.776
2026-07-14T01:54:48.008584+00:00,1423303553,-68.712
2026-07-14T01:54:48.008584+00:00,1423305018,-68.726
2026-07-14T01:54:48.008584+00:00,1423306483,-68.676
2026-07-14T01:54:48.008584+00:00,1423307948,-68.672
2026-07-14T01:54:48.008584+00:00,1423309413,-68.696
2026-07-14T01:54:48.008584+00:00,1423310878,-68.719
2026-07-14T01:54:48.008584+00:00,1423312342,-68.74
2026-07-14T01:54:48.008584+00:00,1423313807,-68.678
2026-07-14T01:54:48.008584+00:00,1423315272,-68.686
2026-07-14T01:54:48.008584+00:00,1423316737,-68.666
2026-07-14T01:54:48.008584+00:00,1423318202,-68.666
2026-07-14T01:54:48.008584+00:00,1423319667,-68.699
2026-07-14T01:54:48.008584+00:00,1423321132,-68.661
2026-07-14T01:54:48.008584+00:00,1423322596,-68.659
2026-07-14T01:54:48.008584+00:00,1423324061,-68.682
2026-07-14T01:54:48.008584+00:00,1423325526,-68.727
2026-07-14T01:54:48.008584+00:00,1423326991,-68.691
2026-07-14T01:54:48.008584+00:00,1423328456,-68.674
2026-07-14T01:54:48.008584+00:00,1423329921,-68.688
2026-07-14T01:54:48.008584+00:00,1423331385,-68.676
2026-07-14T01:54:48.008584+00:00,1423332850,-68.731
2026-07-14T01:54:48.008584+00:00,1423334315,-68.684
2026-07-14T01:54:48.008584+00:00,1423335780,-68.641
2026-07-14T01:54:48.008584+00:00,1423337245,-68.633
2026-07-14T01:54:48.008584+00:00,1423338710,-68.613
2026-07-14T01:54:48.008584+00:00,1423340175,-68.673
2026-07-14T01:54:48.008584+00:00,1423341639,-68.656
2026-07-14T01:54:48.008584+00:00,1423343104,-68.632
2026-07-14T01:54:48.008584+00:00,1423344569,-68.64
2026-07-14T01:54:48.008584+00:00,1423346034,-68.619
2026-07-14T01:54:48.008584+00:00,1423347499,-68.68
2026-07-14T01:54:48.008584+00:00,1423348964,-68.673
2026-07-14T01:54:48.008584+00:00,1423350428,-68.663
2026-07-14T01:54:48.008584+00:00,1423351893,-68.634
2026-07-14T01:54:48.008584+00:00,1423353358,-68.659
2026-07-14T01:54:48.008584+00:00,1423354823,-68.695
2026-07-14T01:54:48.008584+00:00,1423356288,-68.682
2026-07-14T01:54:48.008584+00:00,1423357753,-68.707
2026-07-14T01:54:48.008584+00:00,1423359217,-68.755
2026-07-14T01:54:48.008584+00:00,1423360682,-68.693
2026-07-14T01:54:48.008584+00:00,1423362147,-68.692
2026-07-14T01:54:48.008584+00:00,1423363612,-68.695
2026-07-14T01:54:48.008584+00:00,1423365077,-68.681
2026-07-14T01:54:48.008584+00:00,1423366542,-68.701
2026-07-14T01:54:48.008584+00:00,1423368007,-68.74
2026-07-14T01:54:48.008584+00:00,1423369471,-68.711
2026-07-14T01:54:48.008584+00:00,1423370936,-68.74
2026-07-14T01:54:48.008584+00:00,1423372401,-68.7
2026-07-14T01:54:48.008584+00:00,1423373866,-68.678
2026-07-14T01:54:48.008584+00:00,1423375331,-68.737
2026-07-14T01:54:48.008584+00:00,1423376796,-68.775
2026-07-14T01:54:48.008584+00:00,1423378260,-68.727
2026-07-14T01:54:48.008584+00:00,1423379725,-68.732
2026-07-14T01:54:48.008584+00:00,1423381190,-68.657
2026-07-14T01:54:48.008584+00:00,1423382655,-68.674
2026-07-14T01:54:48.008584+00:00,1423384120,-68.66
2026-07-14T01:54:48.008584+00:00,1423385585,-68.637
2026-07-14T01:54:48.008584+00:00,1423387050,-68.66
2026-07-14T01:54:48.008584+00:00,1423388514,-68.618
2026-07-14T01:54:48.008584+00:00,1423389979,-68.68
2026-07-14T01:54:48.008584+00:00,1423391444,-68.696
2026-07-14T01:54:48.008584+00:00,1423392909,-68.674
2026-07-14T01:54:48.008584+00:00,1423394374,-68.708
2026-07-14T01:54:48.008584+00:00,1423395839,-68.699
2026-07-14T01:54:48.008584+00:00,1423397303,-68.727
2026-07-14T01:54:48.008584+00:00,1423398768,-68.687
2026-07-14T01:54:48.008584+00:00,1423400233,-68.721
2026-07-14T01:54:48.008584+00:00,1423401698,-68.68
2026-07-14T01:54:48.008584+00:00,1423403163,-68.634
2026-07-14T01:54:48.008584+00:00,1423404628,-68.665
2026-07-14T01:54:48.008584+00:00,1423406092,-68.708
2026-07-14T01:54:48.008584+00:00,1423407557,-68.695
2026-07-14T01:54:48.008584+00:00,1423409022,-68.734
2026-07-14T01:54:48.008584+00:00,1423410487,-68.669
2026-07-14T01:54:48.008584+00:00,1423411952,-68.669
2026-07-14T01:54:48.008584+00:00,1423413417,-68.737
2026-07-14T01:54:48.008584+00:00,1423414882,-68.711
2026-07-14T01:54:48.008584+00:00,1423416346,-68.692
2026-07-14T01:54:48.008584+00:00,1423417811,-68.778
2026-07-14T01:54:48.008584+00:00,1423419276,-68.8
2026-07-14T01:54:48.008584+00:00,1423420741,-68.72
2026-07-14T01:54:48.008584+00:00,1423422206,-68.719
2026-07-14T01:54:48.008584+00:00,1423423671,-68.703
2026-07-14T01:54:48.008584+00:00,1423425135,-68.736
2026-07-14T01:54:48.008584+00:00,1423426600,-68.742
2026-07-14T01:54:48.008584+00:00,1423428065,-68.707
2026-07-14T01:54:48.008584+00:00,1423429530,-68.681
2026-07-14T01:54:48.008584+00:00,1423430995,-68.774
2026-07-14T01:54:48.008584+00:00,1423432460,-68.777
2026-07-14T01:54:48.008584+00:00,1423433925,-68.763
2026-07-14T01:54:48.008584+00:00,1423435389,-68.714
2026-07-14T01:54:48.008584+00:00,1423436854,-68.727
2026-07-14T01:54:48.008584+00:00,1423438319,-68.708
2026-07-14T01:54:48.008584+00:00,1423439784,-68.755
2026-07-14T01:54:48.008584+00:00,1423441249,-68.706
2026-07-14T01:54:48.008584+00:00,1423442714,-68.748
2026-07-14T01:54:48.008584+00:00,1423444178,-68.774
2026-07-14T01:54:48.008584+00:00,1423445643,-68.74
2026-07-14T01:54:48.008584+00:00,1423447108,-68.728
2026-07-14T01:54:48.008584+00:00,1423448573,-68.768
2026-07-14T01:54:48.008584+00:00,1423450038,-68.81
2026-07-14T01:54:48.008584+00:00,1423451503,-68.753
2026-07-14T01:54:48.008584+00:00,1423452967,-68.778
2026-07-14T01:54:48.008584+00:00,1423454432,-68.743
2026-07-14T01:54:48.008584+00:00,1423455897,-68.778
2026-07-14T01:54:48.008584+00:00,1423457362,-68.832
2026-07-14T01:54:48.008584+00:00,1423458827,-68.814
2026-07-14T01:54:48.008584+00:00,1423460292,-68.82
2026-07-14T01:54:48.008584+00:00,1423461757,-68.8
2026-07-14T01:54:48.008584+00:00,1423463221,-68.776
2026-07-14T01:54:48.008584+00:00,1423464686,-68.815
2026-07-14T01:54:48.008584+00:00,1423466151,-68.786
2026-07-14T01:54:48.008584+00:00,1423467616,-68.797
2026-07-14T01:54:48.008584+00:00,1423469081,-68.768
2026-07-14T01:54:48.008584+00:00,1423470546,-68.777
2026-07-14T01:54:48.008584+00:00,1423472010,-68.853
2026-07-14T01:54:48.008584+00:00,1423473475,-68.806
2026-07-14T01:54:48.008584+00:00,1423474940,-68.749
2026-07-14T01:54:48.008584+00:00,1423476405,-68.863
2026-07-14T01:54:48.008584+00:00,1423477870,-68.865
2026-07-14T01:54:48.008584+00:00,1423479335,-68.906
2026-07-14T01:54:48.008584+00:00,1423480800,-68.858
2026-07-14T01:54:48.008584+00:00,1423482264,-68.817
2026-07-14T01:54:48.008584+00:00,1423483729,-68.831
2026-07-14T01:54:48.008584+00:00,1423485194,-68.832
2026-07-14T01:54:48.008584+00:00,1423486659,-68.76
2026-07-14T01:54:48.008584+00:00,1423488124,-68.793
2026-07-14T01:54:48.008584+00:00,1423489589,-68.777
2026-07-14T01:54:48.008584+00:00,1423491053,-68.806
2026-07-14T01:54:48.008584+00:00,1423492518,-68.808
2026-07-14T01:54:48.008584+00:00,1423493983,-68.683
2026-07-14T01:54:48.008584+00:00,1423495448,-68.739
2026-07-14T01:54:48.008584+00:00,1423496913,-68.815
2026-07-14T01:54:48.008584+00:00,1423498378,-68.723
2026-07-14T01:54:48.008584+00:00,1423499842,-68.722
2026-07-14T01:54:48.008584+00:00,1423501307,-68.809
2026-07-14T01:54:48.008584+00:00,1423502772,-68.794
2026-07-14T01:54:48.008584+00:00,1423504237,-68.759
2026-07-14T01:54:48.008584+00:00,1423505702,-68.851
2026-07-14T01:54:48.008584+00:00,1423507167,-68.882
2026-07-14T01:54:48.008584+00:00,1423508632,-68.862
2026-07-14T01:54:48.008584+00:00,1423510096,-68.833
2026-07-14T01:54:48.008584+00:00,1423511561,-68.925
2026-07-14T01:54:48.008584+00:00,1423513026,-68.836
2026-07-14T01:54:48.008584+00:00,1423514491,-68.825
2026-07-14T01:54:48.008584+00:00,1423515956,-68.841
2026-07-14T01:54:48.008584+00:00,1423517421,-68.812
2026-07-14T01:54:48.008584+00:00,1423518885,-68.83
2026-07-14T01:54:48.008584+00:00,1423520350,-68.792
2026-07-14T01:54:48.008584+00:00,1423521815,-68.827
2026-07-14T01:54:48.008584+00:00,1423523280,-68.852
2026-07-14T01:54:48.008584+00:00,1423524745,-68.862
2026-07-14T01:54:48.008584+00:00,1423526210,-68.861
2026-07-14T01:54:48.008584+00:00,1423527675,-68.881
2026-07-14T01:54:48.008584+00:00,1423529139,-68.898
2026-07-14T01:54:48.008584+00:00,1423530604,-68.869
2026-07-14T01:54:48.008584+00:00,1423532069,-68.877
2026-07-14T01:54:48.008584+00:00,1423533534,-68.895
2026-07-14T01:54:48.008584+00:00,1423534999,-68.901
2026-07-14T01:54:48.008584+00:00,1423536464,-68.967
2026-07-14T01:54:48.008584+00:00,1423537928,-68.932
2026-07-14T01:54:48.008584+00:00,1423539393,-68.897
2026-07-14T01:54:48.008584+00:00,1423540858,-68.881
2026-07-14T01:54:48.008584+00:00,1423542323,-68.847
2026-07-14T01:54:48.008584+00:00,1423543788,-68.88
2026-07-14T01:54:48.008584+00:00,1423545253,-68.954
2026-07-14T01:54:48.008584+00:00,1423546717,-68.945
2026-07-14T01:54:48.008584+00:00,1423548182,-68.895
2026-07-14T01:54:48.008584+00:00,1423549647,-68.962
2026-07-14T01:54:48.008584+00:00,1423551112,-68.954
2026-07-14T01:54:48.008584+00:00,1423552577,-68.877
2026-07-14T01:54:48.008584+00:00,1423554042,-68.882
2026-07-14T01:54:48.008584+00:00,1423555507,-68.873
2026-07-14T01:54:48.008584+00:00,1423556971,-68.975
2026-07-14T01:54:48.008584+00:00,1423558436,-68.959
2026-07-14T01:54:48.008584+00:00,1423559901,-68.937
2026-07-14T01:54:48.008584+00:00,1423561366,-68.874
2026-07-14T01:54:48.008584+00:00,1423562831,-68.927
2026-07-14T01:54:48.008584+00:00,1423564296,-68.905
2026-07-14T01:54:48.008584+00:00,1423565760,-68.905
2026-07-14T01:54:48.008584+00:00,1423567225,-68.904
2026-07-14T01:54:48.008584+00:00,1423568690,-68.915
2026-07-14T01:54:48.008584+00:00,1423570155,-68.904
2026-07-14T01:54:48.008584+00:00,1423571620,-68.958
2026-07-14T01:54:48.008584+00:00,1423573085,-68.928
2026-07-14T01:54:48.008584+00:00,1423574550,-68.984
2026-07-14T01:54:48.008584+00:00,1423576014,-68.963
2026-07-14T01:54:48.008584+00:00,1423577479,-68.941
2026-07-14T01:54:48.008584+00:00,1423578944,-68.972
2026-07-14T01:54:48.008584+00:00,1423580409,-68.984
2026-07-14T01:54:48.008584+00:00,1423581874,-68.951
2026-07-14T01:54:48.008584+00:00,1423583339,-68.974
2026-07-14T01:54:48.008584+00:00,1423584803,-68.944
2026-07-14T01:54:48.008584+00:00,1423586268,-69.004
2026-07-14T01:54:48.008584+00:00,1423587733,-69.038
2026-07-14T01:54:48.008584+00:00,1423589198,-69.053
2026-07-14T01:54:48.008584+00:00,1423590663,-69.054
2026-07-14T01:54:48.008584+00:00,1423592128,-69.0
2026-07-14T01:54:48.008584+00:00,1423593592,-68.977
2026-07-14T01:54:48.008584+00:00,1423595057,-68.978
2026-07-14T01:54:48.008584+00:00,1423596522,-68.966
2026-07-14T01:54:48.008584+00:00,1423597987,-69.049
2026-07-14T01:54:48.008584+00:00,1423599452,-69.104
2026-07-14T01:54:48.008584+00:00,1423600917,-69.083
2026-07-14T01:54:48.008584+00:00,1423602382,-69.042
2026-07-14T01:54:48.008584+00:00,1423603846,-68.962
2026-07-14T01:54:48.008584+00:00,1423605311,-69.069
2026-07-14T01:54:48.008584+00:00,1423606776,-69.087
2026-07-14T01:54:48.008584+00:00,1423608241,-69.105
2026-07-14T01:54:48.008584+00:00,1423609706,-69.087
2026-07-14T01:54:48.008584+00:00,1423611171,-69.087
2026-07-14T01:54:48.008584+00:00,1423612635,-69.059
2026-07-14T01:54:48.008584+00:00,1423614100,-69.031
2026-07-14T01:54:48.008584+00:00,1423615565,-69.063
2026-07-14T01:54:48.008584+00:00,1423617030,-69.097
2026-07-14T01:54:48.008584+00:00,1423618495,-69.033
2026-07-14T01:54:48.008584+00:00,1423619960,-69.069
2026-07-14T01:54:48.008584+00:00,1423621425,-69.101
2026-07-14T01:54:48.008584+00:00,1423622889,-69.055
2026-07-14T01:54:48.008584+00:00,1423624354,-69.071
2026-07-14T01:54:48.008584+00:00,1423625819,-69.115
2026-07-14T01:54:48.008584+00:00,1423627284,-69.061
2026-07-14T01:54:48.008584+00:00,1423628749,-69.095
2026-07-14T01:54:48.008584+00:00,1423630214,-69.085
2026-07-14T01:54:48.008584+00:00,1423631678,-69.132
2026-07-14T01:54:48.008584+00:00,1423633143,-69.145
2026-07-14T01:54:48.008584+00:00,1423634608,-69.091
2026-07-14T01:54:48.008584+00:00,1423636073,-69.105
2026-07-14T01:54:48.008584+00:00,1423637538,-69.093
2026-07-14T01:54:48.008584+00:00,1423639003,-69.104
2026-07-14T01:54:48.008584+00:00,1423640467,-69.106
2026-07-14T01:54:48.008584+00:00,1423641932,-69.103
2026-07-14T01:54:48.008584+00:00,1423643397,-69.151
2026-07-14T01:54:48.008584+00:00,1423644862,-69.154
2026-07-14T01:54:48.008584+00:00,1423646327,-69.167
2026-07-14T01:54:48.008584+00:00,1423647792,-69.152
2026-07-14T01:54:48.008584+00:00,1423649257,-69.153
2026-07-14T01:54:48.008584+00:00,1423650721,-69.194
2026-07-14T01:54:48.008584+00:00,1423652186,-69.134
2026-07-14T01:54:48.008584+00:00,1423653651,-69.123
2026-07-14T01:54:48.008584+00:00,1423655116,-69.16
2026-07-14T01:54:48.008584+00:00,1423656581,-69.168
2026-07-14T01:54:48.008584+00:00,1423658046,-69.226
2026-07-14T01:54:48.008584+00:00,1423659510,-69.147
2026-07-14T01:54:48.008584+00:00,1423660975,-69.129
2026-07-14T01:54:48.008584+00:00,1423662440,-69.207
2026-07-14T01:54:48.008584+00:00,1423663905,-69.235
2026-07-14T01:54:48.008584+00:00,1423665370,-69.263
2026-07-14T01:54:48.008584+00:00,1423666835,-69.222
2026-07-14T01:54:48.008584+00:00,1423668300,-69.217
2026-07-14T01:54:48.008584+00:00,1423669764,-69.198
2026-07-14T01:54:48.008584+00:00,1423671229,-69.183
2026-07-14T01:54:48.008584+00:00,1423672694,-69.185
2026-07-14T01:54:48.008584+00:00,1423674159,-69.271
2026-07-14T01:54:48.008584+00:00,1423675624,-69.241
2026-07-14T01:54:48.008584+00:00,1423677089,-69.2
2026-07-14T01:54:48.008584+00:00,1423678553,-69.191
2026-07-14T01:54:48.008584+00:00,1423680018,-69.273
2026-07-14T01:54:48.008584+00:00,1423681483,-69.275
2026-07-14T01:54:48.008584+00:00,1423682948,-69.199
2026-07-14T01:54:48.008584+00:00,1423684413,-69.266
2026-07-14T01:54:48.008584+00:00,1423685878,-69.244
2026-07-14T01:54:48.008584+00:00,1423687342,-69.277
2026-07-14T01:54:48.008584+00:00,1423688807,-69.297
2026-07-14T01:54:48.008584+00:00,1423690272,-69.301
2026-07-14T01:54:48.008584+00:00,1423691737,-69.321
2026-07-14T01:54:48.008584+00:00,1423693202,-69.291
2026-07-14T01:54:48.008584+00:00,1423694667,-69.256
2026-07-14T01:54:48.008584+00:00,1423696132,-69.204
2026-07-14T01:54:48.008584+00:00,1423697596,-69.267
2026-07-14T01:54:48.008584+00:00,1423699061,-69.279
2026-07-14T01:54:48.008584+00:00,1423700526,-69.336
2026-07-14T01:54:48.008584+00:00,1423701991,-69.326
2026-07-14T01:54:48.008584+00:00,1423703456,-69.344
2026-07-14T01:54:48.008584+00:00,1423704921,-69.311
2026-07-14T01:54:48.008584+00:00,1423706385,-69.292
2026-07-14T01:54:48.008584+00:00,1423707850,-69.393
2026-07-14T01:54:48.008584+00:00,1423709315,-69.411
2026-07-14T01:54:48.008584+00:00,1423710780,-69.394
2026-07-14T01:54:48.008584+00:00,1423712245,-69.461
2026-07-14T01:54:48.008584+00:00,1423713710,-69.48
2026-07-14T01:54:48.008584+00:00,1423715175,-69.43
2026-07-14T01:54:48.008584+00:00,1423716639,-69.397
2026-07-14T01:54:48.008584+00:00,1423718104,-69.4
2026-07-14T01:54:48.008584+00:00,1423719569,-69.389
2026-07-14T01:54:48.008584+00:00,1423721034,-69.436
2026-07-14T01:54:48.008584+00:00,1423722499,-69.436
2026-07-14T01:54:48.008584+00:00,1423723964,-69.456
2026-07-14T01:54:48.008584+00:00,1423725428,-69.388
2026-07-14T01:54:48.008584+00:00,1423726893,-69.404
2026-07-14T01:54:48.008584+00:00,1423728358,-69.449
2026-07-14T01:54:48.008584+00:00,1423729823,-69.447
2026-07-14T01:54:48.008584+00:00,1423731288,-69.443
2026-07-14T01:54:48.008584+00:00,1423732753,-69.474
2026-07-14T01:54:48.008584+00:00,1423734217,-69.505
2026-07-14T01:54:48.008584+00:00,1423735682,-69.508
2026-07-14T01:54:48.008584+00:00,1423737147,-69.516
2026-07-14T01:54:48.008584+00:00,1423738612,-69.45
2026-07-14T01:54:48.008584+00:00,1423740077,-69.444
2026-07-14T01:54:48.008584+00:00,1423741542,-69.516
2026-07-14T01:54:48.008584+00:00,1423743007,-69.504
2026-07-14T01:54:48.008584+00:00,1423744471,-69.463
2026-07-14T01:54:48.008584+00:00,1423745936,-69.492
2026-07-14T01:54:48.008584+00:00,1423747401,-69.579
2026-07-14T01:54:48.008584+00:00,1423748866,-69.579
2026-07-14T01:54:48.008584+00:00,1423750331,-69.58
2026-07-14T01:54:48.008584+00:00,1423751796,-69.498
2026-07-14T01:54:48.008584+00:00,1423753260,-69.5
2026-07-14T01:54:48.008584+00:00,1423754725,-69.573
2026-07-14T01:54:48.008584+00:00,1423756190,-69.61
2026-07-14T01:54:48.008584+00:00,1423757655,-69.612
2026-07-14T01:54:48.008584+00:00,1423759120,-69.647
2026-07-14T01:54:48.008584+00:00,1423760585,-69.605
2026-07-14T01:54:48.008584+00:00,1423762050,-69.527
2026-07-14T01:54:48.008584+00:00,1423763514,-69.547
2026-07-14T01:54:48.008584+00:00,1423764979,-69.573
2026-07-14T01:54:48.008584+00:00,1423766444,-69.616
2026-07-14T01:54:48.008584+00:00,1423767909,-69.608
2026-07-14T01:54:48.008584+00:00,1423769374,-69.622
2026-07-14T01:54:48.008584+00:00,1423770839,-69.644
2026-07-14T01:54:48.008584+00:00,1423772303,-69.638
2026-07-14T01:54:48.008584+00:00,1423773768,-69.698
2026-07-14T01:54:48.008584+00:00,1423775233,-69.693
2026-07-14T01:54:48.008584+00:00,1423776698,-69.697
2026-07-14T01:54:48.008584+00:00,1423778163,-69.629
2026-07-14T01:54:48.008584+00:00,1423779628,-69.672
2026-07-14T01:54:48.008584+00:00,1423781092,-69.685
2026-07-14T01:54:48.008584+00:00,1423782557,-69.687
2026-07-14T01:54:48.008584+00:00,1423784022,-69.727
2026-07-14T01:54:48.008584+00:00,1423785487,-69.666
2026-07-14T01:54:48.008584+00:00,1423786952,-69.684
2026-07-14T01:54:48.008584+00:00,1423788417,-69.624
2026-07-14T01:54:48.008584+00:00,1423789882,-69.681
2026-07-14T01:54:48.008584+00:00,1423791346,-69.691
2026-07-14T01:54:48.008584+00:00,1423792811,-69.72
2026-07-14T01:54:48.008584+00:00,1423794276,-69.701
2026-07-14T01:54:48.008584+00:00,1423795741,-69.724
2026-07-14T01:54:48.008584+00:00,1423797206,-69.758
2026-07-14T01:54:48.008584+00:00,1423798671,-69.727
2026-07-14T01:54:48.008584+00:00,1423800135,-69.713
2026-07-14T01:54:48.008584+00:00,1423801600,-69.706
2026-07-14T01:54:48.008584+00:00,1423803065,-69.772
2026-07-14T01:54:48.008584+00:00,1423804530,-69.839
2026-07-14T01:54:48.008584+00:00,1423805995,-69.793
2026-07-14T01:54:48.008584+00:00,1423807460,-69.805
2026-07-14T01:54:48.008584+00:00,1423808925,-69.802
2026-07-14T01:54:48.008584+00:00,1423810389,-69.784
2026-07-14T01:54:48.008584+00:00,1423811854,-69.817
2026-07-14T01:54:48.008584+00:00,1423813319,-69.765
2026-07-14T01:54:48.008584+00:00,1423814784,-69.8
2026-07-14T01:54:48.008584+00:00,1423816249,-69.796
2026-07-14T01:54:48.008584+00:00,1423817714,-69.8
2026-07-14T01:54:48.008584+00:00,1423819178,-69.783
2026-07-14T01:54:48.008584+00:00,1423820643,-69.806
2026-07-14T01:54:48.008584+00:00,1423822108,-69.845
2026-07-14T01:54:48.008584+00:00,1423823573,-69.796
2026-07-14T01:54:48.008584+00:00,1423825038,-69.76
2026-07-14T01:54:48.008584+00:00,1423826503,-69.747
2026-07-14T01:54:48.008584+00:00,1423827967,-69.802
2026-07-14T01:54:48.008584+00:00,1423829432,-69.818
2026-07-14T01:54:48.008584+00:00,1423830897,-69.797
2026-07-14T01:54:48.008584+00:00,1423832362,-69.812
2026-07-14T01:54:48.008584+00:00,1423833827,-69.805
2026-07-14T01:54:48.008584+00:00,1423835292,-69.762
2026-07-14T01:54:48.008584+00:00,1423836757,-69.724
2026-07-14T01:54:48.008584+00:00,1423838221,-69.75
2026-07-14T01:54:48.008584+00:00,1423839686,-69.834
2026-07-14T01:54:48.008584+00:00,1423841151,-69.895
2026-07-14T01:54:48.008584+00:00,1423842616,-69.822
2026-07-14T01:54:48.008584+00:00,1423844081,-69.838
2026-07-14T01:54:48.008584+00:00,1423845546,-69.847
2026-07-14T01:54:48.008584+00:00,1423847010,-69.822
2026-07-14T01:54:48.008584+00:00,1423848475,-69.767
2026-07-14T01:54:48.008584+00:00,1423849940,-69.854
2026-07-14T01:54:48.008584+00:00,1423851405,-69.839
2026-07-14T01:54:48.008584+00:00,1423852870,-69.833
2026-07-14T01:54:48.008584+00:00,1423854335,-69.876
2026-07-14T01:54:48.008584+00:00,1423855800,-69.95
2026-07-14T01:54:48.008584+00:00,1423857264,-69.823
2026-07-14T01:54:48.008584+00:00,1423858729,-69.832
2026-07-14T01:54:48.008584+00:00,1423860194,-69.909
2026-07-14T01:54:48.008584+00:00,1423861659,-69.916
2026-07-14T01:54:48.008584+00:00,1423863124,-69.845
2026-07-14T01:54:48.008584+00:00,1423864589,-69.87
2026-07-14T01:54:48.008584+00:00,1423866053,-69.889
2026-07-14T01:54:48.008584+00:00,1423867518,-69.872
2026-07-14T01:54:48.008584+00:00,1423868983,-69.863
2026-07-14T01:54:48.008584+00:00,1423870448,-69.868
2026-07-14T01:54:48.008584+00:00,1423871913,-69.893
2026-07-14T01:54:48.008584+00:00,1423873378,-69.886
2026-07-14T01:54:48.008584+00:00,1423874842,-69.853
2026-07-14T01:54:48.008584+00:00,1423876307,-69.891
2026-07-14T01:54:48.008584+00:00,1423877772,-69.881
2026-07-14T01:54:48.008584+00:00,1423879237,-69.818
2026-07-14T01:54:48.008584+00:00,1423880702,-69.803
2026-07-14T01:54:48.008584+00:00,1423882167,-69.792
2026-07-14T01:54:48.008584+00:00,1423883632,-69.789
2026-07-14T01:54:48.008584+00:00,1423885096,-69.859
2026-07-14T01:54:48.008584+00:00,1423886561,-69.904
2026-07-14T01:54:48.008584+00:00,1423888026,-69.889
2026-07-14T01:54:48.008584+00:00,1423889491,-69.883
2026-07-14T01:54:48.008584+00:00,1423890956,-69.855
2026-07-14T01:54:48.008584+00:00,1423892421,-69.899
2026-07-14T01:54:48.008584+00:00,1423893885,-69.902
2026-07-14T01:54:48.008584+00:00,1423895350,-69.828
2026-07-14T01:54:48.008584+00:00,1423896815,-69.792
2026-07-14T01:54:48.008584+00:00,1423898280,-69.821
2026-07-14T01:54:48.008584+00:00,1423899745,-69.845
2026-07-14T01:54:48.008584+00:00,1423901210,-69.889
2026-07-14T01:54:48.008584+00:00,1423902675,-69.849
2026-07-14T01:54:48.008584+00:00,1423904139,-69.818
2026-07-14T01:54:48.008584+00:00,1423905604,-69.771
2026-07-14T01:54:48.008584+00:00,1423907069,-69.787
2026-07-14T01:54:48.008584+00:00,1423908534,-69.853
2026-07-14T01:54:48.008584+00:00,1423909999,-69.815
2026-07-14T01:54:48.008584+00:00,1423911464,-69.763
2026-07-14T01:54:48.008584+00:00,1423912928,-69.796
2026-07-14T01:54:48.008584+00:00,1423914393,-69.842
2026-07-14T01:54:48.008584+00:00,1423915858,-69.811
2026-07-14T01:54:48.008584+00:00,1423917323,-69.809
2026-07-14T01:54:48.008584+00:00,1423918788,-69.769
2026-07-14T01:54:48.008584+00:00,1423920253,-69.797
2026-07-14T01:54:48.008584+00:00,1423921717,-69.767
2026-07-14T01:54:48.008584+00:00,1423923182,-69.775
2026-07-14T01:54:48.008584+00:00,1423924647,-69.757
2026-07-14T01:54:48.008584+00:00,1423926112,-69.691
2026-07-14T01:54:48.008584+00:00,1423927577,-69.657
2026-07-14T01:54:48.008584+00:00,1423929042,-69.708
2026-07-14T01:54:48.008584+00:00,1423930507,-69.729
2026-07-14T01:54:48.008584+00:00,1423931971,-69.738
2026-07-14T01:54:48.008584+00:00,1423933436,-69.75
2026-07-14T01:54:48.008584+00:00,1423934901,-69.677
2026-07-14T01:54:48.008584+00:00,1423936366,-69.685
2026-07-14T01:54:48.008584+00:00,1423937831,-69.71
2026-07-14T01:54:48.008584+00:00,1423939296,-69.69
2026-07-14T01:54:48.008584+00:00,1423940760,-69.698
2026-07-14T01:54:48.008584+00:00,1423942225,-69.743
2026-07-14T01:54:48.008584+00:00,1423943690,-69.717
2026-07-14T01:54:48.008584+00:00,1423945155,-69.69
2026-07-14T01:54:48.008584+00:00,1423946620,-69.7
2026-07-14T01:54:48.008584+00:00,1423948085,-69.644
2026-07-14T01:54:48.008584+00:00,1423949550,-69.596
2026-07-14T01:54:48.008584+00:00,1423951014,-69.646
2026-07-14T01:54:48.008584+00:00,1423952479,-69.701
2026-07-14T01:54:48.008584+00:00,1423953944,-69.654
2026-07-14T01:54:48.008584+00:00,1423955409,-69.603
2026-07-14T01:54:48.008584+00:00,1423956874,-69.597
2026-07-14T01:54:48.008584+00:00,1423958339,-69.645
2026-07-14T01:54:48.008584+00:00,1423959803,-69.666
2026-07-14T01:54:48.008584+00:00,1423961268,-69.591
2026-07-14T01:54:48.008584+00:00,1423962733,-69.68
2026-07-14T01:54:48.008584+00:00,1423964198,-69.65
2026-07-14T01:54:48.008584+00:00,1423965663,-69.591
2026-07-14T01:54:48.008584+00:00,1423967128,-69.566
2026-07-14T01:54:48.008584+00:00,1423968592,-69.591
2026-07-14T01:54:48.008584+00:00,1423970057,-69.59
2026-07-14T01:54:48.008584+00:00,1423971522,-69.524
2026-07-14T01:54:48.008584+00:00,1423972987,-69.468
2026-07-14T01:54:48.008584+00:00,1423974452,-69.551
2026-07-14T01:54:48.008584+00:00,1423975917,-69.565
2026-07-14T01:54:48.008584+00:00,1423977382,-69.519
2026-07-14T01:54:48.008584+00:00,1423978846,-69.502
2026-07-14T01:54:48.008584+00:00,1423980311,-69.523
2026-07-14T01:54:48.008584+00:00,1423981776,-69.445
2026-07-14T01:54:48.008584+00:00,1423983241,-69.499
2026-07-14T01:54:48.008584+00:00,1423984706,-69.585
2026-07-14T01:54:48.008584+00:00,1423986171,-69.506
2026-07-14T01:54:48.008584+00:00,1423987635,-69.492
2026-07-14T01:54:48.008584+00:00,1423989100,-69.491
2026-07-14T01:54:48.008584+00:00,1423990565,-69.513
2026-07-14T01:54:48.008584+00:00,1423992030,-69.499
2026-07-14T01:54:48.008584+00:00,1423993495,-69.462
2026-07-14T01:54:48.008584+00:00,1423994960,-69.569
2026-07-14T01:54:48.008584+00:00,1423996425,-69.5
2026-07-14T01:54:48.008584+00:00,1423997889,-69.452
2026-07-14T01:54:48.008584+00:00,1423999354,-69.517
2026-07-14T01:54:48.008584+00:00,1424000819,-69.48
2026-07-14T01:54:48.008584+00:00,1424002284,-69.374
2026-07-14T01:54:48.008584+00:00,1424003749,-69.388
2026-07-14T01:54:48.008584+00:00,1424005214,-69.373
2026-07-14T01:54:48.008584+00:00,1424006678,-69.444
2026-07-14T01:54:48.008584+00:00,1424008143,-69.422
2026-07-14T01:54:48.008584+00:00,1424009608,-69.422
2026-07-14T01:54:48.008584+00:00,1424011073,-69.42
2026-07-14T01:54:48.008584+00:00,1424012538,-69.339
2026-07-14T01:54:48.008584+00:00,1424014003,-69.425
2026-07-14T01:54:48.008584+00:00,1424015467,-69.43
2026-07-14T01:54:48.008584+00:00,1424016932,-69.386
2026-07-14T01:54:48.008584+00:00,1424018397,-69.397
2026-07-14T01:54:48.008584+00:00,1424019862,-69.415
2026-07-14T01:54:48.008584+00:00,1424021327,-69.394
2026-07-14T01:54:48.008584+00:00,1424022792,-69.352
2026-07-14T01:54:48.008584+00:00,1424024257,-69.365
2026-07-14T01:54:48.008584+00:00,1424025721,-69.328
2026-07-14T01:54:48.008584+00:00,1424027186,-69.359
2026-07-14T01:54:48.008584+00:00,1424028651,-69.338
2026-07-14T01:54:48.008584+00:00,1424030116,-69.372
2026-07-14T01:54:48.008584+00:00,1424031581,-69.301
2026-07-14T01:54:48.008584+00:00,1424033046,-69.348
2026-07-14T01:54:48.008584+00:00,1424034510,-69.31
2026-07-14T01:54:48.008584+00:00,1424035975,-69.352
2026-07-14T01:54:48.008584+00:00,1424037440,-69.345
2026-07-14T01:54:48.008584+00:00,1424038905,-69.338
2026-07-14T01:54:48.008584+00:00,1424040370,-69.307
2026-07-14T01:54:48.008584+00:00,1424041835,-69.282
2026-07-14T01:54:48.008584+00:00,1424043300,-69.298
2026-07-14T01:54:48.008584+00:00,1424044764,-69.3
2026-07-14T01:54:48.008584+00:00,1424046229,-69.318
2026-07-14T01:54:48.008584+00:00,1424047694,-69.343
2026-07-14T01:54:48.008584+00:00,1424049159,-69.319
2026-07-14T01:54:48.008584+00:00,1424050624,-69.294
2026-07-14T01:54:48.008584+00:00,1424052089,-69.286
2026-07-14T01:54:48.008584+00:00,1424053553,-69.303
2026-07-14T01:54:48.008584+00:00,1424055018,-69.37
2026-07-14T01:54:48.008584+00:00,1424056483,-69.311
2026-07-14T01:54:48.008584+00:00,1424057948,-69.212
2026-07-14T01:54:48.008584+00:00,1424059413,-69.184
2026-07-14T01:54:48.008584+00:00,1424060878,-69.305
2026-07-14T01:54:48.008584+00:00,1424062342,-69.341
2026-07-14T01:54:48.008584+00:00,1424063807,-69.356
2026-07-14T01:54:48.008584+00:00,1424065272,-69.351
2026-07-14T01:54:48.008584+00:00,1424066737,-69.335
2026-07-14T01:54:48.008584+00:00,1424068202,-69.291
2026-07-14T01:54:48.008584+00:00,1424069667,-69.256
2026-07-14T01:54:48.008584+00:00,1424071132,-69.272
2026-07-14T01:54:48.008584+00:00,1424072596,-69.262
2026-07-14T01:54:48.008584+00:00,1424074061,-69.311
2026-07-14T01:54:48.008584+00:00,1424075526,-69.335
2026-07-14T01:54:48.008584+00:00,1424076991,-69.333
2026-07-14T01:54:48.008584+00:00,1424078456,-69.346
2026-07-14T01:54:48.008584+00:00,1424079921,-69.345
2026-07-14T01:54:48.008584+00:00,1424081385,-69.334
2026-07-14T01:54:48.008584+00:00,1424082850,-69.33
2026-07-14T01:54:48.008584+00:00,1424084315,-69.323
2026-07-14T01:54:48.008584+00:00,1424085780,-69.328
2026-07-14T01:54:48.008584+00:00,1424087245,-69.3
2026-07-14T01:54:48.008584+00:00,1424088710,-69.284
2026-07-14T01:54:48.008584+00:00,1424090175,-69.289
2026-07-14T01:54:48.008584+00:00,1424091639,-69.348
2026-07-14T01:54:48.008584+00:00,1424093104,-69.304
2026-07-14T01:54:48.008584+00:00,1424094569,-69.353
2026-07-14T01:54:48.008584+00:00,1424096034,-69.395
2026-07-14T01:54:48.008584+00:00,1424097499,-69.399
2026-07-14T01:54:48.008584+00:00,1424098964,-69.445
2026-07-14T01:54:48.008584+00:00,1424100428,-69.369
2026-07-14T01:54:48.008584+00:00,1424101893,-69.346
2026-07-14T01:54:48.008584+00:00,1424103358,-69.375
2026-07-14T01:54:48.008584+00:00,1424104823,-69.444
2026-07-14T01:54:48.008584+00:00,1424106288,-69.452
2026-07-14T01:54:48.008584+00:00,1424107753,-69.387
2026-07-14T01:54:48.008584+00:00,1424109217,-69.43
2026-07-14T01:54:48.008584+00:00,1424110682,-69.474
2026-07-14T01:54:48.008584+00:00,1424112147,-69.457
2026-07-14T01:54:48.008584+00:00,1424113612,-69.474
2026-07-14T01:54:48.008584+00:00,1424115077,-69.507
2026-07-14T01:54:48.008584+00:00,1424116542,-69.51
2026-07-14T01:54:48.008584+00:00,1424118007,-69.542
2026-07-14T01:54:48.008584+00:00,1424119471,-69.539
2026-07-14T01:54:48.008584+00:00,1424120936,-69.532
2026-07-14T01:54:48.008584+00:00,1424122401,-69.526
2026-07-14T01:54:48.008584+00:00,1424123866,-69.529
2026-07-14T01:54:48.008584+00:00,1424125331,-69.537
2026-07-14T01:54:48.008584+00:00,1424126796,-69.612
2026-07-14T01:54:48.008584+00:00,1424128260,-69.598
2026-07-14T01:54:48.008584+00:00,1424129725,-69.594
2026-07-14T01:54:48.008584+00:00,1424131190,-69.593
2026-07-14T01:54:48.008584+00:00,1424132655,-69.678
2026-07-14T01:54:48.008584+00:00,1424134120,-69.64
2026-07-14T01:54:48.008584+00:00,1424135585,-69.621
2026-07-14T01:54:48.008584+00:00,1424137050,-69.689
2026-07-14T01:54:48.008584+00:00,1424138514,-69.775
2026-07-14T01:54:48.008584+00:00,1424139979,-69.718
2026-07-14T01:54:48.008584+00:00,1424141444,-69.696
2026-07-14T01:54:48.008584+00:00,1424142909,-69.767
2026-07-14T01:54:48.008584+00:00,1424144374,-69.815
2026-07-14T01:54:48.008584+00:00,1424145839,-69.841
2026-07-14T01:54:48.008584+00:00,1424147303,-69.826
2026-07-14T01:54:48.008584+00:00,1424148768,-69.854
2026-07-14T01:54:48.008584+00:00,1424150233,-69.9
2026-07-14T01:54:48.008584+00:00,1424151698,-69.894
2026-07-14T01:54:48.008584+00:00,1424153163,-69.988
2026-07-14T01:54:48.008584+00:00,1424154628,-69.993
2026-07-14T01:54:48.008584+00:00,1424156092,-69.958
2026-07-14T01:54:48.008584+00:00,1424157557,-69.972
2026-07-14T01:54:48.008584+00:00,1424159022,-70.096
2026-07-14T01:54:48.008584+00:00,1424160487,-70.1
2026-07-14T01:54:48.008584+00:00,1424161952,-70.092
2026-07-14T01:54:48.008584+00:00,1424163417,-70.082
2026-07-14T01:54:48.008584+00:00,1424164882,-70.101
2026-07-14T01:54:48.008584+00:00,1424166346,-70.152
2026-07-14T01:54:48.008584+00:00,1424167811,-70.125
2026-07-14T01:54:48.008584+00:00,1424169276,-70.165
2026-07-14T01:54:48.008584+00:00,1424170741,-70.192
2026-07-14T01:54:48.008584+00:00,1424172206,-70.209
2026-07-14T01:54:48.008584+00:00,1424173671,-70.214
2026-07-14T01:54:48.008584+00:00,1424175135,-70.231
2026-07-14T01:54:48.008584+00:00,1424176600,-70.315
2026-07-14T01:54:48.008584+00:00,1424178065,-70.372
2026-07-14T01:54:48.008584+00:00,1424179530,-70.363
2026-07-14T01:54:48.008584+00:00,1424180995,-70.401
2026-07-14T01:54:48.008584+00:00,1424182460,-70.47
2026-07-14T01:54:48.008584+00:00,1424183925,-70.521
2026-07-14T01:54:48.008584+00:00,1424185389,-70.468
2026-07-14T01:54:48.008584+00:00,1424186854,-70.479
2026-07-14T01:54:48.008584+00:00,1424188319,-70.637
2026-07-14T01:54:48.008584+00:00,1424189784,-70.67
2026-07-14T01:54:48.008584+00:00,1424191249,-70.656
2026-07-14T01:54:48.008584+00:00,1424192714,-70.703
2026-07-14T01:54:48.008584+00:00,1424194178,-70.756
2026-07-14T01:54:48.008584+00:00,1424195643,-70.79
2026-07-14T01:54:48.008584+00:00,1424197108,-70.808
2026-07-14T01:54:48.008584+00:00,1424198573,-70.838
2026-07-14T01:54:48.008584+00:00,1424200038,-70.885
2026-07-14T01:54:48.008584+00:00,1424201503,-71.001
2026-07-14T01:54:48.008584+00:00,1424202967,-70.98
2026-07-14T01:54:48.008584+00:00,1424204432,-71.015
2026-07-14T01:54:48.008584+00:00,1424205897,-71.121
2026-07-14T01:54:48.008584+00:00,1424207362,-71.155
2026-07-14T01:54:48.008584+00:00,1424208827,-71.211
2026-07-14T01:54:48.008584+00:00,1424210292,-71.245
2026-07-14T01:54:48.008584+00:00,1424211757,-71.31
2026-07-14T01:54:48.008584+00:00,1424213221,-71.334
2026-07-14T01:54:48.008584+00:00,1424214686,-71.311
2026-07-14T01:54:48.008584+00:00,1424216151,-71.402
2026-07-14T01:54:48.008584+00:00,1424217616,-71.547
2026-07-14T01:54:48.008584+00:00,1424219081,-71.523
2026-07-14T01:54:48.008584+00:00,1424220546,-71.531
2026-07-14T01:54:48.008584+00:00,1424222010,-71.584
2026-07-14T01:54:48.008584+00:00,1424223475,-71.677
2026-07-14T01:54:48.008584+00:00,1424224940,-71.702
2026-07-14T01:54:48.008584+00:00,1424226405,-71.722
2026-07-14T01:54:48.008584+00:00,1424227870,-71.856
2026-07-14T01:54:48.008584+00:00,1424229335,-71.919
2026-07-14T01:54:48.008584+00:00,1424230800,-71.941
2026-07-14T01:54:48.008584+00:00,1424232264,-72.013
2026-07-14T01:54:48.008584+00:00,1424233729,-72.051
2026-07-14T01:54:48.008584+00:00,1424235194,-72.071
2026-07-14T01:54:48.008584+00:00,1424236659,-72.176
2026-07-14T01:54:48.008584+00:00,1424238124,-72.223
2026-07-14T01:54:48.008584+00:00,1424239589,-72.291
2026-07-14T01:54:48.008584+00:00,1424241053,-72.395
2026-07-14T01:54:48.008584+00:00,1424242518,-72.408
2026-07-14T01:54:48.008584+00:00,1424243983,-72.452
2026-07-14T01:54:48.008584+00:00,1424245448,-72.553
2026-07-14T01:54:48.008584+00:00,1424246913,-72.622
2026-07-14T01:54:48.008584+00:00,1424248378,-72.661
2026-07-14T01:54:48.008584+00:00,1424249842,-72.775
2026-07-14T01:54:48.008584+00:00,1424251307,-72.803
2026-07-14T01:54:48.008584+00:00,1424252772,-72.883
2026-07-14T01:54:48.008584+00:00,1424254237,-72.944
2026-07-14T01:54:48.008584+00:00,1424255702,-73.008
2026-07-14T01:54:48.008584+00:00,1424257167,-73.076
2026-07-14T01:54:48.008584+00:00,1424258632,-73.153
2026-07-14T01:54:48.008584+00:00,1424260096,-73.212
2026-07-14T01:54:48.008584+00:00,1424261561,-73.293
2026-07-14T01:54:48.008584+00:00,1424263026,-73.367
2026-07-14T01:54:48.008584+00:00,1424264491,-73.438
2026-07-14T01:54:48.008584+00:00,1424265956,-73.565
2026-07-14T01:54:48.008584+00:00,1424267421,-73.614
2026-07-14T01:54:48.008584+00:00,1424268885,-73.654
2026-07-14T01:54:48.008584+00:00,1424270350,-73.768
2026-07-14T01:54:48.008584+00:00,1424271815,-73.875
2026-07-14T01:54:48.008584+00:00,1424273280,-73.895
2026-07-14T01:54:48.008584+00:00,1424274745,-73.98
2026-07-14T01:54:48.008584+00:00,1424276210,-74.126
2026-07-14T01:54:48.008584+00:00,1424277675,-74.213
2026-07-14T01:54:48.008584+00:00,1424279139,-74.223
2026-07-14T01:54:48.008584+00:00,1424280604,-74.37
2026-07-14T01:54:48.008584+00:00,1424282069,-74.452
2026-07-14T01:54:48.008584+00:00,1424283534,-74.513
2026-07-14T01:54:48.008584+00:00,1424284999,-74.589
2026-07-14T01:54:48.008584+00:00,1424286464,-74.713
2026-07-14T01:54:48.008584+00:00,1424287928,-74.865
2026-07-14T01:54:48.008584+00:00,1424289393,-74.961
2026-07-14T01:54:48.008584+00:00,1424290858,-74.989
2026-07-14T01:54:48.008584+00:00,1424292323,-75.074
2026-07-14T01:54:48.008584+00:00,1424293788,-75.179
2026-07-14T01:54:48.008584+00:00,1424295253,-75.265
2026-07-14T01:54:48.008584+00:00,1424296717,-75.345
2026-07-14T01:54:48.008584+00:00,1424298182,-75.524
2026-07-14T01:54:48.008584+00:00,1424299647,-75.635
2026-07-14T01:54:48.008584+00:00,1424301112,-75.755
2026-07-14T01:54:48.008584+00:00,1424302577,-75.837
2026-07-14T01:54:48.008584+00:00,1424304042,-75.826
2026-07-14T01:54:48.008584+00:00,1424305507,-75.945
2026-07-14T01:54:48.008584+00:00,1424306971,-76.109
2026-07-14T01:54:48.008584+00:00,1424308436,-76.183
2026-07-14T01:54:48.008584+00:00,1424309901,-76.281
2026-07-14T01:54:48.008584+00:00,1424311366,-76.493
2026-07-14T01:54:48.008584+00:00,1424312831,-76.628
2026-07-14T01:54:48.008584+00:00,1424314296,-76.682
2026-07-14T01:54:48.008584+00:00,1424315760,-76.835
2026-07-14T01:54:48.008584+00:00,1424317225,-76.911
2026-07-14T01:54:48.008584+00:00,1424318690,-77.032
2026-07-14T01:54:48.008584+00:00,1424320155,-77.144
2026-07-14T01:54:48.008584+00:00,1424321620,-77.304
2026-07-14T01:54:48.008584+00:00,1424323085,-77.369
2026-07-14T01:54:48.008584+00:00,1424324550,-77.498
2026-07-14T01:54:48.008584+00:00,1424326014,-77.675
2026-07-14T01:54:48.008584+00:00,1424327479,-77.772
2026-07-14T01:54:48.008584+00:00,1424328944,-77.899
2026-07-14T01:54:48.008584+00:00,1424330409,-77.998
2026-07-14T01:54:48.008584+00:00,1424331874,-78.097
2026-07-14T01:54:48.008584+00:00,1424333339,-78.205
2026-07-14T01:54:48.008584+00:00,1424334803,-78.433
2026-07-14T01:54:48.008584+00:00,1424336268,-78.561
2026-07-14T01:54:48.008584+00:00,1424337733,-78.65
2026-07-14T01:54:48.008584+00:00,1424339198,-78.769
2026-07-14T01:54:48.008584+00:00,1424340663,-78.939
2026-07-14T01:54:48.008584+00:00,1424342128,-79.145
2026-07-14T01:54:48.008584+00:00,1424343592,-79.234
2026-07-14T01:54:48.008584+00:00,1424345057,-79.351
2026-07-14T01:54:48.008584+00:00,1424346522,-79.535
2026-07-14T01:54:48.008584+00:00,1424347987,-79.675
2026-07-14T01:54:48.008584+00:00,1424349452,-79.825
2026-07-14T01:54:48.008584+00:00,1424350917,-79.962
2026-07-14T01:54:48.008584+00:00,1424352382,-80.126
2026-07-14T01:54:48.008584+00:00,1424353846,-80.285
2026-07-14T01:54:48.008584+00:00,1424355311,-80.412
2026-07-14T01:54:48.008584+00:00,1424356776,-80.59
2026-07-14T01:54:48.008584+00:00,1424358241,-80.723
2026-07-14T01:54:48.008584+00:00,1424359706,-80.91
2026-07-14T01:54:48.008584+00:00,1424361171,-81.107
2026-07-14T01:54:48.008584+00:00,1424362635,-81.299
2026-07-14T01:54:48.008584+00:00,1424364100,-81.419
2026-07-14T01:54:48.008584+00:00,1424365565,-81.559
2026-07-14T01:54:48.008584+00:00,1424367030,-81.749
2026-07-14T01:54:48.008584+00:00,1424368495,-81.888
2026-07-14T01:54:48.008584+00:00,1424369960,-82.035
2026-07-14T01:54:48.008584+00:00,1424371425,-82.247
2026-07-14T01:54:48.008584+00:00,1424372889,-82.477
2026-07-14T01:54:48.008584+00:00,1424374354,-82.64
2026-07-14T01:54:48.008584+00:00,1424375819,-82.76
2026-07-14T01:54:48.008584+00:00,1424377284,-82.985
2026-07-14T01:54:48.008584+00:00,1424378749,-83.112
2026-07-14T01:54:48.008584+00:00,1424380214,-83.294
2026-07-14T01:54:48.008584+00:00,1424381678,-83.512
2026-07-14T01:54:48.008584+00:00,1424383143,-83.717
2026-07-14T01:54:48.008584+00:00,1424384608,-83.953
2026-07-14T01:54:48.008584+00:00,1424386073,-84.087
2026-07-14T01:54:48.008584+00:00,1424387538,-84.229
2026-07-14T01:54:48.008584+00:00,1424389003,-84.393
2026-07-14T01:54:48.008584+00:00,1424390467,-84.541
2026-07-14T01:54:48.008584+00:00,1424391932,-84.824
2026-07-14T01:54:48.008584+00:00,1424393397,-85.071
2026-07-14T01:54:48.008584+00:00,1424394862,-85.252
2026-07-14T01:54:48.008584+00:00,1424396327,-85.368
2026-07-14T01:54:48.008584+00:00,1424397792,-85.557
2026-07-14T01:54:48.008584+00:00,1424399257,-85.818
2026-07-14T01:54:48.008584+00:00,1424400721,-85.962
2026-07-14T01:54:48.008584+00:00,1424402186,-86.1
2026-07-14T01:54:48.008584+00:00,1424403651,-86.316
2026-07-14T01:54:48.008584+00:00,1424405116,-86.564
2026-07-14T01:54:48.008584+00:00,1424406581,-86.722
2026-07-14T01:54:48.008584+00:00,1424408046,-86.878
2026-07-14T01:54:48.008584+00:00,1424409510,-87.098
2026-07-14T01:54:48.008584+00:00,1424410975,-87.289
2026-07-14T01:54:48.008584+00:00,1424412440,-87.423
2026-07-14T01:54:48.008584+00:00,1424413905,-87.604
2026-07-14T01:54:48.008584+00:00,1424415370,-87.763
2026-07-14T01:54:48.008584+00:00,1424416835,-88.004
2026-07-14T01:54:48.008584+00:00,1424418300,-88.169
2026-07-14T01:54:48.008584+00:00,1424419764,-88.303
2026-07-14T01:54:48.008584+00:00,1424421229,-88.462
2026-07-14T01:54:48.008584+00:00,1424422694,-88.647
2026-07-14T01:54:48.008584+00:00,1424424159,-88.805
2026-07-14T01:54:48.008584+00:00,1424425624,-88.946
2026-07-14T01:54:48.008584+00:00,1424427089,-89.102
2026-07-14T01:54:48.008584+00:00,1424428553,-89.204
2026-07-14T01:54:48.008584+00:00,1424430018,-89.318
2026-07-14T01:54:48.008584+00:00,1424431483,-89.392
2026-07-14T01:54:48.008584+00:00,1424432948,-89.494
2026-07-14T01:54:48.008584+00:00,1424434413,-89.621
2026-07-14T01:54:48.008584+00:00,1424435878,-89.742
2026-07-14T01:54:48.008584+00:00,1424437342,-89.817
2026-07-14T01:54:48.008584+00:00,1424438807,-89.875
2026-07-14T01:54:48.008584+00:00,1424440272,-89.897
2026-07-14T01:54:48.008584+00:00,1424441737,-89.884
2026-07-14T01:54:48.008584+00:00,1424443202,-89.972
2026-07-14T01:54:48.008584+00:00,1424444667,-90.047
2026-07-14T01:54:48.008584+00:00,1424446132,-90.088
2026-07-14T01:54:48.008584+00:00,1424447596,-90.175
2026-07-14T01:54:48.008584+00:00,1424449061,-90.246
2026-07-14T01:54:48.008584+00:00,1424450526,-90.114
2026-07-14T01:54:48.008584+00:00,1424451991,-90.151
2026-07-14T01:54:48.008584+00:00,1424453456,-90.148
2026-07-14T01:54:48.008584+00:00,1424454921,-90.104
2026-07-14T01:54:48.008584+00:00,1424456385,-90.192
2026-07-14T01:54:48.008584+00:00,1424457850,-90.187
2026-07-14T01:54:48.008584+00:00,1424459315,-90.087
2026-07-14T01:54:48.008584+00:00,1424460780,-90.089
2026-07-14T01:54:48.008584+00:00,1424462245,-90.025
2026-07-14T01:54:48.008584+00:00,1424463710,-89.964
2026-07-14T01:54:48.008584+00:00,1424465175,-89.9
2026-07-14T01:54:48.008584+00:00,1424466639,-89.954
2026-07-14T01:54:48.008584+00:00,1424468104,-89.888
2026-07-14T01:54:48.008584+00:00,1424469569,-89.752
2026-07-14T01:54:48.008584+00:00,1424471034,-89.744
2026-07-14T01:54:48.008584+00:00,1424472499,-89.677
2026-07-14T01:54:48.008584+00:00,1424473964,-89.571
2026-07-14T01:54:48.008584+00:00,1424475428,-89.506
2026-07-14T01:54:48.008584+00:00,1424476893,-89.436
2026-07-14T01:54:48.008584+00:00,1424478358,-89.409
2026-07-14T01:54:48.008584+00:00,1424479823,-89.334
2026-07-14T01:54:48.008584+00:00,1424481288,-89.279
2026-07-14T01:54:48.008584+00:00,1424482753,-89.19
2026-07-14T01:54:48.008584+00:00,1424484217,-89.139
2026-07-14T01:54:48.008584+00:00,1424485682,-89.004
2026-07-14T01:54:48.008584+00:00,1424487147,-88.91
2026-07-14T01:54:48.008584+00:00,1424488612,-88.95
2026-07-14T01:54:48.008584+00:00,1424490077,-88.875
2026-07-14T01:54:48.008584+00:00,1424491542,-88.714
2026-07-14T01:54:48.008584+00:00,1424493007,-88.662
2026-07-14T01:54:48.008584+00:00,1424494471,-88.566
2026-07-14T01:54:48.008584+00:00,1424495936,-88.562
2026-07-14T01:54:48.008584+00:00,1424497401,-88.572
2026-07-14T01:54:48.008584+00:00,1424498866,-88.518
2026-07-14T01:54:48.008584+00:00,1424500331,-88.418
2026-07-14T01:54:48.008584+00:00,1424501796,-88.399
2026-07-14T01:54:48.008584+00:00,1424503260,-88.261
2026-07-14T01:54:48.008584+00:00,1424504725,-88.207
2026-07-14T01:54:48.008584+00:00,1424506190,-88.177
2026-07-14T01:54:48.008584+00:00,1424507655,-88.177
2026-07-14T01:54:48.008584+00:00,1424509120,-88.081
2026-07-14T01:54:48.008584+00:00,1424510585,-87.995
2026-07-14T01:54:48.008584+00:00,1424512050,-87.959
2026-07-14T01:54:48.008584+00:00,1424513514,-87.913
2026-07-14T01:54:48.008584+00:00,1424514979,-87.928
2026-07-14T01:54:48.008584+00:00,1424516444,-87.837
2026-07-14T01:54:48.008584+00:00,1424517909,-87.775
2026-07-14T01:54:48.008584+00:00,1424519374,-87.709
2026-07-14T01:54:48.008584+00:00,1424520839,-87.668
2026-07-14T01:54:48.008584+00:00,1424522303,-87.693
2026-07-14T01:54:48.008584+00:00,1424523768,-87.674
2026-07-14T01:54:48.008584+00:00,1424525233,-87.518
2026-07-14T01:54:48.008584+00:00,1424526698,-87.492
2026-07-14T01:54:48.008584+00:00,1424528163,-87.508
2026-07-14T01:54:48.008584+00:00,1424529628,-87.501
2026-07-14T01:54:48.008584+00:00,1424531092,-87.475
2026-07-14T01:54:48.008584+00:00,1424532557,-87.421
2026-07-14T01:54:48.008584+00:00,1424534022,-87.371
2026-07-14T01:54:48.008584+00:00,1424535487,-87.261
2026-07-14T01:54:48.008584+00:00,1424536952,-87.295
2026-07-14T01:54:48.008584+00:00,1424538417,-87.237
2026-07-14T01:54:48.008584+00:00,1424539882,-87.17
2026-07-14T01:54:48.008584+00:00,1424541346,-87.203
2026-07-14T01:54:48.008584+00:00,1424542811,-87.195
2026-07-14T01:54:48.008584+00:00,1424544276,-87.171
2026-07-14T01:54:48.008584+00:00,1424545741,-87.112
2026-07-14T01:54:48.008584+00:00,1424547206,-87.051
2026-07-14T01:54:48.008584+00:00,1424548671,-87.032
2026-07-14T01:54:48.008584+00:00,1424550135,-87.021
2026-07-14T01:54:48.008584+00:00,1424551600,-87.002
2026-07-14T01:54:48.008584+00:00,1424553065,-86.98
2026-07-14T01:54:48.008584+00:00,1424554530,-87.003
2026-07-14T01:54:48.008584+00:00,1424555995,-86.95
2026-07-14T01:54:48.008584+00:00,1424557460,-86.869
2026-07-14T01:54:48.008584+00:00,1424558925,-86.912
2026-07-14T01:54:48.008584+00:00,1424560389,-86.898
2026-07-14T01:54:48.008584+00:00,1424561854,-86.871
2026-07-14T01:54:48.008584+00:00,1424563319,-86.89
2026-07-14T01:54:48.008584+00:00,1424564784,-86.823
2026-07-14T01:54:48.008584+00:00,1424566249,-86.837
2026-07-14T01:54:48.008584+00:00,1424567714,-86.775
2026-07-14T01:54:48.008584+00:00,1424569178,-86.749
2026-07-14T01:54:48.008584+00:00,1424570643,-86.792
2026-07-14T01:54:48.008584+00:00,1424572108,-86.761
2026-07-14T01:54:48.008584+00:00,1424573573,-86.815
2026-07-14T01:54:48.008584+00:00,1424575038,-86.832
2026-07-14T01:54:48.008584+00:00,1424576503,-86.705
2026-07-14T01:54:48.008584+00:00,1424577967,-86.665
2026-07-14T01:54:48.008584+00:00,1424579432,-86.72
2026-07-14T01:54:48.008584+00:00,1424580897,-86.817
2026-07-14T01:54:48.008584+00:00,1424582362,-86.787
2026-07-14T01:54:48.008584+00:00,1424583827,-86.729
2026-07-14T01:54:48.008584+00:00,1424585292,-86.709
2026-07-14T01:54:48.008584+00:00,1424586757,-86.713
2026-07-14T01:54:48.008584+00:00,1424588221,-86.644
2026-07-14T01:54:48.008584+00:00,1424589686,-86.645
2026-07-14T01:54:48.008584+00:00,1424591151,-86.716
2026-07-14T01:54:48.008584+00:00,1424592616,-86.662
2026-07-14T01:54:48.008584+00:00,1424594081,-86.667
2026-07-14T01:54:48.008584+00:00,1424595546,-86.685
2026-07-14T01:54:48.008584+00:00,1424597010,-86.712
2026-07-14T01:54:48.008584+00:00,1424598475,-86.626
2026-07-14T01:54:48.008584+00:00,1424599940,-86.646
2026-07-14T01:54:48.008584+00:00,1424601405,-86.693
2026-07-14T01:54:48.008584+00:00,1424602870,-86.572
2026-07-14T01:54:48.008584+00:00,1424604335,-86.577
