timestamp_utc,frequency_hz,power_db_smoothed
2026-07-13T21:41:54.852589+00:00,1418605800,-86.595
2026-07-13T21:41:54.852589+00:00,1418607264,-86.581
2026-07-13T21:41:54.852589+00:00,1418608729,-86.608
2026-07-13T21:41:54.852589+00:00,1418610194,-86.595
2026-07-13T21:41:54.852589+00:00,1418611659,-86.617
2026-07-13T21:41:54.852589+00:00,1418613124,-86.618
2026-07-13T21:41:54.852589+00:00,1418614589,-86.602
2026-07-13T21:41:54.852589+00:00,1418616053,-86.68
2026-07-13T21:41:54.852589+00:00,1418617518,-86.7
2026-07-13T21:41:54.852589+00:00,1418618983,-86.696
2026-07-13T21:41:54.852589+00:00,1418620448,-86.7
2026-07-13T21:41:54.852589+00:00,1418621913,-86.615
2026-07-13T21:41:54.852589+00:00,1418623378,-86.576
2026-07-13T21:41:54.852589+00:00,1418624842,-86.711
2026-07-13T21:41:54.852589+00:00,1418626307,-86.674
2026-07-13T21:41:54.852589+00:00,1418627772,-86.665
2026-07-13T21:41:54.852589+00:00,1418629237,-86.708
2026-07-13T21:41:54.852589+00:00,1418630702,-86.676
2026-07-13T21:41:54.852589+00:00,1418632167,-86.64
2026-07-13T21:41:54.852589+00:00,1418633632,-86.693
2026-07-13T21:41:54.852589+00:00,1418635096,-86.708
2026-07-13T21:41:54.852589+00:00,1418636561,-86.731
2026-07-13T21:41:54.852589+00:00,1418638026,-86.763
2026-07-13T21:41:54.852589+00:00,1418639491,-86.746
2026-07-13T21:41:54.852589+00:00,1418640956,-86.692
2026-07-13T21:41:54.852589+00:00,1418642421,-86.795
2026-07-13T21:41:54.852589+00:00,1418643885,-86.829
2026-07-13T21:41:54.852589+00:00,1418645350,-86.797
2026-07-13T21:41:54.852589+00:00,1418646815,-86.838
2026-07-13T21:41:54.852589+00:00,1418648280,-86.859
2026-07-13T21:41:54.852589+00:00,1418649745,-86.84
2026-07-13T21:41:54.852589+00:00,1418651210,-86.855
2026-07-13T21:41:54.852589+00:00,1418652675,-86.92
2026-07-13T21:41:54.852589+00:00,1418654139,-86.93
2026-07-13T21:41:54.852589+00:00,1418655604,-86.911
2026-07-13T21:41:54.852589+00:00,1418657069,-86.943
2026-07-13T21:41:54.852589+00:00,1418658534,-86.934
2026-07-13T21:41:54.852589+00:00,1418659999,-87.027
2026-07-13T21:41:54.852589+00:00,1418661464,-87.027
2026-07-13T21:41:54.852589+00:00,1418662928,-86.972
2026-07-13T21:41:54.852589+00:00,1418664393,-86.98
2026-07-13T21:41:54.852589+00:00,1418665858,-87.037
2026-07-13T21:41:54.852589+00:00,1418667323,-87.108
2026-07-13T21:41:54.852589+00:00,1418668788,-87.133
2026-07-13T21:41:54.852589+00:00,1418670253,-87.156
2026-07-13T21:41:54.852589+00:00,1418671717,-87.209
2026-07-13T21:41:54.852589+00:00,1418673182,-87.273
2026-07-13T21:41:54.852589+00:00,1418674647,-87.278
2026-07-13T21:41:54.852589+00:00,1418676112,-87.291
2026-07-13T21:41:54.852589+00:00,1418677577,-87.351
2026-07-13T21:41:54.852589+00:00,1418679042,-87.365
2026-07-13T21:41:54.852589+00:00,1418680507,-87.416
2026-07-13T21:41:54.852589+00:00,1418681971,-87.479
2026-07-13T21:41:54.852589+00:00,1418683436,-87.45
2026-07-13T21:41:54.852589+00:00,1418684901,-87.479
2026-07-13T21:41:54.852589+00:00,1418686366,-87.498
2026-07-13T21:41:54.852589+00:00,1418687831,-87.568
2026-07-13T21:41:54.852589+00:00,1418689296,-87.577
2026-07-13T21:41:54.852589+00:00,1418690760,-87.675
2026-07-13T21:41:54.852589+00:00,1418692225,-87.785
2026-07-13T21:41:54.852589+00:00,1418693690,-87.746
2026-07-13T21:41:54.852589+00:00,1418695155,-87.754
2026-07-13T21:41:54.852589+00:00,1418696620,-87.846
2026-07-13T21:41:54.852589+00:00,1418698085,-87.931
2026-07-13T21:41:54.852589+00:00,1418699550,-87.954
2026-07-13T21:41:54.852589+00:00,1418701014,-88.003
2026-07-13T21:41:54.852589+00:00,1418702479,-88.035
2026-07-13T21:41:54.852589+00:00,1418703944,-88.091
2026-07-13T21:41:54.852589+00:00,1418705409,-88.093
2026-07-13T21:41:54.852589+00:00,1418706874,-88.223
2026-07-13T21:41:54.852589+00:00,1418708339,-88.337
2026-07-13T21:41:54.852589+00:00,1418709803,-88.334
2026-07-13T21:41:54.852589+00:00,1418711268,-88.325
2026-07-13T21:41:54.852589+00:00,1418712733,-88.415
2026-07-13T21:41:54.852589+00:00,1418714198,-88.501
2026-07-13T21:41:54.852589+00:00,1418715663,-88.538
2026-07-13T21:41:54.852589+00:00,1418717128,-88.588
2026-07-13T21:41:54.852589+00:00,1418718592,-88.731
2026-07-13T21:41:54.852589+00:00,1418720057,-88.74
2026-07-13T21:41:54.852589+00:00,1418721522,-88.786
2026-07-13T21:41:54.852589+00:00,1418722987,-88.772
2026-07-13T21:41:54.852589+00:00,1418724452,-88.861
2026-07-13T21:41:54.852589+00:00,1418725917,-89.033
2026-07-13T21:41:54.852589+00:00,1418727382,-89.05
2026-07-13T21:41:54.852589+00:00,1418728846,-89.078
2026-07-13T21:41:54.852589+00:00,1418730311,-89.121
2026-07-13T21:41:54.852589+00:00,1418731776,-89.261
2026-07-13T21:41:54.852589+00:00,1418733241,-89.282
2026-07-13T21:41:54.852589+00:00,1418734706,-89.317
2026-07-13T21:41:54.852589+00:00,1418736171,-89.357
2026-07-13T21:41:54.852589+00:00,1418737635,-89.47
2026-07-13T21:41:54.852589+00:00,1418739100,-89.555
2026-07-13T21:41:54.852589+00:00,1418740565,-89.596
2026-07-13T21:41:54.852589+00:00,1418742030,-89.629
2026-07-13T21:41:54.852589+00:00,1418743495,-89.704
2026-07-13T21:41:54.852589+00:00,1418744960,-89.767
2026-07-13T21:41:54.852589+00:00,1418746425,-89.762
2026-07-13T21:41:54.852589+00:00,1418747889,-89.811
2026-07-13T21:41:54.852589+00:00,1418749354,-89.878
2026-07-13T21:41:54.852589+00:00,1418750819,-89.981
2026-07-13T21:41:54.852589+00:00,1418752284,-90.003
2026-07-13T21:41:54.852589+00:00,1418753749,-90.054
2026-07-13T21:41:54.852589+00:00,1418755214,-90.1
2026-07-13T21:41:54.852589+00:00,1418756678,-90.098
2026-07-13T21:41:54.852589+00:00,1418758143,-90.026
2026-07-13T21:41:54.852589+00:00,1418759608,-89.989
2026-07-13T21:41:54.852589+00:00,1418761073,-90.061
2026-07-13T21:41:54.852589+00:00,1418762538,-90.024
2026-07-13T21:41:54.852589+00:00,1418764003,-90.017
2026-07-13T21:41:54.852589+00:00,1418765467,-89.996
2026-07-13T21:41:54.852589+00:00,1418766932,-90.005
2026-07-13T21:41:54.852589+00:00,1418768397,-89.943
2026-07-13T21:41:54.852589+00:00,1418769862,-89.882
2026-07-13T21:41:54.852589+00:00,1418771327,-89.829
2026-07-13T21:41:54.852589+00:00,1418772792,-89.712
2026-07-13T21:41:54.852589+00:00,1418774257,-89.658
2026-07-13T21:41:54.852589+00:00,1418775721,-89.598
2026-07-13T21:41:54.852589+00:00,1418777186,-89.522
2026-07-13T21:41:54.852589+00:00,1418778651,-89.394
2026-07-13T21:41:54.852589+00:00,1418780116,-89.273
2026-07-13T21:41:54.852589+00:00,1418781581,-89.127
2026-07-13T21:41:54.852589+00:00,1418783046,-88.988
2026-07-13T21:41:54.852589+00:00,1418784510,-88.827
2026-07-13T21:41:54.852589+00:00,1418785975,-88.749
2026-07-13T21:41:54.852589+00:00,1418787440,-88.717
2026-07-13T21:41:54.852589+00:00,1418788905,-88.507
2026-07-13T21:41:54.852589+00:00,1418790370,-88.248
2026-07-13T21:41:54.852589+00:00,1418791835,-88.123
2026-07-13T21:41:54.852589+00:00,1418793300,-88.099
2026-07-13T21:41:54.852589+00:00,1418794764,-87.938
2026-07-13T21:41:54.852589+00:00,1418796229,-87.706
2026-07-13T21:41:54.852589+00:00,1418797694,-87.461
2026-07-13T21:41:54.852589+00:00,1418799159,-87.389
2026-07-13T21:41:54.852589+00:00,1418800624,-87.218
2026-07-13T21:41:54.852589+00:00,1418802089,-86.966
2026-07-13T21:41:54.852589+00:00,1418803553,-86.817
2026-07-13T21:41:54.852589+00:00,1418805018,-86.662
2026-07-13T21:41:54.852589+00:00,1418806483,-86.421
2026-07-13T21:41:54.852589+00:00,1418807948,-86.157
2026-07-13T21:41:54.852589+00:00,1418809413,-86.044
2026-07-13T21:41:54.852589+00:00,1418810878,-85.915
2026-07-13T21:41:54.852589+00:00,1418812342,-85.652
2026-07-13T21:41:54.852589+00:00,1418813807,-85.431
2026-07-13T21:41:54.852589+00:00,1418815272,-85.178
2026-07-13T21:41:54.852589+00:00,1418816737,-85.024
2026-07-13T21:41:54.852589+00:00,1418818202,-84.897
2026-07-13T21:41:54.852589+00:00,1418819667,-84.679
2026-07-13T21:41:54.852589+00:00,1418821132,-84.435
2026-07-13T21:41:54.852589+00:00,1418822596,-84.313
2026-07-13T21:41:54.852589+00:00,1418824061,-84.111
2026-07-13T21:41:54.852589+00:00,1418825526,-83.974
2026-07-13T21:41:54.852589+00:00,1418826991,-83.853
2026-07-13T21:41:54.852589+00:00,1418828456,-83.628
2026-07-13T21:41:54.852589+00:00,1418829921,-83.417
2026-07-13T21:41:54.852589+00:00,1418831385,-83.234
2026-07-13T21:41:54.852589+00:00,1418832850,-82.991
2026-07-13T21:41:54.852589+00:00,1418834315,-82.82
2026-07-13T21:41:54.852589+00:00,1418835780,-82.67
2026-07-13T21:41:54.852589+00:00,1418837245,-82.448
2026-07-13T21:41:54.852589+00:00,1418838710,-82.254
2026-07-13T21:41:54.852589+00:00,1418840175,-82.136
2026-07-13T21:41:54.852589+00:00,1418841639,-81.993
2026-07-13T21:41:54.852589+00:00,1418843104,-81.804
2026-07-13T21:41:54.852589+00:00,1418844569,-81.608
2026-07-13T21:41:54.852589+00:00,1418846034,-81.492
2026-07-13T21:41:54.852589+00:00,1418847499,-81.364
2026-07-13T21:41:54.852589+00:00,1418848964,-81.138
2026-07-13T21:41:54.852589+00:00,1418850428,-81.039
2026-07-13T21:41:54.852589+00:00,1418851893,-80.836
2026-07-13T21:41:54.852589+00:00,1418853358,-80.607
2026-07-13T21:41:54.852589+00:00,1418854823,-80.475
2026-07-13T21:41:54.852589+00:00,1418856288,-80.376
2026-07-13T21:41:54.852589+00:00,1418857753,-80.189
2026-07-13T21:41:54.852589+00:00,1418859217,-80.011
2026-07-13T21:41:54.852589+00:00,1418860682,-79.94
2026-07-13T21:41:54.852589+00:00,1418862147,-79.779
2026-07-13T21:41:54.852589+00:00,1418863612,-79.542
2026-07-13T21:41:54.852589+00:00,1418865077,-79.403
2026-07-13T21:41:54.852589+00:00,1418866542,-79.27
2026-07-13T21:41:54.852589+00:00,1418868007,-79.155
2026-07-13T21:41:54.852589+00:00,1418869471,-79.099
2026-07-13T21:41:54.852589+00:00,1418870936,-78.99
2026-07-13T21:41:54.852589+00:00,1418872401,-78.74
2026-07-13T21:41:54.852589+00:00,1418873866,-78.649
2026-07-13T21:41:54.852589+00:00,1418875331,-78.505
2026-07-13T21:41:54.852589+00:00,1418876796,-78.418
2026-07-13T21:41:54.852589+00:00,1418878260,-78.238
2026-07-13T21:41:54.852589+00:00,1418879725,-78.055
2026-07-13T21:41:54.852589+00:00,1418881190,-77.966
2026-07-13T21:41:54.852589+00:00,1418882655,-77.847
2026-07-13T21:41:54.852589+00:00,1418884120,-77.63
2026-07-13T21:41:54.852589+00:00,1418885585,-77.539
2026-07-13T21:41:54.852589+00:00,1418887050,-77.495
2026-07-13T21:41:54.852589+00:00,1418888514,-77.335
2026-07-13T21:41:54.852589+00:00,1418889979,-77.196
2026-07-13T21:41:54.852589+00:00,1418891444,-77.124
2026-07-13T21:41:54.852589+00:00,1418892909,-76.949
2026-07-13T21:41:54.852589+00:00,1418894374,-76.861
2026-07-13T21:41:54.852589+00:00,1418895839,-76.769
2026-07-13T21:41:54.852589+00:00,1418897303,-76.633
2026-07-13T21:41:54.852589+00:00,1418898768,-76.48
2026-07-13T21:41:54.852589+00:00,1418900233,-76.382
2026-07-13T21:41:54.852589+00:00,1418901698,-76.306
2026-07-13T21:41:54.852589+00:00,1418903163,-76.144
2026-07-13T21:41:54.852589+00:00,1418904628,-76.027
2026-07-13T21:41:54.852589+00:00,1418906092,-75.891
2026-07-13T21:41:54.852589+00:00,1418907557,-75.861
2026-07-13T21:41:54.852589+00:00,1418909022,-75.766
2026-07-13T21:41:54.852589+00:00,1418910487,-75.706
2026-07-13T21:41:54.852589+00:00,1418911952,-75.555
2026-07-13T21:41:54.852589+00:00,1418913417,-75.458
2026-07-13T21:41:54.852589+00:00,1418914882,-75.348
2026-07-13T21:41:54.852589+00:00,1418916346,-75.213
2026-07-13T21:41:54.852589+00:00,1418917811,-75.136
2026-07-13T21:41:54.852589+00:00,1418919276,-74.993
2026-07-13T21:41:54.852589+00:00,1418920741,-74.947
2026-07-13T21:41:54.852589+00:00,1418922206,-74.867
2026-07-13T21:41:54.852589+00:00,1418923671,-74.77
2026-07-13T21:41:54.852589+00:00,1418925135,-74.649
2026-07-13T21:41:54.852589+00:00,1418926600,-74.533
2026-07-13T21:41:54.852589+00:00,1418928065,-74.474
2026-07-13T21:41:54.852589+00:00,1418929530,-74.44
2026-07-13T21:41:54.852589+00:00,1418930995,-74.347
2026-07-13T21:41:54.852589+00:00,1418932460,-74.211
2026-07-13T21:41:54.852589+00:00,1418933925,-74.085
2026-07-13T21:41:54.852589+00:00,1418935389,-73.951
2026-07-13T21:41:54.852589+00:00,1418936854,-73.884
2026-07-13T21:41:54.852589+00:00,1418938319,-73.93
2026-07-13T21:41:54.852589+00:00,1418939784,-73.801
2026-07-13T21:41:54.852589+00:00,1418941249,-73.685
2026-07-13T21:41:54.852589+00:00,1418942714,-73.627
2026-07-13T21:41:54.852589+00:00,1418944178,-73.578
2026-07-13T21:41:54.852589+00:00,1418945643,-73.531
2026-07-13T21:41:54.852589+00:00,1418947108,-73.419
2026-07-13T21:41:54.852589+00:00,1418948573,-73.376
2026-07-13T21:41:54.852589+00:00,1418950038,-73.274
2026-07-13T21:41:54.852589+00:00,1418951503,-73.126
2026-07-13T21:41:54.852589+00:00,1418952967,-73.034
2026-07-13T21:41:54.852589+00:00,1418954432,-72.979
2026-07-13T21:41:54.852589+00:00,1418955897,-72.975
2026-07-13T21:41:54.852589+00:00,1418957362,-72.867
2026-07-13T21:41:54.852589+00:00,1418958827,-72.788
2026-07-13T21:41:54.852589+00:00,1418960292,-72.765
2026-07-13T21:41:54.852589+00:00,1418961757,-72.687
2026-07-13T21:41:54.852589+00:00,1418963221,-72.601
2026-07-13T21:41:54.852589+00:00,1418964686,-72.553
2026-07-13T21:41:54.852589+00:00,1418966151,-72.545
2026-07-13T21:41:54.852589+00:00,1418967616,-72.414
2026-07-13T21:41:54.852589+00:00,1418969081,-72.292
2026-07-13T21:41:54.852589+00:00,1418970546,-72.262
2026-07-13T21:41:54.852589+00:00,1418972010,-72.204
2026-07-13T21:41:54.852589+00:00,1418973475,-72.184
2026-07-13T21:41:54.852589+00:00,1418974940,-72.121
2026-07-13T21:41:54.852589+00:00,1418976405,-71.976
2026-07-13T21:41:54.852589+00:00,1418977870,-71.948
2026-07-13T21:41:54.852589+00:00,1418979335,-71.963
2026-07-13T21:41:54.852589+00:00,1418980800,-71.914
2026-07-13T21:41:54.852589+00:00,1418982264,-71.841
2026-07-13T21:41:54.852589+00:00,1418983729,-71.759
2026-07-13T21:41:54.852589+00:00,1418985194,-71.644
2026-07-13T21:41:54.852589+00:00,1418986659,-71.635
2026-07-13T21:41:54.852589+00:00,1418988124,-71.64
2026-07-13T21:41:54.852589+00:00,1418989589,-71.605
2026-07-13T21:41:54.852589+00:00,1418991053,-71.529
2026-07-13T21:41:54.852589+00:00,1418992518,-71.421
2026-07-13T21:41:54.852589+00:00,1418993983,-71.321
2026-07-13T21:41:54.852589+00:00,1418995448,-71.358
2026-07-13T21:41:54.852589+00:00,1418996913,-71.35
2026-07-13T21:41:54.852589+00:00,1418998378,-71.316
2026-07-13T21:41:54.852589+00:00,1418999842,-71.247
2026-07-13T21:41:54.852589+00:00,1419001307,-71.148
2026-07-13T21:41:54.852589+00:00,1419002772,-71.139
2026-07-13T21:41:54.852589+00:00,1419004237,-71.08
2026-07-13T21:41:54.852589+00:00,1419005702,-71.013
2026-07-13T21:41:54.852589+00:00,1419007167,-70.991
2026-07-13T21:41:54.852589+00:00,1419008632,-70.95
2026-07-13T21:41:54.852589+00:00,1419010096,-70.89
2026-07-13T21:41:54.852589+00:00,1419011561,-70.888
2026-07-13T21:41:54.852589+00:00,1419013026,-70.874
2026-07-13T21:41:54.852589+00:00,1419014491,-70.8
2026-07-13T21:41:54.852589+00:00,1419015956,-70.687
2026-07-13T21:41:54.852589+00:00,1419017421,-70.752
2026-07-13T21:41:54.852589+00:00,1419018885,-70.701
2026-07-13T21:41:54.852589+00:00,1419020350,-70.71
2026-07-13T21:41:54.852589+00:00,1419021815,-70.596
2026-07-13T21:41:54.852589+00:00,1419023280,-70.507
2026-07-13T21:41:54.852589+00:00,1419024745,-70.552
2026-07-13T21:41:54.852589+00:00,1419026210,-70.533
2026-07-13T21:41:54.852589+00:00,1419027675,-70.514
2026-07-13T21:41:54.852589+00:00,1419029139,-70.468
2026-07-13T21:41:54.852589+00:00,1419030604,-70.42
2026-07-13T21:41:54.852589+00:00,1419032069,-70.447
2026-07-13T21:41:54.852589+00:00,1419033534,-70.345
2026-07-13T21:41:54.852589+00:00,1419034999,-70.272
2026-07-13T21:41:54.852589+00:00,1419036464,-70.277
2026-07-13T21:41:54.852589+00:00,1419037928,-70.3
2026-07-13T21:41:54.852589+00:00,1419039393,-70.278
2026-07-13T21:41:54.852589+00:00,1419040858,-70.15
2026-07-13T21:41:54.852589+00:00,1419042323,-70.109
2026-07-13T21:41:54.852589+00:00,1419043788,-70.138
2026-07-13T21:41:54.852589+00:00,1419045253,-70.135
2026-07-13T21:41:54.852589+00:00,1419046717,-70.148
2026-07-13T21:41:54.852589+00:00,1419048182,-70.062
2026-07-13T21:41:54.852589+00:00,1419049647,-70.024
2026-07-13T21:41:54.852589+00:00,1419051112,-69.985
2026-07-13T21:41:54.852589+00:00,1419052577,-69.992
2026-07-13T21:41:54.852589+00:00,1419054042,-69.975
2026-07-13T21:41:54.852589+00:00,1419055507,-69.883
2026-07-13T21:41:54.852589+00:00,1419056971,-69.908
2026-07-13T21:41:54.852589+00:00,1419058436,-69.894
2026-07-13T21:41:54.852589+00:00,1419059901,-69.811
2026-07-13T21:41:54.852589+00:00,1419061366,-69.78
2026-07-13T21:41:54.852589+00:00,1419062831,-69.837
2026-07-13T21:41:54.852589+00:00,1419064296,-69.871
2026-07-13T21:41:54.852589+00:00,1419065760,-69.786
2026-07-13T21:41:54.852589+00:00,1419067225,-69.777
2026-07-13T21:41:54.852589+00:00,1419068690,-69.714
2026-07-13T21:41:54.852589+00:00,1419070155,-69.791
2026-07-13T21:41:54.852589+00:00,1419071620,-69.804
2026-07-13T21:41:54.852589+00:00,1419073085,-69.744
2026-07-13T21:41:54.852589+00:00,1419074550,-69.651
2026-07-13T21:41:54.852589+00:00,1419076014,-69.6
2026-07-13T21:41:54.852589+00:00,1419077479,-69.608
2026-07-13T21:41:54.852589+00:00,1419078944,-69.524
2026-07-13T21:41:54.852589+00:00,1419080409,-69.525
2026-07-13T21:41:54.852589+00:00,1419081874,-69.476
2026-07-13T21:41:54.852589+00:00,1419083339,-69.472
2026-07-13T21:41:54.852589+00:00,1419084803,-69.567
2026-07-13T21:41:54.852589+00:00,1419086268,-69.519
2026-07-13T21:41:54.852589+00:00,1419087733,-69.494
2026-07-13T21:41:54.852589+00:00,1419089198,-69.581
2026-07-13T21:41:54.852589+00:00,1419090663,-69.584
2026-07-13T21:41:54.852589+00:00,1419092128,-69.524
2026-07-13T21:41:54.852589+00:00,1419093592,-69.494
2026-07-13T21:41:54.852589+00:00,1419095057,-69.469
2026-07-13T21:41:54.852589+00:00,1419096522,-69.417
2026-07-13T21:41:54.852589+00:00,1419097987,-69.425
2026-07-13T21:41:54.852589+00:00,1419099452,-69.446
2026-07-13T21:41:54.852589+00:00,1419100917,-69.416
2026-07-13T21:41:54.852589+00:00,1419102382,-69.454
2026-07-13T21:41:54.852589+00:00,1419103846,-69.471
2026-07-13T21:41:54.852589+00:00,1419105311,-69.449
2026-07-13T21:41:54.852589+00:00,1419106776,-69.448
2026-07-13T21:41:54.852589+00:00,1419108241,-69.45
2026-07-13T21:41:54.852589+00:00,1419109706,-69.409
2026-07-13T21:41:54.852589+00:00,1419111171,-69.418
2026-07-13T21:41:54.852589+00:00,1419112635,-69.373
2026-07-13T21:41:54.852589+00:00,1419114100,-69.432
2026-07-13T21:41:54.852589+00:00,1419115565,-69.411
2026-07-13T21:41:54.852589+00:00,1419117030,-69.335
2026-07-13T21:41:54.852589+00:00,1419118495,-69.269
2026-07-13T21:41:54.852589+00:00,1419119960,-69.273
2026-07-13T21:41:54.852589+00:00,1419121425,-69.292
2026-07-13T21:41:54.852589+00:00,1419122889,-69.282
2026-07-13T21:41:54.852589+00:00,1419124354,-69.274
2026-07-13T21:41:54.852589+00:00,1419125819,-69.311
2026-07-13T21:41:54.852589+00:00,1419127284,-69.244
2026-07-13T21:41:54.852589+00:00,1419128749,-69.243
2026-07-13T21:41:54.852589+00:00,1419130214,-69.269
2026-07-13T21:41:54.852589+00:00,1419131678,-69.241
2026-07-13T21:41:54.852589+00:00,1419133143,-69.238
2026-07-13T21:41:54.852589+00:00,1419134608,-69.252
2026-07-13T21:41:54.852589+00:00,1419136073,-69.308
2026-07-13T21:41:54.852589+00:00,1419137538,-69.316
2026-07-13T21:41:54.852589+00:00,1419139003,-69.279
2026-07-13T21:41:54.852589+00:00,1419140467,-69.263
2026-07-13T21:41:54.852589+00:00,1419141932,-69.192
2026-07-13T21:41:54.852589+00:00,1419143397,-69.23
2026-07-13T21:41:54.852589+00:00,1419144862,-69.304
2026-07-13T21:41:54.852589+00:00,1419146327,-69.282
2026-07-13T21:41:54.852589+00:00,1419147792,-69.271
2026-07-13T21:41:54.852589+00:00,1419149257,-69.229
2026-07-13T21:41:54.852589+00:00,1419150721,-69.245
2026-07-13T21:41:54.852589+00:00,1419152186,-69.228
2026-07-13T21:41:54.852589+00:00,1419153651,-69.243
2026-07-13T21:41:54.852589+00:00,1419155116,-69.262
2026-07-13T21:41:54.852589+00:00,1419156581,-69.228
2026-07-13T21:41:54.852589+00:00,1419158046,-69.257
2026-07-13T21:41:54.852589+00:00,1419159510,-69.223
2026-07-13T21:41:54.852589+00:00,1419160975,-69.132
2026-07-13T21:41:54.852589+00:00,1419162440,-69.145
2026-07-13T21:41:54.852589+00:00,1419163905,-69.271
2026-07-13T21:41:54.852589+00:00,1419165370,-69.3
2026-07-13T21:41:54.852589+00:00,1419166835,-69.255
2026-07-13T21:41:54.852589+00:00,1419168300,-69.262
2026-07-13T21:41:54.852589+00:00,1419169764,-69.22
2026-07-13T21:41:54.852589+00:00,1419171229,-69.221
2026-07-13T21:41:54.852589+00:00,1419172694,-69.205
2026-07-13T21:41:54.852589+00:00,1419174159,-69.209
2026-07-13T21:41:54.852589+00:00,1419175624,-69.255
2026-07-13T21:41:54.852589+00:00,1419177089,-69.188
2026-07-13T21:41:54.852589+00:00,1419178553,-69.301
2026-07-13T21:41:54.852589+00:00,1419180018,-69.283
2026-07-13T21:41:54.852589+00:00,1419181483,-69.296
2026-07-13T21:41:54.852589+00:00,1419182948,-69.243
2026-07-13T21:41:54.852589+00:00,1419184413,-69.259
2026-07-13T21:41:54.852589+00:00,1419185878,-69.276
2026-07-13T21:41:54.852589+00:00,1419187342,-69.248
2026-07-13T21:41:54.852589+00:00,1419188807,-69.32
2026-07-13T21:41:54.852589+00:00,1419190272,-69.249
2026-07-13T21:41:54.852589+00:00,1419191737,-69.242
2026-07-13T21:41:54.852589+00:00,1419193202,-69.243
2026-07-13T21:41:54.852589+00:00,1419194667,-69.264
2026-07-13T21:41:54.852589+00:00,1419196132,-69.362
2026-07-13T21:41:54.852589+00:00,1419197596,-69.32
2026-07-13T21:41:54.852589+00:00,1419199061,-69.309
2026-07-13T21:41:54.852589+00:00,1419200526,-69.344
2026-07-13T21:41:54.852589+00:00,1419201991,-69.317
2026-07-13T21:41:54.852589+00:00,1419203456,-69.275
2026-07-13T21:41:54.852589+00:00,1419204921,-69.26
2026-07-13T21:41:54.852589+00:00,1419206385,-69.31
2026-07-13T21:41:54.852589+00:00,1419207850,-69.359
2026-07-13T21:41:54.852589+00:00,1419209315,-69.37
2026-07-13T21:41:54.852589+00:00,1419210780,-69.301
2026-07-13T21:41:54.852589+00:00,1419212245,-69.269
2026-07-13T21:41:54.852589+00:00,1419213710,-69.308
2026-07-13T21:41:54.852589+00:00,1419215175,-69.38
2026-07-13T21:41:54.852589+00:00,1419216639,-69.427
2026-07-13T21:41:54.852589+00:00,1419218104,-69.398
2026-07-13T21:41:54.852589+00:00,1419219569,-69.369
2026-07-13T21:41:54.852589+00:00,1419221034,-69.384
2026-07-13T21:41:54.852589+00:00,1419222499,-69.362
2026-07-13T21:41:54.852589+00:00,1419223964,-69.369
2026-07-13T21:41:54.852589+00:00,1419225428,-69.418
2026-07-13T21:41:54.852589+00:00,1419226893,-69.334
2026-07-13T21:41:54.852589+00:00,1419228358,-69.384
2026-07-13T21:41:54.852589+00:00,1419229823,-69.336
2026-07-13T21:41:54.852589+00:00,1419231288,-69.392
2026-07-13T21:41:54.852589+00:00,1419232753,-69.426
2026-07-13T21:41:54.852589+00:00,1419234217,-69.425
2026-07-13T21:41:54.852589+00:00,1419235682,-69.469
2026-07-13T21:41:54.852589+00:00,1419237147,-69.474
2026-07-13T21:41:54.852589+00:00,1419238612,-69.413
2026-07-13T21:41:54.852589+00:00,1419240077,-69.411
2026-07-13T21:41:54.852589+00:00,1419241542,-69.46
2026-07-13T21:41:54.852589+00:00,1419243007,-69.434
2026-07-13T21:41:54.852589+00:00,1419244471,-69.463
2026-07-13T21:41:54.852589+00:00,1419245936,-69.514
2026-07-13T21:41:54.852589+00:00,1419247401,-69.558
2026-07-13T21:41:54.852589+00:00,1419248866,-69.508
2026-07-13T21:41:54.852589+00:00,1419250331,-69.491
2026-07-13T21:41:54.852589+00:00,1419251796,-69.519
2026-07-13T21:41:54.852589+00:00,1419253260,-69.525
2026-07-13T21:41:54.852589+00:00,1419254725,-69.519
2026-07-13T21:41:54.852589+00:00,1419256190,-69.539
2026-07-13T21:41:54.852589+00:00,1419257655,-69.48
2026-07-13T21:41:54.852589+00:00,1419259120,-69.5
2026-07-13T21:41:54.852589+00:00,1419260585,-69.535
2026-07-13T21:41:54.852589+00:00,1419262050,-69.605
2026-07-13T21:41:54.852589+00:00,1419263514,-69.682
2026-07-13T21:41:54.852589+00:00,1419264979,-69.641
2026-07-13T21:41:54.852589+00:00,1419266444,-69.551
2026-07-13T21:41:54.852589+00:00,1419267909,-69.617
2026-07-13T21:41:54.852589+00:00,1419269374,-69.637
2026-07-13T21:41:54.852589+00:00,1419270839,-69.545
2026-07-13T21:41:54.852589+00:00,1419272303,-69.619
2026-07-13T21:41:54.852589+00:00,1419273768,-69.602
2026-07-13T21:41:54.852589+00:00,1419275233,-69.623
2026-07-13T21:41:54.852589+00:00,1419276698,-69.663
2026-07-13T21:41:54.852589+00:00,1419278163,-69.629
2026-07-13T21:41:54.852589+00:00,1419279628,-69.609
2026-07-13T21:41:54.852589+00:00,1419281092,-69.606
2026-07-13T21:41:54.852589+00:00,1419282557,-69.603
2026-07-13T21:41:54.852589+00:00,1419284022,-69.614
2026-07-13T21:41:54.852589+00:00,1419285487,-69.629
2026-07-13T21:41:54.852589+00:00,1419286952,-69.676
2026-07-13T21:41:54.852589+00:00,1419288417,-69.726
2026-07-13T21:41:54.852589+00:00,1419289882,-69.637
2026-07-13T21:41:54.852589+00:00,1419291346,-69.672
2026-07-13T21:41:54.852589+00:00,1419292811,-69.691
2026-07-13T21:41:54.852589+00:00,1419294276,-69.722
2026-07-13T21:41:54.852589+00:00,1419295741,-69.711
2026-07-13T21:41:54.852589+00:00,1419297206,-69.678
2026-07-13T21:41:54.852589+00:00,1419298671,-69.729
2026-07-13T21:41:54.852589+00:00,1419300135,-69.699
2026-07-13T21:41:54.852589+00:00,1419301600,-69.692
2026-07-13T21:41:54.852589+00:00,1419303065,-69.682
2026-07-13T21:41:54.852589+00:00,1419304530,-69.691
2026-07-13T21:41:54.852589+00:00,1419305995,-69.689
2026-07-13T21:41:54.852589+00:00,1419307460,-69.703
2026-07-13T21:41:54.852589+00:00,1419308925,-69.743
2026-07-13T21:41:54.852589+00:00,1419310389,-69.728
2026-07-13T21:41:54.852589+00:00,1419311854,-69.734
2026-07-13T21:41:54.852589+00:00,1419313319,-69.614
2026-07-13T21:41:54.852589+00:00,1419314784,-69.657
2026-07-13T21:41:54.852589+00:00,1419316249,-69.695
2026-07-13T21:41:54.852589+00:00,1419317714,-69.694
2026-07-13T21:41:54.852589+00:00,1419319178,-69.714
2026-07-13T21:41:54.852589+00:00,1419320643,-69.705
2026-07-13T21:41:54.852589+00:00,1419322108,-69.683
2026-07-13T21:41:54.852589+00:00,1419323573,-69.718
2026-07-13T21:41:54.852589+00:00,1419325038,-69.773
2026-07-13T21:41:54.852589+00:00,1419326503,-69.785
2026-07-13T21:41:54.852589+00:00,1419327967,-69.764
2026-07-13T21:41:54.852589+00:00,1419329432,-69.674
2026-07-13T21:41:54.852589+00:00,1419330897,-69.682
2026-07-13T21:41:54.852589+00:00,1419332362,-69.639
2026-07-13T21:41:54.852589+00:00,1419333827,-69.728
2026-07-13T21:41:54.852589+00:00,1419335292,-69.717
2026-07-13T21:41:54.852589+00:00,1419336757,-69.713
2026-07-13T21:41:54.852589+00:00,1419338221,-69.705
2026-07-13T21:41:54.852589+00:00,1419339686,-69.707
2026-07-13T21:41:54.852589+00:00,1419341151,-69.773
2026-07-13T21:41:54.852589+00:00,1419342616,-69.837
2026-07-13T21:41:54.852589+00:00,1419344081,-69.833
2026-07-13T21:41:54.852589+00:00,1419345546,-69.758
2026-07-13T21:41:54.852589+00:00,1419347010,-69.749
2026-07-13T21:41:54.852589+00:00,1419348475,-69.72
2026-07-13T21:41:54.852589+00:00,1419349940,-69.778
2026-07-13T21:41:54.852589+00:00,1419351405,-69.75
2026-07-13T21:41:54.852589+00:00,1419352870,-69.78
2026-07-13T21:41:54.852589+00:00,1419354335,-69.77
2026-07-13T21:41:54.852589+00:00,1419355800,-69.775
2026-07-13T21:41:54.852589+00:00,1419357264,-69.754
2026-07-13T21:41:54.852589+00:00,1419358729,-69.739
2026-07-13T21:41:54.852589+00:00,1419360194,-69.754
2026-07-13T21:41:54.852589+00:00,1419361659,-69.742
2026-07-13T21:41:54.852589+00:00,1419363124,-69.7
2026-07-13T21:41:54.852589+00:00,1419364589,-69.704
2026-07-13T21:41:54.852589+00:00,1419366053,-69.767
2026-07-13T21:41:54.852589+00:00,1419367518,-69.772
2026-07-13T21:41:54.852589+00:00,1419368983,-69.763
2026-07-13T21:41:54.852589+00:00,1419370448,-69.756
2026-07-13T21:41:54.852589+00:00,1419371913,-69.674
2026-07-13T21:41:54.852589+00:00,1419373378,-69.733
2026-07-13T21:41:54.852589+00:00,1419374842,-69.769
2026-07-13T21:41:54.852589+00:00,1419376307,-69.719
2026-07-13T21:41:54.852589+00:00,1419377772,-69.73
2026-07-13T21:41:54.852589+00:00,1419379237,-69.673
2026-07-13T21:41:54.852589+00:00,1419380702,-69.693
2026-07-13T21:41:54.852589+00:00,1419382167,-69.734
2026-07-13T21:41:54.852589+00:00,1419383632,-69.77
2026-07-13T21:41:54.852589+00:00,1419385096,-69.78
2026-07-13T21:41:54.852589+00:00,1419386561,-69.787
2026-07-13T21:41:54.852589+00:00,1419388026,-69.733
2026-07-13T21:41:54.852589+00:00,1419389491,-69.747
2026-07-13T21:41:54.852589+00:00,1419390956,-69.742
2026-07-13T21:41:54.852589+00:00,1419392421,-69.698
2026-07-13T21:41:54.852589+00:00,1419393885,-69.675
2026-07-13T21:41:54.852589+00:00,1419395350,-69.73
2026-07-13T21:41:54.852589+00:00,1419396815,-69.715
2026-07-13T21:41:54.852589+00:00,1419398280,-69.68
2026-07-13T21:41:54.852589+00:00,1419399745,-69.697
2026-07-13T21:41:54.852589+00:00,1419401210,-69.684
2026-07-13T21:41:54.852589+00:00,1419402675,-69.679
2026-07-13T21:41:54.852589+00:00,1419404139,-69.7
2026-07-13T21:41:54.852589+00:00,1419405604,-69.717
2026-07-13T21:41:54.852589+00:00,1419407069,-69.701
2026-07-13T21:41:54.852589+00:00,1419408534,-69.644
2026-07-13T21:41:54.852589+00:00,1419409999,-69.628
2026-07-13T21:41:54.852589+00:00,1419411464,-69.646
2026-07-13T21:41:54.852589+00:00,1419412928,-69.653
2026-07-13T21:41:54.852589+00:00,1419414393,-69.66
2026-07-13T21:41:54.852589+00:00,1419415858,-69.631
2026-07-13T21:41:54.852589+00:00,1419417323,-69.542
2026-07-13T21:41:54.852589+00:00,1419418788,-69.589
2026-07-13T21:41:54.852589+00:00,1419420253,-69.682
2026-07-13T21:41:54.852589+00:00,1419421717,-69.625
2026-07-13T21:41:54.852589+00:00,1419423182,-69.583
2026-07-13T21:41:54.852589+00:00,1419424647,-69.544
2026-07-13T21:41:54.852589+00:00,1419426112,-69.583
2026-07-13T21:41:54.852589+00:00,1419427577,-69.604
2026-07-13T21:41:54.852589+00:00,1419429042,-69.682
2026-07-13T21:41:54.852589+00:00,1419430507,-69.629
2026-07-13T21:41:54.852589+00:00,1419431971,-69.576
2026-07-13T21:41:54.852589+00:00,1419433436,-69.547
2026-07-13T21:41:54.852589+00:00,1419434901,-69.516
2026-07-13T21:41:54.852589+00:00,1419436366,-69.592
2026-07-13T21:41:54.852589+00:00,1419437831,-69.54
2026-07-13T21:41:54.852589+00:00,1419439296,-69.551
2026-07-13T21:41:54.852589+00:00,1419440760,-69.511
2026-07-13T21:41:54.852589+00:00,1419442225,-69.525
2026-07-13T21:41:54.852589+00:00,1419443690,-69.543
2026-07-13T21:41:54.852589+00:00,1419445155,-69.502
2026-07-13T21:41:54.852589+00:00,1419446620,-69.453
2026-07-13T21:41:54.852589+00:00,1419448085,-69.47
2026-07-13T21:41:54.852589+00:00,1419449550,-69.451
2026-07-13T21:41:54.852589+00:00,1419451014,-69.514
2026-07-13T21:41:54.852589+00:00,1419452479,-69.461
2026-07-13T21:41:54.852589+00:00,1419453944,-69.539
2026-07-13T21:41:54.852589+00:00,1419455409,-69.485
2026-07-13T21:41:54.852589+00:00,1419456874,-69.468
2026-07-13T21:41:54.852589+00:00,1419458339,-69.526
2026-07-13T21:41:54.852589+00:00,1419459803,-69.473
2026-07-13T21:41:54.852589+00:00,1419461268,-69.421
2026-07-13T21:41:54.852589+00:00,1419462733,-69.48
2026-07-13T21:41:54.852589+00:00,1419464198,-69.506
2026-07-13T21:41:54.852589+00:00,1419465663,-69.442
2026-07-13T21:41:54.852589+00:00,1419467128,-69.451
2026-07-13T21:41:54.852589+00:00,1419468592,-69.404
2026-07-13T21:41:54.852589+00:00,1419470057,-69.42
2026-07-13T21:41:54.852589+00:00,1419471522,-69.408
2026-07-13T21:41:54.852589+00:00,1419472987,-69.397
2026-07-13T21:41:54.852589+00:00,1419474452,-69.439
2026-07-13T21:41:54.852589+00:00,1419475917,-69.465
2026-07-13T21:41:54.852589+00:00,1419477382,-69.391
2026-07-13T21:41:54.852589+00:00,1419478846,-69.444
2026-07-13T21:41:54.852589+00:00,1419480311,-69.446
2026-07-13T21:41:54.852589+00:00,1419481776,-69.422
2026-07-13T21:41:54.852589+00:00,1419483241,-69.396
2026-07-13T21:41:54.852589+00:00,1419484706,-69.337
2026-07-13T21:41:54.852589+00:00,1419486171,-69.351
2026-07-13T21:41:54.852589+00:00,1419487635,-69.305
2026-07-13T21:41:54.852589+00:00,1419489100,-69.257
2026-07-13T21:41:54.852589+00:00,1419490565,-69.332
2026-07-13T21:41:54.852589+00:00,1419492030,-69.36
2026-07-13T21:41:54.852589+00:00,1419493495,-69.391
2026-07-13T21:41:54.852589+00:00,1419494960,-69.315
2026-07-13T21:41:54.852589+00:00,1419496425,-69.317
2026-07-13T21:41:54.852589+00:00,1419497889,-69.328
2026-07-13T21:41:54.852589+00:00,1419499354,-69.347
2026-07-13T21:41:54.852589+00:00,1419500819,-69.308
2026-07-13T21:41:54.852589+00:00,1419502284,-69.292
2026-07-13T21:41:54.852589+00:00,1419503749,-69.312
2026-07-13T21:41:54.852589+00:00,1419505214,-69.249
2026-07-13T21:41:54.852589+00:00,1419506678,-69.228
2026-07-13T21:41:54.852589+00:00,1419508143,-69.28
2026-07-13T21:41:54.852589+00:00,1419509608,-69.296
2026-07-13T21:41:54.852589+00:00,1419511073,-69.27
2026-07-13T21:41:54.852589+00:00,1419512538,-69.285
2026-07-13T21:41:54.852589+00:00,1419514003,-69.273
2026-07-13T21:41:54.852589+00:00,1419515467,-69.279
2026-07-13T21:41:54.852589+00:00,1419516932,-69.244
2026-07-13T21:41:54.852589+00:00,1419518397,-69.229
2026-07-13T21:41:54.852589+00:00,1419519862,-69.249
2026-07-13T21:41:54.852589+00:00,1419521327,-69.249
2026-07-13T21:41:54.852589+00:00,1419522792,-69.236
2026-07-13T21:41:54.852589+00:00,1419524257,-69.247
2026-07-13T21:41:54.852589+00:00,1419525721,-69.221
2026-07-13T21:41:54.852589+00:00,1419527186,-69.205
2026-07-13T21:41:54.852589+00:00,1419528651,-69.225
2026-07-13T21:41:54.852589+00:00,1419530116,-69.232
2026-07-13T21:41:54.852589+00:00,1419531581,-69.267
2026-07-13T21:41:54.852589+00:00,1419533046,-69.231
2026-07-13T21:41:54.852589+00:00,1419534510,-69.201
2026-07-13T21:41:54.852589+00:00,1419535975,-69.228
2026-07-13T21:41:54.852589+00:00,1419537440,-69.161
2026-07-13T21:41:54.852589+00:00,1419538905,-69.224
2026-07-13T21:41:54.852589+00:00,1419540370,-69.179
2026-07-13T21:41:54.852589+00:00,1419541835,-69.158
2026-07-13T21:41:54.852589+00:00,1419543300,-69.159
2026-07-13T21:41:54.852589+00:00,1419544764,-69.141
2026-07-13T21:41:54.852589+00:00,1419546229,-69.1
2026-07-13T21:41:54.852589+00:00,1419547694,-69.153
2026-07-13T21:41:54.852589+00:00,1419549159,-69.102
2026-07-13T21:41:54.852589+00:00,1419550624,-69.117
2026-07-13T21:41:54.852589+00:00,1419552089,-69.097
2026-07-13T21:41:54.852589+00:00,1419553553,-69.091
2026-07-13T21:41:54.852589+00:00,1419555018,-69.094
2026-07-13T21:41:54.852589+00:00,1419556483,-69.068
2026-07-13T21:41:54.852589+00:00,1419557948,-69.067
2026-07-13T21:41:54.852589+00:00,1419559413,-69.085
2026-07-13T21:41:54.852589+00:00,1419560878,-69.094
2026-07-13T21:41:54.852589+00:00,1419562342,-69.13
2026-07-13T21:41:54.852589+00:00,1419563807,-69.076
2026-07-13T21:41:54.852589+00:00,1419565272,-69.036
2026-07-13T21:41:54.852589+00:00,1419566737,-69.023
2026-07-13T21:41:54.852589+00:00,1419568202,-69.07
2026-07-13T21:41:54.852589+00:00,1419569667,-69.045
2026-07-13T21:41:54.852589+00:00,1419571132,-69.06
2026-07-13T21:41:54.852589+00:00,1419572596,-69.087
2026-07-13T21:41:54.852589+00:00,1419574061,-69.027
2026-07-13T21:41:54.852589+00:00,1419575526,-69.045
2026-07-13T21:41:54.852589+00:00,1419576991,-69.104
2026-07-13T21:41:54.852589+00:00,1419578456,-69.1
2026-07-13T21:41:54.852589+00:00,1419579921,-69.046
2026-07-13T21:41:54.852589+00:00,1419581385,-69.053
2026-07-13T21:41:54.852589+00:00,1419582850,-69.063
2026-07-13T21:41:54.852589+00:00,1419584315,-69.052
2026-07-13T21:41:54.852589+00:00,1419585780,-69.041
2026-07-13T21:41:54.852589+00:00,1419587245,-68.99
2026-07-13T21:41:54.852589+00:00,1419588710,-68.962
2026-07-13T21:41:54.852589+00:00,1419590175,-68.951
2026-07-13T21:41:54.852589+00:00,1419591639,-69.05
2026-07-13T21:41:54.852589+00:00,1419593104,-69.003
2026-07-13T21:41:54.852589+00:00,1419594569,-68.992
2026-07-13T21:41:54.852589+00:00,1419596034,-68.998
2026-07-13T21:41:54.852589+00:00,1419597499,-68.991
2026-07-13T21:41:54.852589+00:00,1419598964,-68.99
2026-07-13T21:41:54.852589+00:00,1419600428,-68.995
2026-07-13T21:41:54.852589+00:00,1419601893,-69.079
2026-07-13T21:41:54.852589+00:00,1419603358,-69.046
2026-07-13T21:41:54.852589+00:00,1419604823,-69.034
2026-07-13T21:41:54.852589+00:00,1419606288,-68.993
2026-07-13T21:41:54.852589+00:00,1419607753,-69.055
2026-07-13T21:41:54.852589+00:00,1419609217,-69.069
2026-07-13T21:41:54.852589+00:00,1419610682,-69.045
2026-07-13T21:41:54.852589+00:00,1419612147,-68.988
2026-07-13T21:41:54.852589+00:00,1419613612,-69.007
2026-07-13T21:41:54.852589+00:00,1419615077,-68.984
2026-07-13T21:41:54.852589+00:00,1419616542,-68.959
2026-07-13T21:41:54.852589+00:00,1419618007,-68.96
2026-07-13T21:41:54.852589+00:00,1419619471,-68.907
2026-07-13T21:41:54.852589+00:00,1419620936,-68.94
2026-07-13T21:41:54.852589+00:00,1419622401,-69.018
2026-07-13T21:41:54.852589+00:00,1419623866,-68.999
2026-07-13T21:41:54.852589+00:00,1419625331,-68.968
2026-07-13T21:41:54.852589+00:00,1419626796,-68.947
2026-07-13T21:41:54.852589+00:00,1419628260,-68.914
2026-07-13T21:41:54.852589+00:00,1419629725,-68.954
2026-07-13T21:41:54.852589+00:00,1419631190,-68.91
2026-07-13T21:41:54.852589+00:00,1419632655,-68.932
2026-07-13T21:41:54.852589+00:00,1419634120,-68.975
2026-07-13T21:41:54.852589+00:00,1419635585,-68.935
2026-07-13T21:41:54.852589+00:00,1419637050,-68.979
2026-07-13T21:41:54.852589+00:00,1419638514,-68.976
2026-07-13T21:41:54.852589+00:00,1419639979,-68.923
2026-07-13T21:41:54.852589+00:00,1419641444,-68.891
2026-07-13T21:41:54.852589+00:00,1419642909,-68.913
2026-07-13T21:41:54.852589+00:00,1419644374,-68.993
2026-07-13T21:41:54.852589+00:00,1419645839,-68.985
2026-07-13T21:41:54.852589+00:00,1419647303,-68.957
2026-07-13T21:41:54.852589+00:00,1419648768,-68.988
2026-07-13T21:41:54.852589+00:00,1419650233,-68.956
2026-07-13T21:41:54.852589+00:00,1419651698,-68.884
2026-07-13T21:41:54.852589+00:00,1419653163,-68.913
2026-07-13T21:41:54.852589+00:00,1419654628,-68.906
2026-07-13T21:41:54.852589+00:00,1419656092,-68.88
2026-07-13T21:41:54.852589+00:00,1419657557,-68.902
2026-07-13T21:41:54.852589+00:00,1419659022,-68.899
2026-07-13T21:41:54.852589+00:00,1419660487,-68.848
2026-07-13T21:41:54.852589+00:00,1419661952,-68.846
2026-07-13T21:41:54.852589+00:00,1419663417,-68.885
2026-07-13T21:41:54.852589+00:00,1419664882,-68.917
2026-07-13T21:41:54.852589+00:00,1419666346,-68.909
2026-07-13T21:41:54.852589+00:00,1419667811,-68.964
2026-07-13T21:41:54.852589+00:00,1419669276,-68.956
2026-07-13T21:41:54.852589+00:00,1419670741,-68.868
2026-07-13T21:41:54.852589+00:00,1419672206,-68.868
2026-07-13T21:41:54.852589+00:00,1419673671,-68.875
2026-07-13T21:41:54.852589+00:00,1419675135,-68.885
2026-07-13T21:41:54.852589+00:00,1419676600,-68.888
2026-07-13T21:41:54.852589+00:00,1419678065,-68.829
2026-07-13T21:41:54.852589+00:00,1419679530,-68.78
2026-07-13T21:41:54.852589+00:00,1419680995,-68.78
2026-07-13T21:41:54.852589+00:00,1419682460,-68.839
2026-07-13T21:41:54.852589+00:00,1419683925,-68.872
2026-07-13T21:41:54.852589+00:00,1419685389,-68.828
2026-07-13T21:41:54.852589+00:00,1419686854,-68.835
2026-07-13T21:41:54.852589+00:00,1419688319,-68.83
2026-07-13T21:41:54.852589+00:00,1419689784,-68.838
2026-07-13T21:41:54.852589+00:00,1419691249,-68.776
2026-07-13T21:41:54.852589+00:00,1419692714,-68.789
2026-07-13T21:41:54.852589+00:00,1419694178,-68.796
2026-07-13T21:41:54.852589+00:00,1419695643,-68.859
2026-07-13T21:41:54.852589+00:00,1419697108,-68.9
2026-07-13T21:41:54.852589+00:00,1419698573,-68.879
2026-07-13T21:41:54.852589+00:00,1419700038,-68.837
2026-07-13T21:41:54.852589+00:00,1419701503,-68.788
2026-07-13T21:41:54.852589+00:00,1419702967,-68.793
2026-07-13T21:41:54.852589+00:00,1419704432,-68.786
2026-07-13T21:41:54.852589+00:00,1419705897,-68.784
2026-07-13T21:41:54.852589+00:00,1419707362,-68.784
2026-07-13T21:41:54.852589+00:00,1419708827,-68.776
2026-07-13T21:41:54.852589+00:00,1419710292,-68.763
2026-07-13T21:41:54.852589+00:00,1419711757,-68.813
2026-07-13T21:41:54.852589+00:00,1419713221,-68.853
2026-07-13T21:41:54.852589+00:00,1419714686,-68.793
2026-07-13T21:41:54.852589+00:00,1419716151,-68.769
2026-07-13T21:41:54.852589+00:00,1419717616,-68.816
2026-07-13T21:41:54.852589+00:00,1419719081,-68.828
2026-07-13T21:41:54.852589+00:00,1419720546,-68.774
2026-07-13T21:41:54.852589+00:00,1419722010,-68.811
2026-07-13T21:41:54.852589+00:00,1419723475,-68.823
2026-07-13T21:41:54.852589+00:00,1419724940,-68.812
2026-07-13T21:41:54.852589+00:00,1419726405,-68.818
2026-07-13T21:41:54.852589+00:00,1419727870,-68.874
2026-07-13T21:41:54.852589+00:00,1419729335,-68.828
2026-07-13T21:41:54.852589+00:00,1419730800,-68.767
2026-07-13T21:41:54.852589+00:00,1419732264,-68.762
2026-07-13T21:41:54.852589+00:00,1419733729,-68.778
2026-07-13T21:41:54.852589+00:00,1419735194,-68.783
2026-07-13T21:41:54.852589+00:00,1419736659,-68.813
2026-07-13T21:41:54.852589+00:00,1419738124,-68.698
2026-07-13T21:41:54.852589+00:00,1419739589,-68.734
2026-07-13T21:41:54.852589+00:00,1419741053,-68.773
2026-07-13T21:41:54.852589+00:00,1419742518,-68.748
2026-07-13T21:41:54.852589+00:00,1419743983,-68.742
2026-07-13T21:41:54.852589+00:00,1419745448,-68.786
2026-07-13T21:41:54.852589+00:00,1419746913,-68.804
2026-07-13T21:41:54.852589+00:00,1419748378,-68.797
2026-07-13T21:41:54.852589+00:00,1419749842,-68.756
2026-07-13T21:41:54.852589+00:00,1419751307,-68.728
2026-07-13T21:41:54.852589+00:00,1419752772,-68.793
2026-07-13T21:41:54.852589+00:00,1419754237,-68.803
2026-07-13T21:41:54.852589+00:00,1419755702,-68.75
2026-07-13T21:41:54.852589+00:00,1419757167,-68.804
2026-07-13T21:41:54.852589+00:00,1419758632,-68.843
2026-07-13T21:41:54.852589+00:00,1419760096,-68.766
2026-07-13T21:41:54.852589+00:00,1419761561,-68.779
2026-07-13T21:41:54.852589+00:00,1419763026,-68.762
2026-07-13T21:41:54.852589+00:00,1419764491,-68.746
2026-07-13T21:41:54.852589+00:00,1419765956,-68.744
2026-07-13T21:41:54.852589+00:00,1419767421,-68.718
2026-07-13T21:41:54.852589+00:00,1419768885,-68.744
2026-07-13T21:41:54.852589+00:00,1419770350,-68.74
2026-07-13T21:41:54.852589+00:00,1419771815,-68.756
2026-07-13T21:41:54.852589+00:00,1419773280,-68.811
2026-07-13T21:41:54.852589+00:00,1419774745,-68.829
2026-07-13T21:41:54.852589+00:00,1419776210,-68.775
2026-07-13T21:41:54.852589+00:00,1419777675,-68.711
2026-07-13T21:41:54.852589+00:00,1419779139,-68.709
2026-07-13T21:41:54.852589+00:00,1419780604,-68.724
2026-07-13T21:41:54.852589+00:00,1419782069,-68.747
2026-07-13T21:41:54.852589+00:00,1419783534,-68.707
2026-07-13T21:41:54.852589+00:00,1419784999,-68.708
2026-07-13T21:41:54.852589+00:00,1419786464,-68.698
2026-07-13T21:41:54.852589+00:00,1419787928,-68.718
2026-07-13T21:41:54.852589+00:00,1419789393,-68.691
2026-07-13T21:41:54.852589+00:00,1419790858,-68.721
2026-07-13T21:41:54.852589+00:00,1419792323,-68.743
2026-07-13T21:41:54.852589+00:00,1419793788,-68.789
2026-07-13T21:41:54.852589+00:00,1419795253,-68.732
2026-07-13T21:41:54.852589+00:00,1419796717,-68.745
2026-07-13T21:41:54.852589+00:00,1419798182,-68.707
2026-07-13T21:41:54.852589+00:00,1419799647,-68.684
2026-07-13T21:41:54.852589+00:00,1419801112,-68.666
2026-07-13T21:41:54.852589+00:00,1419802577,-68.757
2026-07-13T21:41:54.852589+00:00,1419804042,-68.737
2026-07-13T21:41:54.852589+00:00,1419805507,-68.721
2026-07-13T21:41:54.852589+00:00,1419806971,-68.717
2026-07-13T21:41:54.852589+00:00,1419808436,-68.746
2026-07-13T21:41:54.852589+00:00,1419809901,-68.662
2026-07-13T21:41:54.852589+00:00,1419811366,-68.678
2026-07-13T21:41:54.852589+00:00,1419812831,-68.723
2026-07-13T21:41:54.852589+00:00,1419814296,-68.749
2026-07-13T21:41:54.852589+00:00,1419815760,-68.829
2026-07-13T21:41:54.852589+00:00,1419817225,-68.75
2026-07-13T21:41:54.852589+00:00,1419818690,-68.69
2026-07-13T21:41:54.852589+00:00,1419820155,-68.678
2026-07-13T21:41:54.852589+00:00,1419821620,-68.663
2026-07-13T21:41:54.852589+00:00,1419823085,-68.651
2026-07-13T21:41:54.852589+00:00,1419824550,-68.708
2026-07-13T21:41:54.852589+00:00,1419826014,-68.715
2026-07-13T21:41:54.852589+00:00,1419827479,-68.727
2026-07-13T21:41:54.852589+00:00,1419828944,-68.709
2026-07-13T21:41:54.852589+00:00,1419830409,-68.668
2026-07-13T21:41:54.852589+00:00,1419831874,-68.645
2026-07-13T21:41:54.852589+00:00,1419833339,-68.688
2026-07-13T21:41:54.852589+00:00,1419834803,-68.699
2026-07-13T21:41:54.852589+00:00,1419836268,-68.703
2026-07-13T21:41:54.852589+00:00,1419837733,-68.68
2026-07-13T21:41:54.852589+00:00,1419839198,-68.68
2026-07-13T21:41:54.852589+00:00,1419840663,-68.671
2026-07-13T21:41:54.852589+00:00,1419842128,-68.702
2026-07-13T21:41:54.852589+00:00,1419843592,-68.672
2026-07-13T21:41:54.852589+00:00,1419845057,-68.677
2026-07-13T21:41:54.852589+00:00,1419846522,-68.686
2026-07-13T21:41:54.852589+00:00,1419847987,-68.68
2026-07-13T21:41:54.852589+00:00,1419849452,-68.672
2026-07-13T21:41:54.852589+00:00,1419850917,-68.694
2026-07-13T21:41:54.852589+00:00,1419852382,-68.708
2026-07-13T21:41:54.852589+00:00,1419853846,-68.734
2026-07-13T21:41:54.852589+00:00,1419855311,-68.731
2026-07-13T21:41:54.852589+00:00,1419856776,-68.694
2026-07-13T21:41:54.852589+00:00,1419858241,-68.702
2026-07-13T21:41:54.852589+00:00,1419859706,-68.698
2026-07-13T21:41:54.852589+00:00,1419861171,-68.725
2026-07-13T21:41:54.852589+00:00,1419862635,-68.69
2026-07-13T21:41:54.852589+00:00,1419864100,-68.694
2026-07-13T21:41:54.852589+00:00,1419865565,-68.697
2026-07-13T21:41:54.852589+00:00,1419867030,-68.677
2026-07-13T21:41:54.852589+00:00,1419868495,-68.63
2026-07-13T21:41:54.852589+00:00,1419869960,-68.712
2026-07-13T21:41:54.852589+00:00,1419871425,-68.742
2026-07-13T21:41:54.852589+00:00,1419872889,-68.758
2026-07-13T21:41:54.852589+00:00,1419874354,-68.77
2026-07-13T21:41:54.852589+00:00,1419875819,-68.779
2026-07-13T21:41:54.852589+00:00,1419877284,-68.66
2026-07-13T21:41:54.852589+00:00,1419878749,-68.677
2026-07-13T21:41:54.852589+00:00,1419880214,-68.729
2026-07-13T21:41:54.852589+00:00,1419881678,-68.691
2026-07-13T21:41:54.852589+00:00,1419883143,-68.638
2026-07-13T21:41:54.852589+00:00,1419884608,-68.624
2026-07-13T21:41:54.852589+00:00,1419886073,-68.638
2026-07-13T21:41:54.852589+00:00,1419887538,-68.742
2026-07-13T21:41:54.852589+00:00,1419889003,-68.665
2026-07-13T21:41:54.852589+00:00,1419890467,-68.666
2026-07-13T21:41:54.852589+00:00,1419891932,-68.655
2026-07-13T21:41:54.852589+00:00,1419893397,-68.713
2026-07-13T21:41:54.852589+00:00,1419894862,-68.785
2026-07-13T21:41:54.852589+00:00,1419896327,-68.741
2026-07-13T21:41:54.852589+00:00,1419897792,-68.722
2026-07-13T21:41:54.852589+00:00,1419899257,-68.699
2026-07-13T21:41:54.852589+00:00,1419900721,-68.69
2026-07-13T21:41:54.852589+00:00,1419902186,-68.733
2026-07-13T21:41:54.852589+00:00,1419903651,-68.701
2026-07-13T21:41:54.852589+00:00,1419905116,-68.734
2026-07-13T21:41:54.852589+00:00,1419906581,-68.741
2026-07-13T21:41:54.852589+00:00,1419908046,-68.747
2026-07-13T21:41:54.852589+00:00,1419909510,-68.715
2026-07-13T21:41:54.852589+00:00,1419910975,-68.692
2026-07-13T21:41:54.852589+00:00,1419912440,-68.662
2026-07-13T21:41:54.852589+00:00,1419913905,-68.631
2026-07-13T21:41:54.852589+00:00,1419915370,-68.673
2026-07-13T21:41:54.852589+00:00,1419916835,-68.724
2026-07-13T21:41:54.852589+00:00,1419918300,-68.735
2026-07-13T21:41:54.852589+00:00,1419919764,-68.719
2026-07-13T21:41:54.852589+00:00,1419921229,-68.727
2026-07-13T21:41:54.852589+00:00,1419922694,-68.721
2026-07-13T21:41:54.852589+00:00,1419924159,-68.676
2026-07-13T21:41:54.852589+00:00,1419925624,-68.662
2026-07-13T21:41:54.852589+00:00,1419927089,-68.663
2026-07-13T21:41:54.852589+00:00,1419928553,-68.751
2026-07-13T21:41:54.852589+00:00,1419930018,-68.7
2026-07-13T21:41:54.852589+00:00,1419931483,-68.746
2026-07-13T21:41:54.852589+00:00,1419932948,-68.702
2026-07-13T21:41:54.852589+00:00,1419934413,-68.719
2026-07-13T21:41:54.852589+00:00,1419935878,-68.723
2026-07-13T21:41:54.852589+00:00,1419937342,-68.803
2026-07-13T21:41:54.852589+00:00,1419938807,-68.787
2026-07-13T21:41:54.852589+00:00,1419940272,-68.808
2026-07-13T21:41:54.852589+00:00,1419941737,-68.841
2026-07-13T21:41:54.852589+00:00,1419943202,-68.815
2026-07-13T21:41:54.852589+00:00,1419944667,-68.716
2026-07-13T21:41:54.852589+00:00,1419946132,-68.701
2026-07-13T21:41:54.852589+00:00,1419947596,-68.726
2026-07-13T21:41:54.852589+00:00,1419949061,-68.69
2026-07-13T21:41:54.852589+00:00,1419950526,-68.733
2026-07-13T21:41:54.852589+00:00,1419951991,-68.749
2026-07-13T21:41:54.852589+00:00,1419953456,-68.728
2026-07-13T21:41:54.852589+00:00,1419954921,-68.754
2026-07-13T21:41:54.852589+00:00,1419956385,-68.707
2026-07-13T21:41:54.852589+00:00,1419957850,-68.706
2026-07-13T21:41:54.852589+00:00,1419959315,-68.749
2026-07-13T21:41:54.852589+00:00,1419960780,-68.741
2026-07-13T21:41:54.852589+00:00,1419962245,-68.748
2026-07-13T21:41:54.852589+00:00,1419963710,-68.801
2026-07-13T21:41:54.852589+00:00,1419965175,-68.805
2026-07-13T21:41:54.852589+00:00,1419966639,-68.785
2026-07-13T21:41:54.852589+00:00,1419968104,-68.737
2026-07-13T21:41:54.852589+00:00,1419969569,-68.706
2026-07-13T21:41:54.852589+00:00,1419971034,-68.776
2026-07-13T21:41:54.852589+00:00,1419972499,-68.783
2026-07-13T21:41:54.852589+00:00,1419973964,-68.769
2026-07-13T21:41:54.852589+00:00,1419975428,-68.697
2026-07-13T21:41:54.852589+00:00,1419976893,-68.752
2026-07-13T21:41:54.852589+00:00,1419978358,-68.749
2026-07-13T21:41:54.852589+00:00,1419979823,-68.695
2026-07-13T21:41:54.852589+00:00,1419981288,-68.786
2026-07-13T21:41:54.852589+00:00,1419982753,-68.779
2026-07-13T21:41:54.852589+00:00,1419984217,-68.821
2026-07-13T21:41:54.852589+00:00,1419985682,-68.743
2026-07-13T21:41:54.852589+00:00,1419987147,-68.756
2026-07-13T21:41:54.852589+00:00,1419988612,-68.757
2026-07-13T21:41:54.852589+00:00,1419990077,-68.737
2026-07-13T21:41:54.852589+00:00,1419991542,-68.785
2026-07-13T21:41:54.852589+00:00,1419993007,-68.777
2026-07-13T21:41:54.852589+00:00,1419994471,-68.795
2026-07-13T21:41:54.852589+00:00,1419995936,-68.761
2026-07-13T21:41:54.852589+00:00,1419997401,-68.717
2026-07-13T21:41:54.852589+00:00,1419998866,-68.795
2026-07-13T21:41:54.852589+00:00,1420000331,-68.81
2026-07-13T21:41:54.852589+00:00,1420001796,-68.794
2026-07-13T21:41:54.852589+00:00,1420003260,-68.801
2026-07-13T21:41:54.852589+00:00,1420004725,-68.795
2026-07-13T21:41:54.852589+00:00,1420006190,-68.802
2026-07-13T21:41:54.852589+00:00,1420007655,-68.804
2026-07-13T21:41:54.852589+00:00,1420009120,-68.784
2026-07-13T21:41:54.852589+00:00,1420010585,-68.792
2026-07-13T21:41:54.852589+00:00,1420012050,-68.818
2026-07-13T21:41:54.852589+00:00,1420013514,-68.759
2026-07-13T21:41:54.852589+00:00,1420014979,-68.767
2026-07-13T21:41:54.852589+00:00,1420016444,-68.835
2026-07-13T21:41:54.852589+00:00,1420017909,-68.883
2026-07-13T21:41:54.852589+00:00,1420019374,-68.802
2026-07-13T21:41:54.852589+00:00,1420020839,-68.807
2026-07-13T21:41:54.852589+00:00,1420022303,-68.817
2026-07-13T21:41:54.852589+00:00,1420023768,-68.736
2026-07-13T21:41:54.852589+00:00,1420025233,-68.788
2026-07-13T21:41:54.852589+00:00,1420026698,-68.836
2026-07-13T21:41:54.852589+00:00,1420028163,-68.824
2026-07-13T21:41:54.852589+00:00,1420029628,-68.828
2026-07-13T21:41:54.852589+00:00,1420031092,-68.823
2026-07-13T21:41:54.852589+00:00,1420032557,-68.862
2026-07-13T21:41:54.852589+00:00,1420034022,-68.851
2026-07-13T21:41:54.852589+00:00,1420035487,-68.833
2026-07-13T21:41:54.852589+00:00,1420036952,-68.87
2026-07-13T21:41:54.852589+00:00,1420038417,-68.862
2026-07-13T21:41:54.852589+00:00,1420039882,-68.809
2026-07-13T21:41:54.852589+00:00,1420041346,-68.803
2026-07-13T21:41:54.852589+00:00,1420042811,-68.836
2026-07-13T21:41:54.852589+00:00,1420044276,-68.84
2026-07-13T21:41:54.852589+00:00,1420045741,-68.804
2026-07-13T21:41:54.852589+00:00,1420047206,-68.726
2026-07-13T21:41:54.852589+00:00,1420048671,-68.821
2026-07-13T21:41:54.852589+00:00,1420050135,-68.82
2026-07-13T21:41:54.852589+00:00,1420051600,-68.865
2026-07-13T21:41:54.852589+00:00,1420053065,-68.851
2026-07-13T21:41:54.852589+00:00,1420054530,-68.768
2026-07-13T21:41:54.852589+00:00,1420055995,-68.775
2026-07-13T21:41:54.852589+00:00,1420057460,-68.758
2026-07-13T21:41:54.852589+00:00,1420058925,-68.755
2026-07-13T21:41:54.852589+00:00,1420060389,-68.803
2026-07-13T21:41:54.852589+00:00,1420061854,-68.813
2026-07-13T21:41:54.852589+00:00,1420063319,-68.892
2026-07-13T21:41:54.852589+00:00,1420064784,-68.911
2026-07-13T21:41:54.852589+00:00,1420066249,-68.847
2026-07-13T21:41:54.852589+00:00,1420067714,-68.83
2026-07-13T21:41:54.852589+00:00,1420069178,-68.814
2026-07-13T21:41:54.852589+00:00,1420070643,-68.808
2026-07-13T21:41:54.852589+00:00,1420072108,-68.772
2026-07-13T21:41:54.852589+00:00,1420073573,-68.778
2026-07-13T21:41:54.852589+00:00,1420075038,-68.792
2026-07-13T21:41:54.852589+00:00,1420076503,-68.784
2026-07-13T21:41:54.852589+00:00,1420077967,-68.822
2026-07-13T21:41:54.852589+00:00,1420079432,-68.822
2026-07-13T21:41:54.852589+00:00,1420080897,-68.818
2026-07-13T21:41:54.852589+00:00,1420082362,-68.838
2026-07-13T21:41:54.852589+00:00,1420083827,-68.832
2026-07-13T21:41:54.852589+00:00,1420085292,-68.868
2026-07-13T21:41:54.852589+00:00,1420086757,-68.856
2026-07-13T21:41:54.852589+00:00,1420088221,-68.826
2026-07-13T21:41:54.852589+00:00,1420089686,-68.813
2026-07-13T21:41:54.852589+00:00,1420091151,-68.796
2026-07-13T21:41:54.852589+00:00,1420092616,-68.851
2026-07-13T21:41:54.852589+00:00,1420094081,-68.885
2026-07-13T21:41:54.852589+00:00,1420095546,-68.886
2026-07-13T21:41:54.852589+00:00,1420097010,-68.796
2026-07-13T21:41:54.852589+00:00,1420098475,-68.872
2026-07-13T21:41:54.852589+00:00,1420099940,-68.776
2026-07-13T21:41:54.852589+00:00,1420101405,-68.766
2026-07-13T21:41:54.852589+00:00,1420102870,-68.802
2026-07-13T21:41:54.852589+00:00,1420104335,-68.871
2026-07-13T21:41:54.852589+00:00,1420105800,-68.813
2026-07-13T21:41:54.852589+00:00,1420107264,-68.799
2026-07-13T21:41:54.852589+00:00,1420108729,-68.797
2026-07-13T21:41:54.852589+00:00,1420110194,-68.783
2026-07-13T21:41:54.852589+00:00,1420111659,-68.803
2026-07-13T21:41:54.852589+00:00,1420113124,-68.814
2026-07-13T21:41:54.852589+00:00,1420114589,-68.844
2026-07-13T21:41:54.852589+00:00,1420116053,-68.849
2026-07-13T21:41:54.852589+00:00,1420117518,-68.903
2026-07-13T21:41:54.852589+00:00,1420118983,-68.824
2026-07-13T21:41:54.852589+00:00,1420120448,-68.835
2026-07-13T21:41:54.852589+00:00,1420121913,-68.806
2026-07-13T21:41:54.852589+00:00,1420123378,-68.7
2026-07-13T21:41:54.852589+00:00,1420124842,-68.758
2026-07-13T21:41:54.852589+00:00,1420126307,-68.817
2026-07-13T21:41:54.852589+00:00,1420127772,-68.851
2026-07-13T21:41:54.852589+00:00,1420129237,-68.843
2026-07-13T21:41:54.852589+00:00,1420130702,-68.81
2026-07-13T21:41:54.852589+00:00,1420132167,-68.832
2026-07-13T21:41:54.852589+00:00,1420133632,-68.825
2026-07-13T21:41:54.852589+00:00,1420135096,-68.765
2026-07-13T21:41:54.852589+00:00,1420136561,-68.705
2026-07-13T21:41:54.852589+00:00,1420138026,-68.818
2026-07-13T21:41:54.852589+00:00,1420139491,-68.822
2026-07-13T21:41:54.852589+00:00,1420140956,-68.772
2026-07-13T21:41:54.852589+00:00,1420142421,-68.768
2026-07-13T21:41:54.852589+00:00,1420143885,-68.769
2026-07-13T21:41:54.852589+00:00,1420145350,-68.77
2026-07-13T21:41:54.852589+00:00,1420146815,-68.799
2026-07-13T21:41:54.852589+00:00,1420148280,-68.812
2026-07-13T21:41:54.852589+00:00,1420149745,-68.763
2026-07-13T21:41:54.852589+00:00,1420151210,-68.805
2026-07-13T21:41:54.852589+00:00,1420152675,-68.809
2026-07-13T21:41:54.852589+00:00,1420154139,-68.797
2026-07-13T21:41:54.852589+00:00,1420155604,-68.745
2026-07-13T21:41:54.852589+00:00,1420157069,-68.799
2026-07-13T21:41:54.852589+00:00,1420158534,-68.816
2026-07-13T21:41:54.852589+00:00,1420159999,-68.841
2026-07-13T21:41:54.852589+00:00,1420161464,-68.837
2026-07-13T21:41:54.852589+00:00,1420162928,-68.754
2026-07-13T21:41:54.852589+00:00,1420164393,-68.752
2026-07-13T21:41:54.852589+00:00,1420165858,-68.732
2026-07-13T21:41:54.852589+00:00,1420167323,-68.758
2026-07-13T21:41:54.852589+00:00,1420168788,-68.8
2026-07-13T21:41:54.852589+00:00,1420170253,-68.801
2026-07-13T21:41:54.852589+00:00,1420171717,-68.802
2026-07-13T21:41:54.852589+00:00,1420173182,-68.795
2026-07-13T21:41:54.852589+00:00,1420174647,-68.866
2026-07-13T21:41:54.852589+00:00,1420176112,-68.82
2026-07-13T21:41:54.852589+00:00,1420177577,-68.816
2026-07-13T21:41:54.852589+00:00,1420179042,-68.775
2026-07-13T21:41:54.852589+00:00,1420180507,-68.776
2026-07-13T21:41:54.852589+00:00,1420181971,-68.737
2026-07-13T21:41:54.852589+00:00,1420183436,-68.738
2026-07-13T21:41:54.852589+00:00,1420184901,-68.771
2026-07-13T21:41:54.852589+00:00,1420186366,-68.79
2026-07-13T21:41:54.852589+00:00,1420187831,-68.749
2026-07-13T21:41:54.852589+00:00,1420189296,-68.696
2026-07-13T21:41:54.852589+00:00,1420190760,-68.729
2026-07-13T21:41:54.852589+00:00,1420192225,-68.826
2026-07-13T21:41:54.852589+00:00,1420193690,-68.845
2026-07-13T21:41:54.852589+00:00,1420195155,-68.782
2026-07-13T21:41:54.852589+00:00,1420196620,-68.734
2026-07-13T21:41:54.852589+00:00,1420198085,-68.721
2026-07-13T21:41:54.852589+00:00,1420199550,-68.792
2026-07-13T21:41:54.852589+00:00,1420201014,-68.811
2026-07-13T21:41:54.852589+00:00,1420202479,-68.814
2026-07-13T21:41:54.852589+00:00,1420203944,-68.895
2026-07-13T21:41:54.852589+00:00,1420205409,-68.846
2026-07-13T21:41:54.852589+00:00,1420206874,-68.804
2026-07-13T21:41:54.852589+00:00,1420208339,-68.776
2026-07-13T21:41:54.852589+00:00,1420209803,-68.772
2026-07-13T21:41:54.852589+00:00,1420211268,-68.773
2026-07-13T21:41:54.852589+00:00,1420212733,-68.78
2026-07-13T21:41:54.852589+00:00,1420214198,-68.801
2026-07-13T21:41:54.852589+00:00,1420215663,-68.801
2026-07-13T21:41:54.852589+00:00,1420217128,-68.825
2026-07-13T21:41:54.852589+00:00,1420218592,-68.84
2026-07-13T21:41:54.852589+00:00,1420220057,-68.808
2026-07-13T21:41:54.852589+00:00,1420221522,-68.825
2026-07-13T21:41:54.852589+00:00,1420222987,-68.834
2026-07-13T21:41:54.852589+00:00,1420224452,-68.842
2026-07-13T21:41:54.852589+00:00,1420225917,-68.821
2026-07-13T21:41:54.852589+00:00,1420227382,-68.788
2026-07-13T21:41:54.852589+00:00,1420228846,-68.742
2026-07-13T21:41:54.852589+00:00,1420230311,-68.787
2026-07-13T21:41:54.852589+00:00,1420231776,-68.783
2026-07-13T21:41:54.852589+00:00,1420233241,-68.804
2026-07-13T21:41:54.852589+00:00,1420234706,-68.751
2026-07-13T21:41:54.852589+00:00,1420236171,-68.756
2026-07-13T21:41:54.852589+00:00,1420237635,-68.815
2026-07-13T21:41:54.852589+00:00,1420239100,-68.835
2026-07-13T21:41:54.852589+00:00,1420240565,-68.775
2026-07-13T21:41:54.852589+00:00,1420242030,-68.813
2026-07-13T21:41:54.852589+00:00,1420243495,-68.788
2026-07-13T21:41:54.852589+00:00,1420244960,-68.861
2026-07-13T21:41:54.852589+00:00,1420246425,-68.821
2026-07-13T21:41:54.852589+00:00,1420247889,-68.814
2026-07-13T21:41:54.852589+00:00,1420249354,-68.772
2026-07-13T21:41:54.852589+00:00,1420250819,-68.794
2026-07-13T21:41:54.852589+00:00,1420252284,-68.832
2026-07-13T21:41:54.852589+00:00,1420253749,-68.83
2026-07-13T21:41:54.852589+00:00,1420255214,-68.878
2026-07-13T21:41:54.852589+00:00,1420256678,-68.87
2026-07-13T21:41:54.852589+00:00,1420258143,-68.906
2026-07-13T21:41:54.852589+00:00,1420259608,-68.789
2026-07-13T21:41:54.852589+00:00,1420261073,-68.832
2026-07-13T21:41:54.852589+00:00,1420262538,-68.93
2026-07-13T21:41:54.852589+00:00,1420264003,-68.898
2026-07-13T21:41:54.852589+00:00,1420265467,-68.849
2026-07-13T21:41:54.852589+00:00,1420266932,-68.821
2026-07-13T21:41:54.852589+00:00,1420268397,-68.852
2026-07-13T21:41:54.852589+00:00,1420269862,-68.818
2026-07-13T21:41:54.852589+00:00,1420271327,-68.842
2026-07-13T21:41:54.852589+00:00,1420272792,-68.838
2026-07-13T21:41:54.852589+00:00,1420274257,-68.867
2026-07-13T21:41:54.852589+00:00,1420275721,-68.864
2026-07-13T21:41:54.852589+00:00,1420277186,-68.827
2026-07-13T21:41:54.852589+00:00,1420278651,-68.871
2026-07-13T21:41:54.852589+00:00,1420280116,-68.915
2026-07-13T21:41:54.852589+00:00,1420281581,-68.881
2026-07-13T21:41:54.852589+00:00,1420283046,-68.832
2026-07-13T21:41:54.852589+00:00,1420284510,-68.798
2026-07-13T21:41:54.852589+00:00,1420285975,-68.892
2026-07-13T21:41:54.852589+00:00,1420287440,-68.887
2026-07-13T21:41:54.852589+00:00,1420288905,-68.928
2026-07-13T21:41:54.852589+00:00,1420290370,-68.882
2026-07-13T21:41:54.852589+00:00,1420291835,-68.806
2026-07-13T21:41:54.852589+00:00,1420293300,-68.829
2026-07-13T21:41:54.852589+00:00,1420294764,-68.844
2026-07-13T21:41:54.852589+00:00,1420296229,-68.911
2026-07-13T21:41:54.852589+00:00,1420297694,-68.932
2026-07-13T21:41:54.852589+00:00,1420299159,-68.919
2026-07-13T21:41:54.852589+00:00,1420300624,-68.943
2026-07-13T21:41:54.852589+00:00,1420302089,-68.903
2026-07-13T21:41:54.852589+00:00,1420303553,-68.92
2026-07-13T21:41:54.852589+00:00,1420305018,-68.908
2026-07-13T21:41:54.852589+00:00,1420306483,-68.879
2026-07-13T21:41:54.852589+00:00,1420307948,-68.85
2026-07-13T21:41:54.852589+00:00,1420309413,-68.861
2026-07-13T21:41:54.852589+00:00,1420310878,-68.828
2026-07-13T21:41:54.852589+00:00,1420312342,-68.974
2026-07-13T21:41:54.852589+00:00,1420313807,-68.926
2026-07-13T21:41:54.852589+00:00,1420315272,-68.906
2026-07-13T21:41:54.852589+00:00,1420316737,-68.944
2026-07-13T21:41:54.852589+00:00,1420318202,-68.931
2026-07-13T21:41:54.852589+00:00,1420319667,-68.908
2026-07-13T21:41:54.852589+00:00,1420321132,-68.87
2026-07-13T21:41:54.852589+00:00,1420322596,-68.864
2026-07-13T21:41:54.852589+00:00,1420324061,-68.928
2026-07-13T21:41:54.852589+00:00,1420325526,-68.909
2026-07-13T21:41:54.852589+00:00,1420326991,-68.936
2026-07-13T21:41:54.852589+00:00,1420328456,-68.995
2026-07-13T21:41:54.852589+00:00,1420329921,-68.95
2026-07-13T21:41:54.852589+00:00,1420331385,-68.908
2026-07-13T21:41:54.852589+00:00,1420332850,-68.886
2026-07-13T21:41:54.852589+00:00,1420334315,-68.954
2026-07-13T21:41:54.852589+00:00,1420335780,-68.986
2026-07-13T21:41:54.852589+00:00,1420337245,-68.968
2026-07-13T21:41:54.852589+00:00,1420338710,-69.004
2026-07-13T21:41:54.852589+00:00,1420340175,-68.988
2026-07-13T21:41:54.852589+00:00,1420341639,-68.969
2026-07-13T21:41:54.852589+00:00,1420343104,-68.936
2026-07-13T21:41:54.852589+00:00,1420344569,-68.935
2026-07-13T21:41:54.852589+00:00,1420346034,-68.908
2026-07-13T21:41:54.852589+00:00,1420347499,-68.887
2026-07-13T21:41:54.852589+00:00,1420348964,-68.932
2026-07-13T21:41:54.852589+00:00,1420350428,-68.961
2026-07-13T21:41:54.852589+00:00,1420351893,-68.96
2026-07-13T21:41:54.852589+00:00,1420353358,-68.936
2026-07-13T21:41:54.852589+00:00,1420354823,-69.01
2026-07-13T21:41:54.852589+00:00,1420356288,-69.002
2026-07-13T21:41:54.852589+00:00,1420357753,-68.986
2026-07-13T21:41:54.852589+00:00,1420359217,-68.996
2026-07-13T21:41:54.852589+00:00,1420360682,-68.94
2026-07-13T21:41:54.852589+00:00,1420362147,-68.932
2026-07-13T21:41:54.852589+00:00,1420363612,-68.979
2026-07-13T21:41:54.852589+00:00,1420365077,-68.904
2026-07-13T21:41:54.852589+00:00,1420366542,-68.887
2026-07-13T21:41:54.852589+00:00,1420368007,-68.921
2026-07-13T21:41:54.852589+00:00,1420369471,-68.97
2026-07-13T21:41:54.852589+00:00,1420370936,-68.99
2026-07-13T21:41:54.852589+00:00,1420372401,-69.029
2026-07-13T21:41:54.852589+00:00,1420373866,-68.988
2026-07-13T21:41:54.852589+00:00,1420375331,-68.984
2026-07-13T21:41:54.852589+00:00,1420376796,-68.954
2026-07-13T21:41:54.852589+00:00,1420378260,-68.995
2026-07-13T21:41:54.852589+00:00,1420379725,-69.044
2026-07-13T21:41:54.852589+00:00,1420381190,-68.981
2026-07-13T21:41:54.852589+00:00,1420382655,-69.023
2026-07-13T21:41:54.852589+00:00,1420384120,-68.953
2026-07-13T21:41:54.852589+00:00,1420385585,-69.003
2026-07-13T21:41:54.852589+00:00,1420387050,-69.026
2026-07-13T21:41:54.852589+00:00,1420388514,-68.966
2026-07-13T21:41:54.852589+00:00,1420389979,-69.024
2026-07-13T21:41:54.852589+00:00,1420391444,-69.019
2026-07-13T21:41:54.852589+00:00,1420392909,-69.027
2026-07-13T21:41:54.852589+00:00,1420394374,-69.02
2026-07-13T21:41:54.852589+00:00,1420395839,-68.992
2026-07-13T21:41:54.852589+00:00,1420397303,-68.956
2026-07-13T21:41:54.852589+00:00,1420398768,-69.006
2026-07-13T21:41:54.852589+00:00,1420400233,-69.065
2026-07-13T21:41:54.852589+00:00,1420401698,-69.06
2026-07-13T21:41:54.852589+00:00,1420403163,-69.005
2026-07-13T21:41:54.852589+00:00,1420404628,-69.014
2026-07-13T21:41:54.852589+00:00,1420406092,-69.029
2026-07-13T21:41:54.852589+00:00,1420407557,-68.987
2026-07-13T21:41:54.852589+00:00,1420409022,-69.058
2026-07-13T21:41:54.852589+00:00,1420410487,-69.02
2026-07-13T21:41:54.852589+00:00,1420411952,-68.998
2026-07-13T21:41:54.852589+00:00,1420413417,-69.051
2026-07-13T21:41:54.852589+00:00,1420414882,-68.977
2026-07-13T21:41:54.852589+00:00,1420416346,-68.959
2026-07-13T21:41:54.852589+00:00,1420417811,-68.949
2026-07-13T21:41:54.852589+00:00,1420419276,-69.026
2026-07-13T21:41:54.852589+00:00,1420420741,-68.978
2026-07-13T21:41:54.852589+00:00,1420422206,-68.995
2026-07-13T21:41:54.852589+00:00,1420423671,-69.066
2026-07-13T21:41:54.852589+00:00,1420425135,-69.106
2026-07-13T21:41:54.852589+00:00,1420426600,-69.074
2026-07-13T21:41:54.852589+00:00,1420428065,-69.062
2026-07-13T21:41:54.852589+00:00,1420429530,-69.028
2026-07-13T21:41:54.852589+00:00,1420430995,-69.021
2026-07-13T21:41:54.852589+00:00,1420432460,-69.024
2026-07-13T21:41:54.852589+00:00,1420433925,-68.985
2026-07-13T21:41:54.852589+00:00,1420435389,-69.029
2026-07-13T21:41:54.852589+00:00,1420436854,-69.056
2026-07-13T21:41:54.852589+00:00,1420438319,-69.059
2026-07-13T21:41:54.852589+00:00,1420439784,-69.075
2026-07-13T21:41:54.852589+00:00,1420441249,-69.055
2026-07-13T21:41:54.852589+00:00,1420442714,-69.024
2026-07-13T21:41:54.852589+00:00,1420444178,-68.994
2026-07-13T21:41:54.852589+00:00,1420445643,-69.015
2026-07-13T21:41:54.852589+00:00,1420447108,-69.074
2026-07-13T21:41:54.852589+00:00,1420448573,-69.058
2026-07-13T21:41:54.852589+00:00,1420450038,-69.078
2026-07-13T21:41:54.852589+00:00,1420451503,-69.059
2026-07-13T21:41:54.852589+00:00,1420452967,-69.035
2026-07-13T21:41:54.852589+00:00,1420454432,-69.051
2026-07-13T21:41:54.852589+00:00,1420455897,-69.092
2026-07-13T21:41:54.852589+00:00,1420457362,-69.041
2026-07-13T21:41:54.852589+00:00,1420458827,-69.048
2026-07-13T21:41:54.852589+00:00,1420460292,-69.027
2026-07-13T21:41:54.852589+00:00,1420461757,-69.05
2026-07-13T21:41:54.852589+00:00,1420463221,-69.06
2026-07-13T21:41:54.852589+00:00,1420464686,-69.014
2026-07-13T21:41:54.852589+00:00,1420466151,-69.002
2026-07-13T21:41:54.852589+00:00,1420467616,-69.009
2026-07-13T21:41:54.852589+00:00,1420469081,-69.039
2026-07-13T21:41:54.852589+00:00,1420470546,-69.022
2026-07-13T21:41:54.852589+00:00,1420472010,-69.023
2026-07-13T21:41:54.852589+00:00,1420473475,-69.042
2026-07-13T21:41:54.852589+00:00,1420474940,-69.094
2026-07-13T21:41:54.852589+00:00,1420476405,-69.066
2026-07-13T21:41:54.852589+00:00,1420477870,-69.01
2026-07-13T21:41:54.852589+00:00,1420479335,-69.055
2026-07-13T21:41:54.852589+00:00,1420480800,-69.074
2026-07-13T21:41:54.852589+00:00,1420482264,-69.081
2026-07-13T21:41:54.852589+00:00,1420483729,-68.996
2026-07-13T21:41:54.852589+00:00,1420485194,-69.026
2026-07-13T21:41:54.852589+00:00,1420486659,-69.018
2026-07-13T21:41:54.852589+00:00,1420488124,-69.031
2026-07-13T21:41:54.852589+00:00,1420489589,-69.028
2026-07-13T21:41:54.852589+00:00,1420491053,-69.037
2026-07-13T21:41:54.852589+00:00,1420492518,-69.108
2026-07-13T21:41:54.852589+00:00,1420493983,-69.064
2026-07-13T21:41:54.852589+00:00,1420495448,-69.041
2026-07-13T21:41:54.852589+00:00,1420496913,-69.064
2026-07-13T21:41:54.852589+00:00,1420498378,-69.089
2026-07-13T21:41:54.852589+00:00,1420499842,-69.102
2026-07-13T21:41:54.852589+00:00,1420501307,-69.076
2026-07-13T21:41:54.852589+00:00,1420502772,-69.087
2026-07-13T21:41:54.852589+00:00,1420504237,-69.103
2026-07-13T21:41:54.852589+00:00,1420505702,-69.105
2026-07-13T21:41:54.852589+00:00,1420507167,-69.121
2026-07-13T21:41:54.852589+00:00,1420508632,-69.095
2026-07-13T21:41:54.852589+00:00,1420510096,-69.072
2026-07-13T21:41:54.852589+00:00,1420511561,-69.092
2026-07-13T21:41:54.852589+00:00,1420513026,-69.037
2026-07-13T21:41:54.852589+00:00,1420514491,-69.091
2026-07-13T21:41:54.852589+00:00,1420515956,-69.168
2026-07-13T21:41:54.852589+00:00,1420517421,-69.095
2026-07-13T21:41:54.852589+00:00,1420518885,-69.144
2026-07-13T21:41:54.852589+00:00,1420520350,-69.098
2026-07-13T21:41:54.852589+00:00,1420521815,-69.115
2026-07-13T21:41:54.852589+00:00,1420523280,-69.096
2026-07-13T21:41:54.852589+00:00,1420524745,-69.078
2026-07-13T21:41:54.852589+00:00,1420526210,-69.105
2026-07-13T21:41:54.852589+00:00,1420527675,-69.105
2026-07-13T21:41:54.852589+00:00,1420529139,-69.074
2026-07-13T21:41:54.852589+00:00,1420530604,-69.14
2026-07-13T21:41:54.852589+00:00,1420532069,-69.087
2026-07-13T21:41:54.852589+00:00,1420533534,-69.127
2026-07-13T21:41:54.852589+00:00,1420534999,-69.226
2026-07-13T21:41:54.852589+00:00,1420536464,-69.196
2026-07-13T21:41:54.852589+00:00,1420537928,-69.139
2026-07-13T21:41:54.852589+00:00,1420539393,-69.099
2026-07-13T21:41:54.852589+00:00,1420540858,-69.14
2026-07-13T21:41:54.852589+00:00,1420542323,-69.145
2026-07-13T21:41:54.852589+00:00,1420543788,-69.17
2026-07-13T21:41:54.852589+00:00,1420545253,-69.1
2026-07-13T21:41:54.852589+00:00,1420546717,-69.089
2026-07-13T21:41:54.852589+00:00,1420548182,-69.177
2026-07-13T21:41:54.852589+00:00,1420549647,-69.14
2026-07-13T21:41:54.852589+00:00,1420551112,-69.096
2026-07-13T21:41:54.852589+00:00,1420552577,-69.154
2026-07-13T21:41:54.852589+00:00,1420554042,-69.139
2026-07-13T21:41:54.852589+00:00,1420555507,-69.094
2026-07-13T21:41:54.852589+00:00,1420556971,-69.049
2026-07-13T21:41:54.852589+00:00,1420558436,-69.123
2026-07-13T21:41:54.852589+00:00,1420559901,-69.153
2026-07-13T21:41:54.852589+00:00,1420561366,-69.086
2026-07-13T21:41:54.852589+00:00,1420562831,-69.061
2026-07-13T21:41:54.852589+00:00,1420564296,-69.126
2026-07-13T21:41:54.852589+00:00,1420565760,-69.199
2026-07-13T21:41:54.852589+00:00,1420567225,-69.18
2026-07-13T21:41:54.852589+00:00,1420568690,-69.232
2026-07-13T21:41:54.852589+00:00,1420570155,-69.112
2026-07-13T21:41:54.852589+00:00,1420571620,-69.091
2026-07-13T21:41:54.852589+00:00,1420573085,-69.184
2026-07-13T21:41:54.852589+00:00,1420574550,-69.171
2026-07-13T21:41:54.852589+00:00,1420576014,-69.193
2026-07-13T21:41:54.852589+00:00,1420577479,-69.188
2026-07-13T21:41:54.852589+00:00,1420578944,-69.142
2026-07-13T21:41:54.852589+00:00,1420580409,-69.123
2026-07-13T21:41:54.852589+00:00,1420581874,-69.139
2026-07-13T21:41:54.852589+00:00,1420583339,-69.146
2026-07-13T21:41:54.852589+00:00,1420584803,-69.145
2026-07-13T21:41:54.852589+00:00,1420586268,-69.213
2026-07-13T21:41:54.852589+00:00,1420587733,-69.214
2026-07-13T21:41:54.852589+00:00,1420589198,-69.107
2026-07-13T21:41:54.852589+00:00,1420590663,-69.079
2026-07-13T21:41:54.852589+00:00,1420592128,-69.15
2026-07-13T21:41:54.852589+00:00,1420593592,-69.228
2026-07-13T21:41:54.852589+00:00,1420595057,-69.204
2026-07-13T21:41:54.852589+00:00,1420596522,-69.169
2026-07-13T21:41:54.852589+00:00,1420597987,-69.253
2026-07-13T21:41:54.852589+00:00,1420599452,-69.22
2026-07-13T21:41:54.852589+00:00,1420600917,-69.169
2026-07-13T21:41:54.852589+00:00,1420602382,-69.208
2026-07-13T21:41:54.852589+00:00,1420603846,-69.177
2026-07-13T21:41:54.852589+00:00,1420605311,-69.144
2026-07-13T21:41:54.852589+00:00,1420606776,-69.171
2026-07-13T21:41:54.852589+00:00,1420608241,-69.191
2026-07-13T21:41:54.852589+00:00,1420609706,-69.164
2026-07-13T21:41:54.852589+00:00,1420611171,-69.208
2026-07-13T21:41:54.852589+00:00,1420612635,-69.216
2026-07-13T21:41:54.852589+00:00,1420614100,-69.241
2026-07-13T21:41:54.852589+00:00,1420615565,-69.209
2026-07-13T21:41:54.852589+00:00,1420617030,-69.155
2026-07-13T21:41:54.852589+00:00,1420618495,-69.202
2026-07-13T21:41:54.852589+00:00,1420619960,-69.173
2026-07-13T21:41:54.852589+00:00,1420621425,-69.134
2026-07-13T21:41:54.852589+00:00,1420622889,-69.242
2026-07-13T21:41:54.852589+00:00,1420624354,-69.266
2026-07-13T21:41:54.852589+00:00,1420625819,-69.232
2026-07-13T21:41:54.852589+00:00,1420627284,-69.254
2026-07-13T21:41:54.852589+00:00,1420628749,-69.301
2026-07-13T21:41:54.852589+00:00,1420630214,-69.254
2026-07-13T21:41:54.852589+00:00,1420631678,-69.283
2026-07-13T21:41:54.852589+00:00,1420633143,-69.305
2026-07-13T21:41:54.852589+00:00,1420634608,-69.249
2026-07-13T21:41:54.852589+00:00,1420636073,-69.269
2026-07-13T21:41:54.852589+00:00,1420637538,-69.263
2026-07-13T21:41:54.852589+00:00,1420639003,-69.276
2026-07-13T21:41:54.852589+00:00,1420640467,-69.326
2026-07-13T21:41:54.852589+00:00,1420641932,-69.289
2026-07-13T21:41:54.852589+00:00,1420643397,-69.316
2026-07-13T21:41:54.852589+00:00,1420644862,-69.337
2026-07-13T21:41:54.852589+00:00,1420646327,-69.319
2026-07-13T21:41:54.852589+00:00,1420647792,-69.341
2026-07-13T21:41:54.852589+00:00,1420649257,-69.312
2026-07-13T21:41:54.852589+00:00,1420650721,-69.269
2026-07-13T21:41:54.852589+00:00,1420652186,-69.272
2026-07-13T21:41:54.852589+00:00,1420653651,-69.268
2026-07-13T21:41:54.852589+00:00,1420655116,-69.295
2026-07-13T21:41:54.852589+00:00,1420656581,-69.286
2026-07-13T21:41:54.852589+00:00,1420658046,-69.268
2026-07-13T21:41:54.852589+00:00,1420659510,-69.265
2026-07-13T21:41:54.852589+00:00,1420660975,-69.298
2026-07-13T21:41:54.852589+00:00,1420662440,-69.27
2026-07-13T21:41:54.852589+00:00,1420663905,-69.279
2026-07-13T21:41:54.852589+00:00,1420665370,-69.294
2026-07-13T21:41:54.852589+00:00,1420666835,-69.285
2026-07-13T21:41:54.852589+00:00,1420668300,-69.282
2026-07-13T21:41:54.852589+00:00,1420669764,-69.219
2026-07-13T21:41:54.852589+00:00,1420671229,-69.249
2026-07-13T21:41:54.852589+00:00,1420672694,-69.317
2026-07-13T21:41:54.852589+00:00,1420674159,-69.283
2026-07-13T21:41:54.852589+00:00,1420675624,-69.335
2026-07-13T21:41:54.852589+00:00,1420677089,-69.303
2026-07-13T21:41:54.852589+00:00,1420678553,-69.382
2026-07-13T21:41:54.852589+00:00,1420680018,-69.321
2026-07-13T21:41:54.852589+00:00,1420681483,-69.38
2026-07-13T21:41:54.852589+00:00,1420682948,-69.364
2026-07-13T21:41:54.852589+00:00,1420684413,-69.328
2026-07-13T21:41:54.852589+00:00,1420685878,-69.335
2026-07-13T21:41:54.852589+00:00,1420687342,-69.354
2026-07-13T21:41:54.852589+00:00,1420688807,-69.352
2026-07-13T21:41:54.852589+00:00,1420690272,-69.35
2026-07-13T21:41:54.852589+00:00,1420691737,-69.362
2026-07-13T21:41:54.852589+00:00,1420693202,-69.339
2026-07-13T21:41:54.852589+00:00,1420694667,-69.37
2026-07-13T21:41:54.852589+00:00,1420696132,-69.365
2026-07-13T21:41:54.852589+00:00,1420697596,-69.355
2026-07-13T21:41:54.852589+00:00,1420699061,-69.374
2026-07-13T21:41:54.852589+00:00,1420700526,-69.337
2026-07-13T21:41:54.852589+00:00,1420701991,-69.371
2026-07-13T21:41:54.852589+00:00,1420703456,-69.333
2026-07-13T21:41:54.852589+00:00,1420704921,-69.399
2026-07-13T21:41:54.852589+00:00,1420706385,-69.406
2026-07-13T21:41:54.852589+00:00,1420707850,-69.358
2026-07-13T21:41:54.852589+00:00,1420709315,-69.388
2026-07-13T21:41:54.852589+00:00,1420710780,-69.424
2026-07-13T21:41:54.852589+00:00,1420712245,-69.44
2026-07-13T21:41:54.852589+00:00,1420713710,-69.438
2026-07-13T21:41:54.852589+00:00,1420715175,-69.433
2026-07-13T21:41:54.852589+00:00,1420716639,-69.402
2026-07-13T21:41:54.852589+00:00,1420718104,-69.403
2026-07-13T21:41:54.852589+00:00,1420719569,-69.433
2026-07-13T21:41:54.852589+00:00,1420721034,-69.408
2026-07-13T21:41:54.852589+00:00,1420722499,-69.497
2026-07-13T21:41:54.852589+00:00,1420723964,-69.428
2026-07-13T21:41:54.852589+00:00,1420725428,-69.423
2026-07-13T21:41:54.852589+00:00,1420726893,-69.442
2026-07-13T21:41:54.852589+00:00,1420728358,-69.378
2026-07-13T21:41:54.852589+00:00,1420729823,-69.42
2026-07-13T21:41:54.852589+00:00,1420731288,-69.454
2026-07-13T21:41:54.852589+00:00,1420732753,-69.407
2026-07-13T21:41:54.852589+00:00,1420734217,-69.397
2026-07-13T21:41:54.852589+00:00,1420735682,-69.461
2026-07-13T21:41:54.852589+00:00,1420737147,-69.512
2026-07-13T21:41:54.852589+00:00,1420738612,-69.504
2026-07-13T21:41:54.852589+00:00,1420740077,-69.482
2026-07-13T21:41:54.852589+00:00,1420741542,-69.404
2026-07-13T21:41:54.852589+00:00,1420743007,-69.439
2026-07-13T21:41:54.852589+00:00,1420744471,-69.468
2026-07-13T21:41:54.852589+00:00,1420745936,-69.446
2026-07-13T21:41:54.852589+00:00,1420747401,-69.494
2026-07-13T21:41:54.852589+00:00,1420748866,-69.546
2026-07-13T21:41:54.852589+00:00,1420750331,-69.487
2026-07-13T21:41:54.852589+00:00,1420751796,-69.434
2026-07-13T21:41:54.852589+00:00,1420753260,-69.487
2026-07-13T21:41:54.852589+00:00,1420754725,-69.464
2026-07-13T21:41:54.852589+00:00,1420756190,-69.496
2026-07-13T21:41:54.852589+00:00,1420757655,-69.483
2026-07-13T21:41:54.852589+00:00,1420759120,-69.501
2026-07-13T21:41:54.852589+00:00,1420760585,-69.519
2026-07-13T21:41:54.852589+00:00,1420762050,-69.52
2026-07-13T21:41:54.852589+00:00,1420763514,-69.503
2026-07-13T21:41:54.852589+00:00,1420764979,-69.493
2026-07-13T21:41:54.852589+00:00,1420766444,-69.528
2026-07-13T21:41:54.852589+00:00,1420767909,-69.515
2026-07-13T21:41:54.852589+00:00,1420769374,-69.496
2026-07-13T21:41:54.852589+00:00,1420770839,-69.537
2026-07-13T21:41:54.852589+00:00,1420772303,-69.541
2026-07-13T21:41:54.852589+00:00,1420773768,-69.502
2026-07-13T21:41:54.852589+00:00,1420775233,-69.444
2026-07-13T21:41:54.852589+00:00,1420776698,-69.498
2026-07-13T21:41:54.852589+00:00,1420778163,-69.496
2026-07-13T21:41:54.852589+00:00,1420779628,-69.528
2026-07-13T21:41:54.852589+00:00,1420781092,-69.56
2026-07-13T21:41:54.852589+00:00,1420782557,-69.599
2026-07-13T21:41:54.852589+00:00,1420784022,-69.536
2026-07-13T21:41:54.852589+00:00,1420785487,-69.561
2026-07-13T21:41:54.852589+00:00,1420786952,-69.586
2026-07-13T21:41:54.852589+00:00,1420788417,-69.547
2026-07-13T21:41:54.852589+00:00,1420789882,-69.557
2026-07-13T21:41:54.852589+00:00,1420791346,-69.544
2026-07-13T21:41:54.852589+00:00,1420792811,-69.53
2026-07-13T21:41:54.852589+00:00,1420794276,-69.547
2026-07-13T21:41:54.852589+00:00,1420795741,-69.573
2026-07-13T21:41:54.852589+00:00,1420797206,-69.581
2026-07-13T21:41:54.852589+00:00,1420798671,-69.616
2026-07-13T21:41:54.852589+00:00,1420800135,-69.62
2026-07-13T21:41:54.852589+00:00,1420801600,-69.611
2026-07-13T21:41:54.852589+00:00,1420803065,-69.53
2026-07-13T21:41:54.852589+00:00,1420804530,-69.511
2026-07-13T21:41:54.852589+00:00,1420805995,-69.532
2026-07-13T21:41:54.852589+00:00,1420807460,-69.57
2026-07-13T21:41:54.852589+00:00,1420808925,-69.609
2026-07-13T21:41:54.852589+00:00,1420810389,-69.604
2026-07-13T21:41:54.852589+00:00,1420811854,-69.54
2026-07-13T21:41:54.852589+00:00,1420813319,-69.534
2026-07-13T21:41:54.852589+00:00,1420814784,-69.554
2026-07-13T21:41:54.852589+00:00,1420816249,-69.558
2026-07-13T21:41:54.852589+00:00,1420817714,-69.498
2026-07-13T21:41:54.852589+00:00,1420819178,-69.552
2026-07-13T21:41:54.852589+00:00,1420820643,-69.541
2026-07-13T21:41:54.852589+00:00,1420822108,-69.624
2026-07-13T21:41:54.852589+00:00,1420823573,-69.701
2026-07-13T21:41:54.852589+00:00,1420825038,-69.648
2026-07-13T21:41:54.852589+00:00,1420826503,-69.555
2026-07-13T21:41:54.852589+00:00,1420827967,-69.554
2026-07-13T21:41:54.852589+00:00,1420829432,-69.567
2026-07-13T21:41:54.852589+00:00,1420830897,-69.525
2026-07-13T21:41:54.852589+00:00,1420832362,-69.535
2026-07-13T21:41:54.852589+00:00,1420833827,-69.498
2026-07-13T21:41:54.852589+00:00,1420835292,-69.577
2026-07-13T21:41:54.852589+00:00,1420836757,-69.601
2026-07-13T21:41:54.852589+00:00,1420838221,-69.61
2026-07-13T21:41:54.852589+00:00,1420839686,-69.632
2026-07-13T21:41:54.852589+00:00,1420841151,-69.556
2026-07-13T21:41:54.852589+00:00,1420842616,-69.559
2026-07-13T21:41:54.852589+00:00,1420844081,-69.546
2026-07-13T21:41:54.852589+00:00,1420845546,-69.599
2026-07-13T21:41:54.852589+00:00,1420847010,-69.588
2026-07-13T21:41:54.852589+00:00,1420848475,-69.533
2026-07-13T21:41:54.852589+00:00,1420849940,-69.545
2026-07-13T21:41:54.852589+00:00,1420851405,-69.569
2026-07-13T21:41:54.852589+00:00,1420852870,-69.626
2026-07-13T21:41:54.852589+00:00,1420854335,-69.589
2026-07-13T21:41:54.852589+00:00,1420855800,-69.59
2026-07-13T21:41:54.852589+00:00,1420857264,-69.616
2026-07-13T21:41:54.852589+00:00,1420858729,-69.582
2026-07-13T21:41:54.852589+00:00,1420860194,-69.523
2026-07-13T21:41:54.852589+00:00,1420861659,-69.596
2026-07-13T21:41:54.852589+00:00,1420863124,-69.63
2026-07-13T21:41:54.852589+00:00,1420864589,-69.636
2026-07-13T21:41:54.852589+00:00,1420866053,-69.631
2026-07-13T21:41:54.852589+00:00,1420867518,-69.635
2026-07-13T21:41:54.852589+00:00,1420868983,-69.595
2026-07-13T21:41:54.852589+00:00,1420870448,-69.656
2026-07-13T21:41:54.852589+00:00,1420871913,-69.698
2026-07-13T21:41:54.852589+00:00,1420873378,-69.638
2026-07-13T21:41:54.852589+00:00,1420874842,-69.635
2026-07-13T21:41:54.852589+00:00,1420876307,-69.566
2026-07-13T21:41:54.852589+00:00,1420877772,-69.588
2026-07-13T21:41:54.852589+00:00,1420879237,-69.621
2026-07-13T21:41:54.852589+00:00,1420880702,-69.596
2026-07-13T21:41:54.852589+00:00,1420882167,-69.657
2026-07-13T21:41:54.852589+00:00,1420883632,-69.632
2026-07-13T21:41:54.852589+00:00,1420885096,-69.59
2026-07-13T21:41:54.852589+00:00,1420886561,-69.608
2026-07-13T21:41:54.852589+00:00,1420888026,-69.618
2026-07-13T21:41:54.852589+00:00,1420889491,-69.593
2026-07-13T21:41:54.852589+00:00,1420890956,-69.614
2026-07-13T21:41:54.852589+00:00,1420892421,-69.589
2026-07-13T21:41:54.852589+00:00,1420893885,-69.575
2026-07-13T21:41:54.852589+00:00,1420895350,-69.675
2026-07-13T21:41:54.852589+00:00,1420896815,-69.652
2026-07-13T21:41:54.852589+00:00,1420898280,-69.566
2026-07-13T21:41:54.852589+00:00,1420899745,-69.616
2026-07-13T21:41:54.852589+00:00,1420901210,-69.683
2026-07-13T21:41:54.852589+00:00,1420902675,-69.646
2026-07-13T21:41:54.852589+00:00,1420904139,-69.599
2026-07-13T21:41:54.852589+00:00,1420905604,-69.568
2026-07-13T21:41:54.852589+00:00,1420907069,-69.472
2026-07-13T21:41:54.852589+00:00,1420908534,-69.523
2026-07-13T21:41:54.852589+00:00,1420909999,-69.62
2026-07-13T21:41:54.852589+00:00,1420911464,-69.584
2026-07-13T21:41:54.852589+00:00,1420912928,-69.59
2026-07-13T21:41:54.852589+00:00,1420914393,-69.638
2026-07-13T21:41:54.852589+00:00,1420915858,-69.61
2026-07-13T21:41:54.852589+00:00,1420917323,-69.565
2026-07-13T21:41:54.852589+00:00,1420918788,-69.556
2026-07-13T21:41:54.852589+00:00,1420920253,-69.599
2026-07-13T21:41:54.852589+00:00,1420921717,-69.656
2026-07-13T21:41:54.852589+00:00,1420923182,-69.666
2026-07-13T21:41:54.852589+00:00,1420924647,-69.698
2026-07-13T21:41:54.852589+00:00,1420926112,-69.659
2026-07-13T21:41:54.852589+00:00,1420927577,-69.624
2026-07-13T21:41:54.852589+00:00,1420929042,-69.661
2026-07-13T21:41:54.852589+00:00,1420930507,-69.648
2026-07-13T21:41:54.852589+00:00,1420931971,-69.627
2026-07-13T21:41:54.852589+00:00,1420933436,-69.722
2026-07-13T21:41:54.852589+00:00,1420934901,-69.733
2026-07-13T21:41:54.852589+00:00,1420936366,-69.621
2026-07-13T21:41:54.852589+00:00,1420937831,-69.596
2026-07-13T21:41:54.852589+00:00,1420939296,-69.612
2026-07-13T21:41:54.852589+00:00,1420940760,-69.588
2026-07-13T21:41:54.852589+00:00,1420942225,-69.657
2026-07-13T21:41:54.852589+00:00,1420943690,-69.649
2026-07-13T21:41:54.852589+00:00,1420945155,-69.665
2026-07-13T21:41:54.852589+00:00,1420946620,-69.684
2026-07-13T21:41:54.852589+00:00,1420948085,-69.669
2026-07-13T21:41:54.852589+00:00,1420949550,-69.617
2026-07-13T21:41:54.852589+00:00,1420951014,-69.717
2026-07-13T21:41:54.852589+00:00,1420952479,-69.723
2026-07-13T21:41:54.852589+00:00,1420953944,-69.632
2026-07-13T21:41:54.852589+00:00,1420955409,-69.656
2026-07-13T21:41:54.852589+00:00,1420956874,-69.645
2026-07-13T21:41:54.852589+00:00,1420958339,-69.629
2026-07-13T21:41:54.852589+00:00,1420959803,-69.716
2026-07-13T21:41:54.852589+00:00,1420961268,-69.737
2026-07-13T21:41:54.852589+00:00,1420962733,-69.696
2026-07-13T21:41:54.852589+00:00,1420964198,-69.703
2026-07-13T21:41:54.852589+00:00,1420965663,-69.651
2026-07-13T21:41:54.852589+00:00,1420967128,-69.648
2026-07-13T21:41:54.852589+00:00,1420968592,-69.678
2026-07-13T21:41:54.852589+00:00,1420970057,-69.715
2026-07-13T21:41:54.852589+00:00,1420971522,-69.687
2026-07-13T21:41:54.852589+00:00,1420972987,-69.652
2026-07-13T21:41:54.852589+00:00,1420974452,-69.635
2026-07-13T21:41:54.852589+00:00,1420975917,-69.684
2026-07-13T21:41:54.852589+00:00,1420977382,-69.661
2026-07-13T21:41:54.852589+00:00,1420978846,-69.684
2026-07-13T21:41:54.852589+00:00,1420980311,-69.682
2026-07-13T21:41:54.852589+00:00,1420981776,-69.698
2026-07-13T21:41:54.852589+00:00,1420983241,-69.668
2026-07-13T21:41:54.852589+00:00,1420984706,-69.691
2026-07-13T21:41:54.852589+00:00,1420986171,-69.784
2026-07-13T21:41:54.852589+00:00,1420987635,-69.806
2026-07-13T21:41:54.852589+00:00,1420989100,-69.712
2026-07-13T21:41:54.852589+00:00,1420990565,-69.674
2026-07-13T21:41:54.852589+00:00,1420992030,-69.624
2026-07-13T21:41:54.852589+00:00,1420993495,-69.757
2026-07-13T21:41:54.852589+00:00,1420994960,-69.756
2026-07-13T21:41:54.852589+00:00,1420996425,-69.699
2026-07-13T21:41:54.852589+00:00,1420997889,-69.769
2026-07-13T21:41:54.852589+00:00,1420999354,-69.811
2026-07-13T21:41:54.852589+00:00,1421000819,-69.759
2026-07-13T21:41:54.852589+00:00,1421002284,-69.756
2026-07-13T21:41:54.852589+00:00,1421003749,-69.75
2026-07-13T21:41:54.852589+00:00,1421005214,-69.77
2026-07-13T21:41:54.852589+00:00,1421006678,-69.761
2026-07-13T21:41:54.852589+00:00,1421008143,-69.711
2026-07-13T21:41:54.852589+00:00,1421009608,-69.764
2026-07-13T21:41:54.852589+00:00,1421011073,-69.73
2026-07-13T21:41:54.852589+00:00,1421012538,-69.743
2026-07-13T21:41:54.852589+00:00,1421014003,-69.802
2026-07-13T21:41:54.852589+00:00,1421015467,-69.748
2026-07-13T21:41:54.852589+00:00,1421016932,-69.744
2026-07-13T21:41:54.852589+00:00,1421018397,-69.737
2026-07-13T21:41:54.852589+00:00,1421019862,-69.778
2026-07-13T21:41:54.852589+00:00,1421021327,-69.79
2026-07-13T21:41:54.852589+00:00,1421022792,-69.802
2026-07-13T21:41:54.852589+00:00,1421024257,-69.791
2026-07-13T21:41:54.852589+00:00,1421025721,-69.845
2026-07-13T21:41:54.852589+00:00,1421027186,-69.808
2026-07-13T21:41:54.852589+00:00,1421028651,-69.861
2026-07-13T21:41:54.852589+00:00,1421030116,-69.863
2026-07-13T21:41:54.852589+00:00,1421031581,-69.806
2026-07-13T21:41:54.852589+00:00,1421033046,-69.797
2026-07-13T21:41:54.852589+00:00,1421034510,-69.804
2026-07-13T21:41:54.852589+00:00,1421035975,-69.867
2026-07-13T21:41:54.852589+00:00,1421037440,-69.885
2026-07-13T21:41:54.852589+00:00,1421038905,-69.864
2026-07-13T21:41:54.852589+00:00,1421040370,-69.9
2026-07-13T21:41:54.852589+00:00,1421041835,-69.864
2026-07-13T21:41:54.852589+00:00,1421043300,-69.82
2026-07-13T21:41:54.852589+00:00,1421044764,-69.812
2026-07-13T21:41:54.852589+00:00,1421046229,-69.856
2026-07-13T21:41:54.852589+00:00,1421047694,-69.864
2026-07-13T21:41:54.852589+00:00,1421049159,-69.864
2026-07-13T21:41:54.852589+00:00,1421050624,-69.852
2026-07-13T21:41:54.852589+00:00,1421052089,-69.903
2026-07-13T21:41:54.852589+00:00,1421053553,-69.911
2026-07-13T21:41:54.852589+00:00,1421055018,-69.877
2026-07-13T21:41:54.852589+00:00,1421056483,-69.87
2026-07-13T21:41:54.852589+00:00,1421057948,-69.891
2026-07-13T21:41:54.852589+00:00,1421059413,-69.94
2026-07-13T21:41:54.852589+00:00,1421060878,-69.94
2026-07-13T21:41:54.852589+00:00,1421062342,-69.851
2026-07-13T21:41:54.852589+00:00,1421063807,-69.896
2026-07-13T21:41:54.852589+00:00,1421065272,-69.899
2026-07-13T21:41:54.852589+00:00,1421066737,-69.863
2026-07-13T21:41:54.852589+00:00,1421068202,-69.916
2026-07-13T21:41:54.852589+00:00,1421069667,-69.919
2026-07-13T21:41:54.852589+00:00,1421071132,-69.924
2026-07-13T21:41:54.852589+00:00,1421072596,-69.925
2026-07-13T21:41:54.852589+00:00,1421074061,-69.968
2026-07-13T21:41:54.852589+00:00,1421075526,-69.939
2026-07-13T21:41:54.852589+00:00,1421076991,-69.933
2026-07-13T21:41:54.852589+00:00,1421078456,-69.955
2026-07-13T21:41:54.852589+00:00,1421079921,-69.907
2026-07-13T21:41:54.852589+00:00,1421081385,-69.976
2026-07-13T21:41:54.852589+00:00,1421082850,-70.042
2026-07-13T21:41:54.852589+00:00,1421084315,-70.025
2026-07-13T21:41:54.852589+00:00,1421085780,-70.021
2026-07-13T21:41:54.852589+00:00,1421087245,-69.953
2026-07-13T21:41:54.852589+00:00,1421088710,-70.028
2026-07-13T21:41:54.852589+00:00,1421090175,-70.044
2026-07-13T21:41:54.852589+00:00,1421091639,-70.038
2026-07-13T21:41:54.852589+00:00,1421093104,-70.064
2026-07-13T21:41:54.852589+00:00,1421094569,-70.003
2026-07-13T21:41:54.852589+00:00,1421096034,-70.0
2026-07-13T21:41:54.852589+00:00,1421097499,-69.984
2026-07-13T21:41:54.852589+00:00,1421098964,-69.977
2026-07-13T21:41:54.852589+00:00,1421100428,-69.927
2026-07-13T21:41:54.852589+00:00,1421101893,-69.975
2026-07-13T21:41:54.852589+00:00,1421103358,-70.009
2026-07-13T21:41:54.852589+00:00,1421104823,-70.039
2026-07-13T21:41:54.852589+00:00,1421106288,-70.021
2026-07-13T21:41:54.852589+00:00,1421107753,-70.051
2026-07-13T21:41:54.852589+00:00,1421109217,-70.005
2026-07-13T21:41:54.852589+00:00,1421110682,-70.031
2026-07-13T21:41:54.852589+00:00,1421112147,-70.08
2026-07-13T21:41:54.852589+00:00,1421113612,-70.081
2026-07-13T21:41:54.852589+00:00,1421115077,-70.091
2026-07-13T21:41:54.852589+00:00,1421116542,-70.081
2026-07-13T21:41:54.852589+00:00,1421118007,-70.127
2026-07-13T21:41:54.852589+00:00,1421119471,-70.132
2026-07-13T21:41:54.852589+00:00,1421120936,-70.063
2026-07-13T21:41:54.852589+00:00,1421122401,-70.153
2026-07-13T21:41:54.852589+00:00,1421123866,-70.164
2026-07-13T21:41:54.852589+00:00,1421125331,-70.044
2026-07-13T21:41:54.852589+00:00,1421126796,-70.147
2026-07-13T21:41:54.852589+00:00,1421128260,-70.134
2026-07-13T21:41:54.852589+00:00,1421129725,-70.024
2026-07-13T21:41:54.852589+00:00,1421131190,-70.041
2026-07-13T21:41:54.852589+00:00,1421132655,-70.101
2026-07-13T21:41:54.852589+00:00,1421134120,-70.044
2026-07-13T21:41:54.852589+00:00,1421135585,-70.083
2026-07-13T21:41:54.852589+00:00,1421137050,-70.105
2026-07-13T21:41:54.852589+00:00,1421138514,-70.125
2026-07-13T21:41:54.852589+00:00,1421139979,-70.094
2026-07-13T21:41:54.852589+00:00,1421141444,-70.163
2026-07-13T21:41:54.852589+00:00,1421142909,-70.159
2026-07-13T21:41:54.852589+00:00,1421144374,-70.169
2026-07-13T21:41:54.852589+00:00,1421145839,-70.15
2026-07-13T21:41:54.852589+00:00,1421147303,-70.091
2026-07-13T21:41:54.852589+00:00,1421148768,-70.14
2026-07-13T21:41:54.852589+00:00,1421150233,-70.188
2026-07-13T21:41:54.852589+00:00,1421151698,-70.118
2026-07-13T21:41:54.852589+00:00,1421153163,-70.125
2026-07-13T21:41:54.852589+00:00,1421154628,-70.206
2026-07-13T21:41:54.852589+00:00,1421156092,-70.164
2026-07-13T21:41:54.852589+00:00,1421157557,-70.082
2026-07-13T21:41:54.852589+00:00,1421159022,-70.169
2026-07-13T21:41:54.852589+00:00,1421160487,-70.215
2026-07-13T21:41:54.852589+00:00,1421161952,-70.155
2026-07-13T21:41:54.852589+00:00,1421163417,-70.181
2026-07-13T21:41:54.852589+00:00,1421164882,-70.166
2026-07-13T21:41:54.852589+00:00,1421166346,-70.162
2026-07-13T21:41:54.852589+00:00,1421167811,-70.175
2026-07-13T21:41:54.852589+00:00,1421169276,-70.21
2026-07-13T21:41:54.852589+00:00,1421170741,-70.188
2026-07-13T21:41:54.852589+00:00,1421172206,-70.259
2026-07-13T21:41:54.852589+00:00,1421173671,-70.285
2026-07-13T21:41:54.852589+00:00,1421175135,-70.223
2026-07-13T21:41:54.852589+00:00,1421176600,-70.211
2026-07-13T21:41:54.852589+00:00,1421178065,-70.242
2026-07-13T21:41:54.852589+00:00,1421179530,-70.242
2026-07-13T21:41:54.852589+00:00,1421180995,-70.27
2026-07-13T21:41:54.852589+00:00,1421182460,-70.252
2026-07-13T21:41:54.852589+00:00,1421183925,-70.232
2026-07-13T21:41:54.852589+00:00,1421185389,-70.23
2026-07-13T21:41:54.852589+00:00,1421186854,-70.2
2026-07-13T21:41:54.852589+00:00,1421188319,-70.268
2026-07-13T21:41:54.852589+00:00,1421189784,-70.257
2026-07-13T21:41:54.852589+00:00,1421191249,-70.217
2026-07-13T21:41:54.852589+00:00,1421192714,-70.286
2026-07-13T21:41:54.852589+00:00,1421194178,-70.237
2026-07-13T21:41:54.852589+00:00,1421195643,-70.235
2026-07-13T21:41:54.852589+00:00,1421197108,-70.22
2026-07-13T21:41:54.852589+00:00,1421198573,-70.16
2026-07-13T21:41:54.852589+00:00,1421200038,-70.226
2026-07-13T21:41:54.852589+00:00,1421201503,-70.27
2026-07-13T21:41:54.852589+00:00,1421202967,-70.224
2026-07-13T21:41:54.852589+00:00,1421204432,-70.251
2026-07-13T21:41:54.852589+00:00,1421205897,-70.233
2026-07-13T21:41:54.852589+00:00,1421207362,-70.194
2026-07-13T21:41:54.852589+00:00,1421208827,-70.275
2026-07-13T21:41:54.852589+00:00,1421210292,-70.231
2026-07-13T21:41:54.852589+00:00,1421211757,-70.238
2026-07-13T21:41:54.852589+00:00,1421213221,-70.268
2026-07-13T21:41:54.852589+00:00,1421214686,-70.257
2026-07-13T21:41:54.852589+00:00,1421216151,-70.259
2026-07-13T21:41:54.852589+00:00,1421217616,-70.223
2026-07-13T21:41:54.852589+00:00,1421219081,-70.249
2026-07-13T21:41:54.852589+00:00,1421220546,-70.277
2026-07-13T21:41:54.852589+00:00,1421222010,-70.197
2026-07-13T21:41:54.852589+00:00,1421223475,-70.232
2026-07-13T21:41:54.852589+00:00,1421224940,-70.198
2026-07-13T21:41:54.852589+00:00,1421226405,-70.225
2026-07-13T21:41:54.852589+00:00,1421227870,-70.252
2026-07-13T21:41:54.852589+00:00,1421229335,-70.203
2026-07-13T21:41:54.852589+00:00,1421230800,-70.276
2026-07-13T21:41:54.852589+00:00,1421232264,-70.304
2026-07-13T21:41:54.852589+00:00,1421233729,-70.306
2026-07-13T21:41:54.852589+00:00,1421235194,-70.266
2026-07-13T21:41:54.852589+00:00,1421236659,-70.238
2026-07-13T21:41:54.852589+00:00,1421238124,-70.251
2026-07-13T21:41:54.852589+00:00,1421239589,-70.225
2026-07-13T21:41:54.852589+00:00,1421241053,-70.289
2026-07-13T21:41:54.852589+00:00,1421242518,-70.299
2026-07-13T21:41:54.852589+00:00,1421243983,-70.265
2026-07-13T21:41:54.852589+00:00,1421245448,-70.279
2026-07-13T21:41:54.852589+00:00,1421246913,-70.341
2026-07-13T21:41:54.852589+00:00,1421248378,-70.284
2026-07-13T21:41:54.852589+00:00,1421249842,-70.221
2026-07-13T21:41:54.852589+00:00,1421251307,-70.257
2026-07-13T21:41:54.852589+00:00,1421252772,-70.229
2026-07-13T21:41:54.852589+00:00,1421254237,-70.269
2026-07-13T21:41:54.852589+00:00,1421255702,-70.27
2026-07-13T21:41:54.852589+00:00,1421257167,-70.288
2026-07-13T21:41:54.852589+00:00,1421258632,-70.267
2026-07-13T21:41:54.852589+00:00,1421260096,-70.251
2026-07-13T21:41:54.852589+00:00,1421261561,-70.276
2026-07-13T21:41:54.852589+00:00,1421263026,-70.248
2026-07-13T21:41:54.852589+00:00,1421264491,-70.285
2026-07-13T21:41:54.852589+00:00,1421265956,-70.265
2026-07-13T21:41:54.852589+00:00,1421267421,-70.251
2026-07-13T21:41:54.852589+00:00,1421268885,-70.234
2026-07-13T21:41:54.852589+00:00,1421270350,-70.205
2026-07-13T21:41:54.852589+00:00,1421271815,-70.189
2026-07-13T21:41:54.852589+00:00,1421273280,-70.204
2026-07-13T21:41:54.852589+00:00,1421274745,-70.195
2026-07-13T21:41:54.852589+00:00,1421276210,-70.241
2026-07-13T21:41:54.852589+00:00,1421277675,-70.224
2026-07-13T21:41:54.852589+00:00,1421279139,-70.2
2026-07-13T21:41:54.852589+00:00,1421280604,-70.22
2026-07-13T21:41:54.852589+00:00,1421282069,-70.267
2026-07-13T21:41:54.852589+00:00,1421283534,-70.304
2026-07-13T21:41:54.852589+00:00,1421284999,-70.246
2026-07-13T21:41:54.852589+00:00,1421286464,-70.259
2026-07-13T21:41:54.852589+00:00,1421287928,-70.242
2026-07-13T21:41:54.852589+00:00,1421289393,-70.181
2026-07-13T21:41:54.852589+00:00,1421290858,-70.253
2026-07-13T21:41:54.852589+00:00,1421292323,-70.263
2026-07-13T21:41:54.852589+00:00,1421293788,-70.25
2026-07-13T21:41:54.852589+00:00,1421295253,-70.267
2026-07-13T21:41:54.852589+00:00,1421296717,-70.273
2026-07-13T21:41:54.852589+00:00,1421298182,-70.249
2026-07-13T21:41:54.852589+00:00,1421299647,-70.288
2026-07-13T21:41:54.852589+00:00,1421301112,-70.268
2026-07-13T21:41:54.852589+00:00,1421302577,-70.247
2026-07-13T21:41:54.852589+00:00,1421304042,-70.237
2026-07-13T21:41:54.852589+00:00,1421305507,-70.246
2026-07-13T21:41:54.852589+00:00,1421306971,-70.209
2026-07-13T21:41:54.852589+00:00,1421308436,-70.147
2026-07-13T21:41:54.852589+00:00,1421309901,-70.193
2026-07-13T21:41:54.852589+00:00,1421311366,-70.25
2026-07-13T21:41:54.852589+00:00,1421312831,-70.296
2026-07-13T21:41:54.852589+00:00,1421314296,-70.272
2026-07-13T21:41:54.852589+00:00,1421315760,-70.232
2026-07-13T21:41:54.852589+00:00,1421317225,-70.243
2026-07-13T21:41:54.852589+00:00,1421318690,-70.229
2026-07-13T21:41:54.852589+00:00,1421320155,-70.26
2026-07-13T21:41:54.852589+00:00,1421321620,-70.25
2026-07-13T21:41:54.852589+00:00,1421323085,-70.253
2026-07-13T21:41:54.852589+00:00,1421324550,-70.186
2026-07-13T21:41:54.852589+00:00,1421326014,-70.156
2026-07-13T21:41:54.852589+00:00,1421327479,-70.174
2026-07-13T21:41:54.852589+00:00,1421328944,-70.196
2026-07-13T21:41:54.852589+00:00,1421330409,-70.159
2026-07-13T21:41:54.852589+00:00,1421331874,-70.161
2026-07-13T21:41:54.852589+00:00,1421333339,-70.172
2026-07-13T21:41:54.852589+00:00,1421334803,-70.149
2026-07-13T21:41:54.852589+00:00,1421336268,-70.125
2026-07-13T21:41:54.852589+00:00,1421337733,-70.149
2026-07-13T21:41:54.852589+00:00,1421339198,-70.182
2026-07-13T21:41:54.852589+00:00,1421340663,-70.151
2026-07-13T21:41:54.852589+00:00,1421342128,-70.178
2026-07-13T21:41:54.852589+00:00,1421343592,-70.152
2026-07-13T21:41:54.852589+00:00,1421345057,-70.158
2026-07-13T21:41:54.852589+00:00,1421346522,-70.169
2026-07-13T21:41:54.852589+00:00,1421347987,-70.174
2026-07-13T21:41:54.852589+00:00,1421349452,-70.087
2026-07-13T21:41:54.852589+00:00,1421350917,-70.074
2026-07-13T21:41:54.852589+00:00,1421352382,-70.075
2026-07-13T21:41:54.852589+00:00,1421353846,-70.163
2026-07-13T21:41:54.852589+00:00,1421355311,-70.173
2026-07-13T21:41:54.852589+00:00,1421356776,-70.157
2026-07-13T21:41:54.852589+00:00,1421358241,-70.157
2026-07-13T21:41:54.852589+00:00,1421359706,-70.216
2026-07-13T21:41:54.852589+00:00,1421361171,-70.234
2026-07-13T21:41:54.852589+00:00,1421362635,-70.192
2026-07-13T21:41:54.852589+00:00,1421364100,-70.137
2026-07-13T21:41:54.852589+00:00,1421365565,-70.084
2026-07-13T21:41:54.852589+00:00,1421367030,-70.127
2026-07-13T21:41:54.852589+00:00,1421368495,-70.191
2026-07-13T21:41:54.852589+00:00,1421369960,-70.165
2026-07-13T21:41:54.852589+00:00,1421371425,-70.144
2026-07-13T21:41:54.852589+00:00,1421372889,-70.202
2026-07-13T21:41:54.852589+00:00,1421374354,-70.143
2026-07-13T21:41:54.852589+00:00,1421375819,-70.134
2026-07-13T21:41:54.852589+00:00,1421377284,-70.155
2026-07-13T21:41:54.852589+00:00,1421378749,-70.147
2026-07-13T21:41:54.852589+00:00,1421380214,-70.138
2026-07-13T21:41:54.852589+00:00,1421381678,-70.127
2026-07-13T21:41:54.852589+00:00,1421383143,-70.154
2026-07-13T21:41:54.852589+00:00,1421384608,-70.173
2026-07-13T21:41:54.852589+00:00,1421386073,-70.221
2026-07-13T21:41:54.852589+00:00,1421387538,-70.17
2026-07-13T21:41:54.852589+00:00,1421389003,-70.135
2026-07-13T21:41:54.852589+00:00,1421390467,-70.157
2026-07-13T21:41:54.852589+00:00,1421391932,-70.194
2026-07-13T21:41:54.852589+00:00,1421393397,-70.162
2026-07-13T21:41:54.852589+00:00,1421394862,-70.105
2026-07-13T21:41:54.852589+00:00,1421396327,-70.132
2026-07-13T21:41:54.852589+00:00,1421397792,-70.096
2026-07-13T21:41:54.852589+00:00,1421399257,-70.145
2026-07-13T21:41:54.852589+00:00,1421400721,-70.169
2026-07-13T21:41:54.852589+00:00,1421402186,-70.177
2026-07-13T21:41:54.852589+00:00,1421403651,-70.145
2026-07-13T21:41:54.852589+00:00,1421405116,-70.133
2026-07-13T21:41:54.852589+00:00,1421406581,-70.178
2026-07-13T21:41:54.852589+00:00,1421408046,-70.095
2026-07-13T21:41:54.852589+00:00,1421409510,-70.126
2026-07-13T21:41:54.852589+00:00,1421410975,-70.151
2026-07-13T21:41:54.852589+00:00,1421412440,-70.12
2026-07-13T21:41:54.852589+00:00,1421413905,-70.144
2026-07-13T21:41:54.852589+00:00,1421415370,-70.139
2026-07-13T21:41:54.852589+00:00,1421416835,-70.116
2026-07-13T21:41:54.852589+00:00,1421418300,-70.195
2026-07-13T21:41:54.852589+00:00,1421419764,-70.178
2026-07-13T21:41:54.852589+00:00,1421421229,-70.2
2026-07-13T21:41:54.852589+00:00,1421422694,-70.192
2026-07-13T21:41:54.852589+00:00,1421424159,-70.162
2026-07-13T21:41:54.852589+00:00,1421425624,-70.18
2026-07-13T21:41:54.852589+00:00,1421427089,-70.187
2026-07-13T21:41:54.852589+00:00,1421428553,-70.222
2026-07-13T21:41:54.852589+00:00,1421430018,-70.19
2026-07-13T21:41:54.852589+00:00,1421431483,-70.188
2026-07-13T21:41:54.852589+00:00,1421432948,-70.119
2026-07-13T21:41:54.852589+00:00,1421434413,-70.117
2026-07-13T21:41:54.852589+00:00,1421435878,-70.16
2026-07-13T21:41:54.852589+00:00,1421437342,-70.122
2026-07-13T21:41:54.852589+00:00,1421438807,-70.132
2026-07-13T21:41:54.852589+00:00,1421440272,-70.191
2026-07-13T21:41:54.852589+00:00,1421441737,-70.123
2026-07-13T21:41:54.852589+00:00,1421443202,-70.175
2026-07-13T21:41:54.852589+00:00,1421444667,-70.174
2026-07-13T21:41:54.852589+00:00,1421446132,-70.22
2026-07-13T21:41:54.852589+00:00,1421447596,-70.167
2026-07-13T21:41:54.852589+00:00,1421449061,-70.195
2026-07-13T21:41:54.852589+00:00,1421450526,-70.146
2026-07-13T21:41:54.852589+00:00,1421451991,-70.154
2026-07-13T21:41:54.852589+00:00,1421453456,-70.16
2026-07-13T21:41:54.852589+00:00,1421454921,-70.15
2026-07-13T21:41:54.852589+00:00,1421456385,-70.141
2026-07-13T21:41:54.852589+00:00,1421457850,-70.219
2026-07-13T21:41:54.852589+00:00,1421459315,-70.234
2026-07-13T21:41:54.852589+00:00,1421460780,-70.232
2026-07-13T21:41:54.852589+00:00,1421462245,-70.241
2026-07-13T21:41:54.852589+00:00,1421463710,-70.221
2026-07-13T21:41:54.852589+00:00,1421465175,-70.158
2026-07-13T21:41:54.852589+00:00,1421466639,-70.177
2026-07-13T21:41:54.852589+00:00,1421468104,-70.17
2026-07-13T21:41:54.852589+00:00,1421469569,-70.201
2026-07-13T21:41:54.852589+00:00,1421471034,-70.193
2026-07-13T21:41:54.852589+00:00,1421472499,-70.183
2026-07-13T21:41:54.852589+00:00,1421473964,-70.188
2026-07-13T21:41:54.852589+00:00,1421475428,-70.159
2026-07-13T21:41:54.852589+00:00,1421476893,-70.138
2026-07-13T21:41:54.852589+00:00,1421478358,-70.162
2026-07-13T21:41:54.852589+00:00,1421479823,-70.201
2026-07-13T21:41:54.852589+00:00,1421481288,-70.212
2026-07-13T21:41:54.852589+00:00,1421482753,-70.148
2026-07-13T21:41:54.852589+00:00,1421484217,-70.106
2026-07-13T21:41:54.852589+00:00,1421485682,-70.092
2026-07-13T21:41:54.852589+00:00,1421487147,-70.06
2026-07-13T21:41:54.852589+00:00,1421488612,-70.038
2026-07-13T21:41:54.852589+00:00,1421490077,-70.046
2026-07-13T21:41:54.852589+00:00,1421491542,-69.975
2026-07-13T21:41:54.852589+00:00,1421493007,-69.936
2026-07-13T21:41:54.852589+00:00,1421494471,-69.985
2026-07-13T21:41:54.852589+00:00,1421495936,-69.88
2026-07-13T21:41:54.852589+00:00,1421497401,-69.82
2026-07-13T21:41:54.852589+00:00,1421498866,-69.77
2026-07-13T21:41:54.852589+00:00,1421500331,-69.74
2026-07-13T21:41:54.852589+00:00,1421501796,-69.636
2026-07-13T21:41:54.852589+00:00,1421503260,-69.56
2026-07-13T21:41:54.852589+00:00,1421504725,-69.477
2026-07-13T21:41:54.852589+00:00,1421506190,-69.447
2026-07-13T21:41:54.852589+00:00,1421507655,-69.348
2026-07-13T21:41:54.852589+00:00,1421509120,-69.237
2026-07-13T21:41:54.852589+00:00,1421510585,-69.159
2026-07-13T21:41:54.852589+00:00,1421512050,-69.136
2026-07-13T21:41:54.852589+00:00,1421513514,-69.033
2026-07-13T21:41:54.852589+00:00,1421514979,-68.924
2026-07-13T21:41:54.852589+00:00,1421516444,-68.778
2026-07-13T21:41:54.852589+00:00,1421517909,-68.606
2026-07-13T21:41:54.852589+00:00,1421519374,-68.5
2026-07-13T21:41:54.852589+00:00,1421520839,-68.425
2026-07-13T21:41:54.852589+00:00,1421522303,-68.312
2026-07-13T21:41:54.852589+00:00,1421523768,-68.193
2026-07-13T21:41:54.852589+00:00,1421525233,-68.076
2026-07-13T21:41:54.852589+00:00,1421526698,-67.935
2026-07-13T21:41:54.852589+00:00,1421528163,-67.811
2026-07-13T21:41:54.852589+00:00,1421529628,-67.695
2026-07-13T21:41:54.852589+00:00,1421531092,-67.602
2026-07-13T21:41:54.852589+00:00,1421532557,-67.579
2026-07-13T21:41:54.852589+00:00,1421534022,-67.515
2026-07-13T21:41:54.852589+00:00,1421535487,-67.441
2026-07-13T21:41:54.852589+00:00,1421536952,-67.288
2026-07-13T21:41:54.852589+00:00,1421538417,-67.148
2026-07-13T21:41:54.852589+00:00,1421539882,-67.139
2026-07-13T21:41:54.852589+00:00,1421541346,-67.099
2026-07-13T21:41:54.852589+00:00,1421542811,-66.997
2026-07-13T21:41:54.852589+00:00,1421544276,-66.987
2026-07-13T21:41:54.852589+00:00,1421545741,-66.98
2026-07-13T21:41:54.852589+00:00,1421547206,-67.029
2026-07-13T21:41:54.852589+00:00,1421548671,-66.954
2026-07-13T21:41:54.852589+00:00,1421550135,-66.914
2026-07-13T21:41:54.852589+00:00,1421551600,-66.926
2026-07-13T21:41:54.852589+00:00,1421553065,-66.878
2026-07-13T21:41:54.852589+00:00,1421554530,-66.912
2026-07-13T21:41:54.852589+00:00,1421555995,-66.911
2026-07-13T21:41:54.852589+00:00,1421557460,-66.858
2026-07-13T21:41:54.852589+00:00,1421558925,-66.831
2026-07-13T21:41:54.852589+00:00,1421560389,-66.831
2026-07-13T21:41:54.852589+00:00,1421561854,-66.901
2026-07-13T21:41:54.852589+00:00,1421563319,-66.916
2026-07-13T21:41:54.852589+00:00,1421564784,-66.883
2026-07-13T21:41:54.852589+00:00,1421566249,-66.88
2026-07-13T21:41:54.852589+00:00,1421567714,-66.858
2026-07-13T21:41:54.852589+00:00,1421569178,-66.802
2026-07-13T21:41:54.852589+00:00,1421570643,-66.884
2026-07-13T21:41:54.852589+00:00,1421572108,-66.908
2026-07-13T21:41:54.852589+00:00,1421573573,-66.821
2026-07-13T21:41:54.852589+00:00,1421575038,-66.818
2026-07-13T21:41:54.852589+00:00,1421576503,-66.797
2026-07-13T21:41:54.852589+00:00,1421577967,-66.796
2026-07-13T21:41:54.852589+00:00,1421579432,-66.726
2026-07-13T21:41:54.852589+00:00,1421580897,-66.673
2026-07-13T21:41:54.852589+00:00,1421582362,-66.639
2026-07-13T21:41:54.852589+00:00,1421583827,-66.624
2026-07-13T21:41:54.852589+00:00,1421585292,-66.488
2026-07-13T21:41:54.852589+00:00,1421586757,-66.417
2026-07-13T21:41:54.852589+00:00,1421588221,-66.363
2026-07-13T21:41:54.852589+00:00,1421589686,-66.203
2026-07-13T21:41:54.852589+00:00,1421591151,-66.035
2026-07-13T21:41:54.852589+00:00,1421592616,-65.869
2026-07-13T21:41:54.852589+00:00,1421594081,-65.667
2026-07-13T21:41:54.852589+00:00,1421595546,-65.394
2026-07-13T21:41:54.852589+00:00,1421597010,-64.995
2026-07-13T21:41:54.852589+00:00,1421598475,-64.556
2026-07-13T21:41:54.852589+00:00,1421599940,-64.005
2026-07-13T21:41:54.852589+00:00,1421601405,-63.166
2026-07-13T21:41:54.852589+00:00,1421602870,-61.65
2026-07-13T21:41:54.852589+00:00,1421604335,-57.395
2026-07-13T21:41:54.852589+00:00,1421605800,-53.446
2026-07-13T21:41:54.852589+00:00,1421607264,-57.442
2026-07-13T21:41:54.852589+00:00,1421608729,-61.694
2026-07-13T21:41:54.852589+00:00,1421610194,-63.146
2026-07-13T21:41:54.852589+00:00,1421611659,-64.033
2026-07-13T21:41:54.852589+00:00,1421613124,-64.559
2026-07-13T21:41:54.852589+00:00,1421614589,-64.967
2026-07-13T21:41:54.852589+00:00,1421616053,-65.318
2026-07-13T21:41:54.852589+00:00,1421617518,-65.662
2026-07-13T21:41:54.852589+00:00,1421618983,-65.865
2026-07-13T21:41:54.852589+00:00,1421620448,-65.938
2026-07-13T21:41:54.852589+00:00,1421621913,-66.082
2026-07-13T21:41:54.852589+00:00,1421623378,-66.269
2026-07-13T21:41:54.852589+00:00,1421624842,-66.354
2026-07-13T21:41:54.852589+00:00,1421626307,-66.418
2026-07-13T21:41:54.852589+00:00,1421627772,-66.411
2026-07-13T21:41:54.852589+00:00,1421629237,-66.488
2026-07-13T21:41:54.852589+00:00,1421630702,-66.556
2026-07-13T21:41:54.852589+00:00,1421632167,-66.631
2026-07-13T21:41:54.852589+00:00,1421633632,-66.598
2026-07-13T21:41:54.852589+00:00,1421635096,-66.62
2026-07-13T21:41:54.852589+00:00,1421636561,-66.663
2026-07-13T21:41:54.852589+00:00,1421638026,-66.654
2026-07-13T21:41:54.852589+00:00,1421639491,-66.672
2026-07-13T21:41:54.852589+00:00,1421640956,-66.701
2026-07-13T21:41:54.852589+00:00,1421642421,-66.745
2026-07-13T21:41:54.852589+00:00,1421643885,-66.591
2026-07-13T21:41:54.852589+00:00,1421645350,-66.656
2026-07-13T21:41:54.852589+00:00,1421646815,-66.651
2026-07-13T21:41:54.852589+00:00,1421648280,-66.639
2026-07-13T21:41:54.852589+00:00,1421649745,-66.643
2026-07-13T21:41:54.852589+00:00,1421651210,-66.64
2026-07-13T21:41:54.852589+00:00,1421652675,-66.621
2026-07-13T21:41:54.852589+00:00,1421654139,-66.625
2026-07-13T21:41:54.852589+00:00,1421655604,-66.626
2026-07-13T21:41:54.852589+00:00,1421657069,-66.567
2026-07-13T21:41:54.852589+00:00,1421658534,-66.623
2026-07-13T21:41:54.852589+00:00,1421659999,-66.653
2026-07-13T21:41:54.852589+00:00,1421661464,-66.626
2026-07-13T21:41:54.852589+00:00,1421662928,-66.655
2026-07-13T21:41:54.852589+00:00,1421664393,-66.684
2026-07-13T21:41:54.852589+00:00,1421665858,-66.614
2026-07-13T21:41:54.852589+00:00,1421667323,-66.66
2026-07-13T21:41:54.852589+00:00,1421668788,-66.782
2026-07-13T21:41:54.852589+00:00,1421670253,-66.873
2026-07-13T21:41:54.852589+00:00,1421671717,-66.854
2026-07-13T21:41:54.852589+00:00,1421673182,-66.95
2026-07-13T21:41:54.852589+00:00,1421674647,-67.012
2026-07-13T21:41:54.852589+00:00,1421676112,-67.077
2026-07-13T21:41:54.852589+00:00,1421677577,-67.165
2026-07-13T21:41:54.852589+00:00,1421679042,-67.23
2026-07-13T21:41:54.852589+00:00,1421680507,-67.307
2026-07-13T21:41:54.852589+00:00,1421681971,-67.431
2026-07-13T21:41:54.852589+00:00,1421683436,-67.539
2026-07-13T21:41:54.852589+00:00,1421684901,-67.596
2026-07-13T21:41:54.852589+00:00,1421686366,-67.778
2026-07-13T21:41:54.852589+00:00,1421687831,-67.928
2026-07-13T21:41:54.852589+00:00,1421689296,-68.082
2026-07-13T21:41:54.852589+00:00,1421690760,-68.162
2026-07-13T21:41:54.852589+00:00,1421692225,-68.318
2026-07-13T21:41:54.852589+00:00,1421693690,-68.478
2026-07-13T21:41:54.852589+00:00,1421695155,-68.7
2026-07-13T21:41:54.852589+00:00,1421696620,-68.758
2026-07-13T21:41:54.852589+00:00,1421698085,-68.819
2026-07-13T21:41:54.852589+00:00,1421699550,-68.963
2026-07-13T21:41:54.852589+00:00,1421701014,-69.078
2026-07-13T21:41:54.852589+00:00,1421702479,-69.149
2026-07-13T21:41:54.852589+00:00,1421703944,-69.292
2026-07-13T21:41:54.852589+00:00,1421705409,-69.433
2026-07-13T21:41:54.852589+00:00,1421706874,-69.478
2026-07-13T21:41:54.852589+00:00,1421708339,-69.543
2026-07-13T21:41:54.852589+00:00,1421709803,-69.62
2026-07-13T21:41:54.852589+00:00,1421711268,-69.741
2026-07-13T21:41:54.852589+00:00,1421712733,-69.716
2026-07-13T21:41:54.852589+00:00,1421714198,-69.734
2026-07-13T21:41:54.852589+00:00,1421715663,-69.788
2026-07-13T21:41:54.852589+00:00,1421717128,-69.891
2026-07-13T21:41:54.852589+00:00,1421718592,-69.953
2026-07-13T21:41:54.852589+00:00,1421720057,-70.025
2026-07-13T21:41:54.852589+00:00,1421721522,-70.055
2026-07-13T21:41:54.852589+00:00,1421722987,-70.072
2026-07-13T21:41:54.852589+00:00,1421724452,-70.065
2026-07-13T21:41:54.852589+00:00,1421725917,-70.097
2026-07-13T21:41:54.852589+00:00,1421727382,-70.135
2026-07-13T21:41:54.852589+00:00,1421728846,-70.124
2026-07-13T21:41:54.852589+00:00,1421730311,-70.174
2026-07-13T21:41:54.852589+00:00,1421731776,-70.234
2026-07-13T21:41:54.852589+00:00,1421733241,-70.152
2026-07-13T21:41:54.852589+00:00,1421734706,-70.132
2026-07-13T21:41:54.852589+00:00,1421736171,-70.157
2026-07-13T21:41:54.852589+00:00,1421737635,-70.242
2026-07-13T21:41:54.852589+00:00,1421739100,-70.219
2026-07-13T21:41:54.852589+00:00,1421740565,-70.167
2026-07-13T21:41:54.852589+00:00,1421742030,-70.207
2026-07-13T21:41:54.852589+00:00,1421743495,-70.153
2026-07-13T21:41:54.852589+00:00,1421744960,-70.218
2026-07-13T21:41:54.852589+00:00,1421746425,-70.234
2026-07-13T21:41:54.852589+00:00,1421747889,-70.279
2026-07-13T21:41:54.852589+00:00,1421749354,-70.253
2026-07-13T21:41:54.852589+00:00,1421750819,-70.209
2026-07-13T21:41:54.852589+00:00,1421752284,-70.245
2026-07-13T21:41:54.852589+00:00,1421753749,-70.196
2026-07-13T21:41:54.852589+00:00,1421755214,-70.192
2026-07-13T21:41:54.852589+00:00,1421756678,-70.226
2026-07-13T21:41:54.852589+00:00,1421758143,-70.255
2026-07-13T21:41:54.852589+00:00,1421759608,-70.253
2026-07-13T21:41:54.852589+00:00,1421761073,-70.203
2026-07-13T21:41:54.852589+00:00,1421762538,-70.204
2026-07-13T21:41:54.852589+00:00,1421764003,-70.246
2026-07-13T21:41:54.852589+00:00,1421765467,-70.229
2026-07-13T21:41:54.852589+00:00,1421766932,-70.179
2026-07-13T21:41:54.852589+00:00,1421768397,-70.171
2026-07-13T21:41:54.852589+00:00,1421769862,-70.202
2026-07-13T21:41:54.852589+00:00,1421771327,-70.21
2026-07-13T21:41:54.852589+00:00,1421772792,-70.224
2026-07-13T21:41:54.852589+00:00,1421774257,-70.223
2026-07-13T21:41:54.852589+00:00,1421775721,-70.188
2026-07-13T21:41:54.852589+00:00,1421777186,-70.225
2026-07-13T21:41:54.852589+00:00,1421778651,-70.239
2026-07-13T21:41:54.852589+00:00,1421780116,-70.188
2026-07-13T21:41:54.852589+00:00,1421781581,-70.142
2026-07-13T21:41:54.852589+00:00,1421783046,-70.141
2026-07-13T21:41:54.852589+00:00,1421784510,-70.125
2026-07-13T21:41:54.852589+00:00,1421785975,-70.169
2026-07-13T21:41:54.852589+00:00,1421787440,-70.185
2026-07-13T21:41:54.852589+00:00,1421788905,-70.223
2026-07-13T21:41:54.852589+00:00,1421790370,-70.167
2026-07-13T21:41:54.852589+00:00,1421791835,-70.132
2026-07-13T21:41:54.852589+00:00,1421793300,-70.184
2026-07-13T21:41:54.852589+00:00,1421794764,-70.187
2026-07-13T21:41:54.852589+00:00,1421796229,-70.132
2026-07-13T21:41:54.852589+00:00,1421797694,-70.149
2026-07-13T21:41:54.852589+00:00,1421799159,-70.162
2026-07-13T21:41:54.852589+00:00,1421800624,-70.153
2026-07-13T21:41:54.852589+00:00,1421802089,-70.194
2026-07-13T21:41:54.852589+00:00,1421803553,-70.193
2026-07-13T21:41:54.852589+00:00,1421805018,-70.148
2026-07-13T21:41:54.852589+00:00,1421806483,-70.138
2026-07-13T21:41:54.852589+00:00,1421807948,-70.23
2026-07-13T21:41:54.852589+00:00,1421809413,-70.263
2026-07-13T21:41:54.852589+00:00,1421810878,-70.184
2026-07-13T21:41:54.852589+00:00,1421812342,-70.164
2026-07-13T21:41:54.852589+00:00,1421813807,-70.16
2026-07-13T21:41:54.852589+00:00,1421815272,-70.256
2026-07-13T21:41:54.852589+00:00,1421816737,-70.227
2026-07-13T21:41:54.852589+00:00,1421818202,-70.148
2026-07-13T21:41:54.852589+00:00,1421819667,-70.159
2026-07-13T21:41:54.852589+00:00,1421821132,-70.17
2026-07-13T21:41:54.852589+00:00,1421822596,-70.15
2026-07-13T21:41:54.852589+00:00,1421824061,-70.179
2026-07-13T21:41:54.852589+00:00,1421825526,-70.143
2026-07-13T21:41:54.852589+00:00,1421826991,-70.17
2026-07-13T21:41:54.852589+00:00,1421828456,-70.172
2026-07-13T21:41:54.852589+00:00,1421829921,-70.177
2026-07-13T21:41:54.852589+00:00,1421831385,-70.129
2026-07-13T21:41:54.852589+00:00,1421832850,-70.148
2026-07-13T21:41:54.852589+00:00,1421834315,-70.125
2026-07-13T21:41:54.852589+00:00,1421835780,-70.207
2026-07-13T21:41:54.852589+00:00,1421837245,-70.283
2026-07-13T21:41:54.852589+00:00,1421838710,-70.284
2026-07-13T21:41:54.852589+00:00,1421840175,-70.137
2026-07-13T21:41:54.852589+00:00,1421841639,-70.165
2026-07-13T21:41:54.852589+00:00,1421843104,-70.176
2026-07-13T21:41:54.852589+00:00,1421844569,-70.16
2026-07-13T21:41:54.852589+00:00,1421846034,-70.135
2026-07-13T21:41:54.852589+00:00,1421847499,-70.178
2026-07-13T21:41:54.852589+00:00,1421848964,-70.199
2026-07-13T21:41:54.852589+00:00,1421850428,-70.2
2026-07-13T21:41:54.852589+00:00,1421851893,-70.151
2026-07-13T21:41:54.852589+00:00,1421853358,-70.154
2026-07-13T21:41:54.852589+00:00,1421854823,-70.167
2026-07-13T21:41:54.852589+00:00,1421856288,-70.199
2026-07-13T21:41:54.852589+00:00,1421857753,-70.199
2026-07-13T21:41:54.852589+00:00,1421859217,-70.165
2026-07-13T21:41:54.852589+00:00,1421860682,-70.132
2026-07-13T21:41:54.852589+00:00,1421862147,-70.116
2026-07-13T21:41:54.852589+00:00,1421863612,-70.163
2026-07-13T21:41:54.852589+00:00,1421865077,-70.176
2026-07-13T21:41:54.852589+00:00,1421866542,-70.193
2026-07-13T21:41:54.852589+00:00,1421868007,-70.182
2026-07-13T21:41:54.852589+00:00,1421869471,-70.185
2026-07-13T21:41:54.852589+00:00,1421870936,-70.143
2026-07-13T21:41:54.852589+00:00,1421872401,-70.18
2026-07-13T21:41:54.852589+00:00,1421873866,-70.213
2026-07-13T21:41:54.852589+00:00,1421875331,-70.212
2026-07-13T21:41:54.852589+00:00,1421876796,-70.231
2026-07-13T21:41:54.852589+00:00,1421878260,-70.227
2026-07-13T21:41:54.852589+00:00,1421879725,-70.255
2026-07-13T21:41:54.852589+00:00,1421881190,-70.225
2026-07-13T21:41:54.852589+00:00,1421882655,-70.185
2026-07-13T21:41:54.852589+00:00,1421884120,-70.187
2026-07-13T21:41:54.852589+00:00,1421885585,-70.175
2026-07-13T21:41:54.852589+00:00,1421887050,-70.153
2026-07-13T21:41:54.852589+00:00,1421888514,-70.174
2026-07-13T21:41:54.852589+00:00,1421889979,-70.143
2026-07-13T21:41:54.852589+00:00,1421891444,-70.209
2026-07-13T21:41:54.852589+00:00,1421892909,-70.227
2026-07-13T21:41:54.852589+00:00,1421894374,-70.233
2026-07-13T21:41:54.852589+00:00,1421895839,-70.247
2026-07-13T21:41:54.852589+00:00,1421897303,-70.261
2026-07-13T21:41:54.852589+00:00,1421898768,-70.187
2026-07-13T21:41:54.852589+00:00,1421900233,-70.245
2026-07-13T21:41:54.852589+00:00,1421901698,-70.205
2026-07-13T21:41:54.852589+00:00,1421903163,-70.192
2026-07-13T21:41:54.852589+00:00,1421904628,-70.27
2026-07-13T21:41:54.852589+00:00,1421906092,-70.249
2026-07-13T21:41:54.852589+00:00,1421907557,-70.181
2026-07-13T21:41:54.852589+00:00,1421909022,-70.25
2026-07-13T21:41:54.852589+00:00,1421910487,-70.235
2026-07-13T21:41:54.852589+00:00,1421911952,-70.267
2026-07-13T21:41:54.852589+00:00,1421913417,-70.247
2026-07-13T21:41:54.852589+00:00,1421914882,-70.22
2026-07-13T21:41:54.852589+00:00,1421916346,-70.21
2026-07-13T21:41:54.852589+00:00,1421917811,-70.255
2026-07-13T21:41:54.852589+00:00,1421919276,-70.292
2026-07-13T21:41:54.852589+00:00,1421920741,-70.26
2026-07-13T21:41:54.852589+00:00,1421922206,-70.267
2026-07-13T21:41:54.852589+00:00,1421923671,-70.242
2026-07-13T21:41:54.852589+00:00,1421925135,-70.234
2026-07-13T21:41:54.852589+00:00,1421926600,-70.268
2026-07-13T21:41:54.852589+00:00,1421928065,-70.211
2026-07-13T21:41:54.852589+00:00,1421929530,-70.227
2026-07-13T21:41:54.852589+00:00,1421930995,-70.265
2026-07-13T21:41:54.852589+00:00,1421932460,-70.199
2026-07-13T21:41:54.852589+00:00,1421933925,-70.261
2026-07-13T21:41:54.852589+00:00,1421935389,-70.297
2026-07-13T21:41:54.852589+00:00,1421936854,-70.264
2026-07-13T21:41:54.852589+00:00,1421938319,-70.23
2026-07-13T21:41:54.852589+00:00,1421939784,-70.211
2026-07-13T21:41:54.852589+00:00,1421941249,-70.169
2026-07-13T21:41:54.852589+00:00,1421942714,-70.258
2026-07-13T21:41:54.852589+00:00,1421944178,-70.267
2026-07-13T21:41:54.852589+00:00,1421945643,-70.18
2026-07-13T21:41:54.852589+00:00,1421947108,-70.241
2026-07-13T21:41:54.852589+00:00,1421948573,-70.26
2026-07-13T21:41:54.852589+00:00,1421950038,-70.252
2026-07-13T21:41:54.852589+00:00,1421951503,-70.268
2026-07-13T21:41:54.852589+00:00,1421952967,-70.259
2026-07-13T21:41:54.852589+00:00,1421954432,-70.25
2026-07-13T21:41:54.852589+00:00,1421955897,-70.228
2026-07-13T21:41:54.852589+00:00,1421957362,-70.232
2026-07-13T21:41:54.852589+00:00,1421958827,-70.245
2026-07-13T21:41:54.852589+00:00,1421960292,-70.289
2026-07-13T21:41:54.852589+00:00,1421961757,-70.282
2026-07-13T21:41:54.852589+00:00,1421963221,-70.28
2026-07-13T21:41:54.852589+00:00,1421964686,-70.35
2026-07-13T21:41:54.852589+00:00,1421966151,-70.276
2026-07-13T21:41:54.852589+00:00,1421967616,-70.285
2026-07-13T21:41:54.852589+00:00,1421969081,-70.287
2026-07-13T21:41:54.852589+00:00,1421970546,-70.257
2026-07-13T21:41:54.852589+00:00,1421972010,-70.278
2026-07-13T21:41:54.852589+00:00,1421973475,-70.27
2026-07-13T21:41:54.852589+00:00,1421974940,-70.2
2026-07-13T21:41:54.852589+00:00,1421976405,-70.262
2026-07-13T21:41:54.852589+00:00,1421977870,-70.271
2026-07-13T21:41:54.852589+00:00,1421979335,-70.284
2026-07-13T21:41:54.852589+00:00,1421980800,-70.236
2026-07-13T21:41:54.852589+00:00,1421982264,-70.262
2026-07-13T21:41:54.852589+00:00,1421983729,-70.251
2026-07-13T21:41:54.852589+00:00,1421985194,-70.235
2026-07-13T21:41:54.852589+00:00,1421986659,-70.255
2026-07-13T21:41:54.852589+00:00,1421988124,-70.228
2026-07-13T21:41:54.852589+00:00,1421989589,-70.169
2026-07-13T21:41:54.852589+00:00,1421991053,-70.238
2026-07-13T21:41:54.852589+00:00,1421992518,-70.266
2026-07-13T21:41:54.852589+00:00,1421993983,-70.227
2026-07-13T21:41:54.852589+00:00,1421995448,-70.244
2026-07-13T21:41:54.852589+00:00,1421996913,-70.236
2026-07-13T21:41:54.852589+00:00,1421998378,-70.237
2026-07-13T21:41:54.852589+00:00,1421999842,-70.241
2026-07-13T21:41:54.852589+00:00,1422001307,-70.214
2026-07-13T21:41:54.852589+00:00,1422002772,-70.251
2026-07-13T21:41:54.852589+00:00,1422004237,-70.281
2026-07-13T21:41:54.852589+00:00,1422005702,-70.249
2026-07-13T21:41:54.852589+00:00,1422007167,-70.315
2026-07-13T21:41:54.852589+00:00,1422008632,-70.283
2026-07-13T21:41:54.852589+00:00,1422010096,-70.227
2026-07-13T21:41:54.852589+00:00,1422011561,-70.211
2026-07-13T21:41:54.852589+00:00,1422013026,-70.242
2026-07-13T21:41:54.852589+00:00,1422014491,-70.233
2026-07-13T21:41:54.852589+00:00,1422015956,-70.298
2026-07-13T21:41:54.852589+00:00,1422017421,-70.237
2026-07-13T21:41:54.852589+00:00,1422018885,-70.224
2026-07-13T21:41:54.852589+00:00,1422020350,-70.222
2026-07-13T21:41:54.852589+00:00,1422021815,-70.183
2026-07-13T21:41:54.852589+00:00,1422023280,-70.271
2026-07-13T21:41:54.852589+00:00,1422024745,-70.289
2026-07-13T21:41:54.852589+00:00,1422026210,-70.215
2026-07-13T21:41:54.852589+00:00,1422027675,-70.229
2026-07-13T21:41:54.852589+00:00,1422029139,-70.272
2026-07-13T21:41:54.852589+00:00,1422030604,-70.259
2026-07-13T21:41:54.852589+00:00,1422032069,-70.208
2026-07-13T21:41:54.852589+00:00,1422033534,-70.195
2026-07-13T21:41:54.852589+00:00,1422034999,-70.167
2026-07-13T21:41:54.852589+00:00,1422036464,-70.126
2026-07-13T21:41:54.852589+00:00,1422037928,-70.2
2026-07-13T21:41:54.852589+00:00,1422039393,-70.167
2026-07-13T21:41:54.852589+00:00,1422040858,-70.235
2026-07-13T21:41:54.852589+00:00,1422042323,-70.32
2026-07-13T21:41:54.852589+00:00,1422043788,-70.246
2026-07-13T21:41:54.852589+00:00,1422045253,-70.197
2026-07-13T21:41:54.852589+00:00,1422046717,-70.194
2026-07-13T21:41:54.852589+00:00,1422048182,-70.221
2026-07-13T21:41:54.852589+00:00,1422049647,-70.19
2026-07-13T21:41:54.852589+00:00,1422051112,-70.165
2026-07-13T21:41:54.852589+00:00,1422052577,-70.182
2026-07-13T21:41:54.852589+00:00,1422054042,-70.207
2026-07-13T21:41:54.852589+00:00,1422055507,-70.203
2026-07-13T21:41:54.852589+00:00,1422056971,-70.208
2026-07-13T21:41:54.852589+00:00,1422058436,-70.154
2026-07-13T21:41:54.852589+00:00,1422059901,-70.145
2026-07-13T21:41:54.852589+00:00,1422061366,-70.153
2026-07-13T21:41:54.852589+00:00,1422062831,-70.124
2026-07-13T21:41:54.852589+00:00,1422064296,-70.207
2026-07-13T21:41:54.852589+00:00,1422065760,-70.183
2026-07-13T21:41:54.852589+00:00,1422067225,-70.219
2026-07-13T21:41:54.852589+00:00,1422068690,-70.17
2026-07-13T21:41:54.852589+00:00,1422070155,-70.142
2026-07-13T21:41:54.852589+00:00,1422071620,-70.228
2026-07-13T21:41:54.852589+00:00,1422073085,-70.122
2026-07-13T21:41:54.852589+00:00,1422074550,-70.152
2026-07-13T21:41:54.852589+00:00,1422076014,-70.114
2026-07-13T21:41:54.852589+00:00,1422077479,-70.098
2026-07-13T21:41:54.852589+00:00,1422078944,-70.12
2026-07-13T21:41:54.852589+00:00,1422080409,-70.051
2026-07-13T21:41:54.852589+00:00,1422081874,-70.053
2026-07-13T21:41:54.852589+00:00,1422083339,-70.08
2026-07-13T21:41:54.852589+00:00,1422084803,-70.168
2026-07-13T21:41:54.852589+00:00,1422086268,-70.095
2026-07-13T21:41:54.852589+00:00,1422087733,-70.1
2026-07-13T21:41:54.852589+00:00,1422089198,-70.105
2026-07-13T21:41:54.852589+00:00,1422090663,-70.136
2026-07-13T21:41:54.852589+00:00,1422092128,-70.083
2026-07-13T21:41:54.852589+00:00,1422093592,-70.056
2026-07-13T21:41:54.852589+00:00,1422095057,-70.055
2026-07-13T21:41:54.852589+00:00,1422096522,-70.093
2026-07-13T21:41:54.852589+00:00,1422097987,-70.119
2026-07-13T21:41:54.852589+00:00,1422099452,-70.113
2026-07-13T21:41:54.852589+00:00,1422100917,-70.116
2026-07-13T21:41:54.852589+00:00,1422102382,-70.057
2026-07-13T21:41:54.852589+00:00,1422103846,-70.003
2026-07-13T21:41:54.852589+00:00,1422105311,-69.989
2026-07-13T21:41:54.852589+00:00,1422106776,-70.019
2026-07-13T21:41:54.852589+00:00,1422108241,-69.979
2026-07-13T21:41:54.852589+00:00,1422109706,-69.97
2026-07-13T21:41:54.852589+00:00,1422111171,-70.013
2026-07-13T21:41:54.852589+00:00,1422112635,-70.015
2026-07-13T21:41:54.852589+00:00,1422114100,-69.955
2026-07-13T21:41:54.852589+00:00,1422115565,-69.993
2026-07-13T21:41:54.852589+00:00,1422117030,-70.04
2026-07-13T21:41:54.852589+00:00,1422118495,-70.041
2026-07-13T21:41:54.852589+00:00,1422119960,-70.083
2026-07-13T21:41:54.852589+00:00,1422121425,-70.007
2026-07-13T21:41:54.852589+00:00,1422122889,-69.965
2026-07-13T21:41:54.852589+00:00,1422124354,-69.961
2026-07-13T21:41:54.852589+00:00,1422125819,-70.022
2026-07-13T21:41:54.852589+00:00,1422127284,-70.037
2026-07-13T21:41:54.852589+00:00,1422128749,-70.025
2026-07-13T21:41:54.852589+00:00,1422130214,-69.991
2026-07-13T21:41:54.852589+00:00,1422131678,-69.953
2026-07-13T21:41:54.852589+00:00,1422133143,-69.972
2026-07-13T21:41:54.852589+00:00,1422134608,-70.085
2026-07-13T21:41:54.852589+00:00,1422136073,-69.999
2026-07-13T21:41:54.852589+00:00,1422137538,-69.957
2026-07-13T21:41:54.852589+00:00,1422139003,-69.956
2026-07-13T21:41:54.852589+00:00,1422140467,-69.936
2026-07-13T21:41:54.852589+00:00,1422141932,-69.923
2026-07-13T21:41:54.852589+00:00,1422143397,-69.945
2026-07-13T21:41:54.852589+00:00,1422144862,-69.937
2026-07-13T21:41:54.852589+00:00,1422146327,-69.885
2026-07-13T21:41:54.852589+00:00,1422147792,-69.863
2026-07-13T21:41:54.852589+00:00,1422149257,-69.888
2026-07-13T21:41:54.852589+00:00,1422150721,-69.922
2026-07-13T21:41:54.852589+00:00,1422152186,-69.953
2026-07-13T21:41:54.852589+00:00,1422153651,-69.909
2026-07-13T21:41:54.852589+00:00,1422155116,-69.87
2026-07-13T21:41:54.852589+00:00,1422156581,-69.839
2026-07-13T21:41:54.852589+00:00,1422158046,-69.881
2026-07-13T21:41:54.852589+00:00,1422159510,-69.868
2026-07-13T21:41:54.852589+00:00,1422160975,-69.904
2026-07-13T21:41:54.852589+00:00,1422162440,-69.927
2026-07-13T21:41:54.852589+00:00,1422163905,-69.935
2026-07-13T21:41:54.852589+00:00,1422165370,-69.888
2026-07-13T21:41:54.852589+00:00,1422166835,-69.903
2026-07-13T21:41:54.852589+00:00,1422168300,-69.937
2026-07-13T21:41:54.852589+00:00,1422169764,-69.849
2026-07-13T21:41:54.852589+00:00,1422171229,-69.811
2026-07-13T21:41:54.852589+00:00,1422172694,-69.852
2026-07-13T21:41:54.852589+00:00,1422174159,-69.848
2026-07-13T21:41:54.852589+00:00,1422175624,-69.85
2026-07-13T21:41:54.852589+00:00,1422177089,-69.862
2026-07-13T21:41:54.852589+00:00,1422178553,-69.9
2026-07-13T21:41:54.852589+00:00,1422180018,-69.884
2026-07-13T21:41:54.852589+00:00,1422181483,-69.825
2026-07-13T21:41:54.852589+00:00,1422182948,-69.78
2026-07-13T21:41:54.852589+00:00,1422184413,-69.832
2026-07-13T21:41:54.852589+00:00,1422185878,-69.757
2026-07-13T21:41:54.852589+00:00,1422187342,-69.727
2026-07-13T21:41:54.852589+00:00,1422188807,-69.77
2026-07-13T21:41:54.852589+00:00,1422190272,-69.8
2026-07-13T21:41:54.852589+00:00,1422191737,-69.797
2026-07-13T21:41:54.852589+00:00,1422193202,-69.792
2026-07-13T21:41:54.852589+00:00,1422194667,-69.809
2026-07-13T21:41:54.852589+00:00,1422196132,-69.852
2026-07-13T21:41:54.852589+00:00,1422197596,-69.768
2026-07-13T21:41:54.852589+00:00,1422199061,-69.771
2026-07-13T21:41:54.852589+00:00,1422200526,-69.837
2026-07-13T21:41:54.852589+00:00,1422201991,-69.843
2026-07-13T21:41:54.852589+00:00,1422203456,-69.742
2026-07-13T21:41:54.852589+00:00,1422204921,-69.698
2026-07-13T21:41:54.852589+00:00,1422206385,-69.664
2026-07-13T21:41:54.852589+00:00,1422207850,-69.783
2026-07-13T21:41:54.852589+00:00,1422209315,-69.799
2026-07-13T21:41:54.852589+00:00,1422210780,-69.78
2026-07-13T21:41:54.852589+00:00,1422212245,-69.738
2026-07-13T21:41:54.852589+00:00,1422213710,-69.727
2026-07-13T21:41:54.852589+00:00,1422215175,-69.739
2026-07-13T21:41:54.852589+00:00,1422216639,-69.698
2026-07-13T21:41:54.852589+00:00,1422218104,-69.701
2026-07-13T21:41:54.852589+00:00,1422219569,-69.733
2026-07-13T21:41:54.852589+00:00,1422221034,-69.707
2026-07-13T21:41:54.852589+00:00,1422222499,-69.718
2026-07-13T21:41:54.852589+00:00,1422223964,-69.728
2026-07-13T21:41:54.852589+00:00,1422225428,-69.734
2026-07-13T21:41:54.852589+00:00,1422226893,-69.722
2026-07-13T21:41:54.852589+00:00,1422228358,-69.657
2026-07-13T21:41:54.852589+00:00,1422229823,-69.682
2026-07-13T21:41:54.852589+00:00,1422231288,-69.67
2026-07-13T21:41:54.852589+00:00,1422232753,-69.675
2026-07-13T21:41:54.852589+00:00,1422234217,-69.716
2026-07-13T21:41:54.852589+00:00,1422235682,-69.705
2026-07-13T21:41:54.852589+00:00,1422237147,-69.666
2026-07-13T21:41:54.852589+00:00,1422238612,-69.756
2026-07-13T21:41:54.852589+00:00,1422240077,-69.778
2026-07-13T21:41:54.852589+00:00,1422241542,-69.683
2026-07-13T21:41:54.852589+00:00,1422243007,-69.682
2026-07-13T21:41:54.852589+00:00,1422244471,-69.697
2026-07-13T21:41:54.852589+00:00,1422245936,-69.741
2026-07-13T21:41:54.852589+00:00,1422247401,-69.72
2026-07-13T21:41:54.852589+00:00,1422248866,-69.656
2026-07-13T21:41:54.852589+00:00,1422250331,-69.666
2026-07-13T21:41:54.852589+00:00,1422251796,-69.699
2026-07-13T21:41:54.852589+00:00,1422253260,-69.703
2026-07-13T21:41:54.852589+00:00,1422254725,-69.703
2026-07-13T21:41:54.852589+00:00,1422256190,-69.635
2026-07-13T21:41:54.852589+00:00,1422257655,-69.568
2026-07-13T21:41:54.852589+00:00,1422259120,-69.611
2026-07-13T21:41:54.852589+00:00,1422260585,-69.643
2026-07-13T21:41:54.852589+00:00,1422262050,-69.651
2026-07-13T21:41:54.852589+00:00,1422263514,-69.66
2026-07-13T21:41:54.852589+00:00,1422264979,-69.683
2026-07-13T21:41:54.852589+00:00,1422266444,-69.704
2026-07-13T21:41:54.852589+00:00,1422267909,-69.704
2026-07-13T21:41:54.852589+00:00,1422269374,-69.675
2026-07-13T21:41:54.852589+00:00,1422270839,-69.61
2026-07-13T21:41:54.852589+00:00,1422272303,-69.647
2026-07-13T21:41:54.852589+00:00,1422273768,-69.72
2026-07-13T21:41:54.852589+00:00,1422275233,-69.636
2026-07-13T21:41:54.852589+00:00,1422276698,-69.638
2026-07-13T21:41:54.852589+00:00,1422278163,-69.744
2026-07-13T21:41:54.852589+00:00,1422279628,-69.609
2026-07-13T21:41:54.852589+00:00,1422281092,-69.595
2026-07-13T21:41:54.852589+00:00,1422282557,-69.601
2026-07-13T21:41:54.852589+00:00,1422284022,-69.673
2026-07-13T21:41:54.852589+00:00,1422285487,-69.663
2026-07-13T21:41:54.852589+00:00,1422286952,-69.645
2026-07-13T21:41:54.852589+00:00,1422288417,-69.63
2026-07-13T21:41:54.852589+00:00,1422289882,-69.659
2026-07-13T21:41:54.852589+00:00,1422291346,-69.607
2026-07-13T21:41:54.852589+00:00,1422292811,-69.583
2026-07-13T21:41:54.852589+00:00,1422294276,-69.606
2026-07-13T21:41:54.852589+00:00,1422295741,-69.585
2026-07-13T21:41:54.852589+00:00,1422297206,-69.63
2026-07-13T21:41:54.852589+00:00,1422298671,-69.68
2026-07-13T21:41:54.852589+00:00,1422300135,-69.668
2026-07-13T21:41:54.852589+00:00,1422301600,-69.743
2026-07-13T21:41:54.852589+00:00,1422303065,-69.639
2026-07-13T21:41:54.852589+00:00,1422304530,-69.602
2026-07-13T21:41:54.852589+00:00,1422305995,-69.659
2026-07-13T21:41:54.852589+00:00,1422307460,-69.586
2026-07-13T21:41:54.852589+00:00,1422308925,-69.599
2026-07-13T21:41:54.852589+00:00,1422310389,-69.615
2026-07-13T21:41:54.852589+00:00,1422311854,-69.599
2026-07-13T21:41:54.852589+00:00,1422313319,-69.603
2026-07-13T21:41:54.852589+00:00,1422314784,-69.573
2026-07-13T21:41:54.852589+00:00,1422316249,-69.632
2026-07-13T21:41:54.852589+00:00,1422317714,-69.577
2026-07-13T21:41:54.852589+00:00,1422319178,-69.567
2026-07-13T21:41:54.852589+00:00,1422320643,-69.582
2026-07-13T21:41:54.852589+00:00,1422322108,-69.587
2026-07-13T21:41:54.852589+00:00,1422323573,-69.657
2026-07-13T21:41:54.852589+00:00,1422325038,-69.635
2026-07-13T21:41:54.852589+00:00,1422326503,-69.612
2026-07-13T21:41:54.852589+00:00,1422327967,-69.565
2026-07-13T21:41:54.852589+00:00,1422329432,-69.609
2026-07-13T21:41:54.852589+00:00,1422330897,-69.597
2026-07-13T21:41:54.852589+00:00,1422332362,-69.591
2026-07-13T21:41:54.852589+00:00,1422333827,-69.662
2026-07-13T21:41:54.852589+00:00,1422335292,-69.539
2026-07-13T21:41:54.852589+00:00,1422336757,-69.564
2026-07-13T21:41:54.852589+00:00,1422338221,-69.629
2026-07-13T21:41:54.852589+00:00,1422339686,-69.623
2026-07-13T21:41:54.852589+00:00,1422341151,-69.584
2026-07-13T21:41:54.852589+00:00,1422342616,-69.611
2026-07-13T21:41:54.852589+00:00,1422344081,-69.583
2026-07-13T21:41:54.852589+00:00,1422345546,-69.57
2026-07-13T21:41:54.852589+00:00,1422347010,-69.602
2026-07-13T21:41:54.852589+00:00,1422348475,-69.605
2026-07-13T21:41:54.852589+00:00,1422349940,-69.623
2026-07-13T21:41:54.852589+00:00,1422351405,-69.584
2026-07-13T21:41:54.852589+00:00,1422352870,-69.626
2026-07-13T21:41:54.852589+00:00,1422354335,-69.615
2026-07-13T21:41:54.852589+00:00,1422355800,-69.561
2026-07-13T21:41:54.852589+00:00,1422357264,-69.593
2026-07-13T21:41:54.852589+00:00,1422358729,-69.679
2026-07-13T21:41:54.852589+00:00,1422360194,-69.621
2026-07-13T21:41:54.852589+00:00,1422361659,-69.579
2026-07-13T21:41:54.852589+00:00,1422363124,-69.603
2026-07-13T21:41:54.852589+00:00,1422364589,-69.628
2026-07-13T21:41:54.852589+00:00,1422366053,-69.594
2026-07-13T21:41:54.852589+00:00,1422367518,-69.599
2026-07-13T21:41:54.852589+00:00,1422368983,-69.639
2026-07-13T21:41:54.852589+00:00,1422370448,-69.529
2026-07-13T21:41:54.852589+00:00,1422371913,-69.559
2026-07-13T21:41:54.852589+00:00,1422373378,-69.608
2026-07-13T21:41:54.852589+00:00,1422374842,-69.595
2026-07-13T21:41:54.852589+00:00,1422376307,-69.557
2026-07-13T21:41:54.852589+00:00,1422377772,-69.596
2026-07-13T21:41:54.852589+00:00,1422379237,-69.615
2026-07-13T21:41:54.852589+00:00,1422380702,-69.643
2026-07-13T21:41:54.852589+00:00,1422382167,-69.557
2026-07-13T21:41:54.852589+00:00,1422383632,-69.544
2026-07-13T21:41:54.852589+00:00,1422385096,-69.557
2026-07-13T21:41:54.852589+00:00,1422386561,-69.506
2026-07-13T21:41:54.852589+00:00,1422388026,-69.492
2026-07-13T21:41:54.852589+00:00,1422389491,-69.517
2026-07-13T21:41:54.852589+00:00,1422390956,-69.518
2026-07-13T21:41:54.852589+00:00,1422392421,-69.551
2026-07-13T21:41:54.852589+00:00,1422393885,-69.581
2026-07-13T21:41:54.852589+00:00,1422395350,-69.577
2026-07-13T21:41:54.852589+00:00,1422396815,-69.534
2026-07-13T21:41:54.852589+00:00,1422398280,-69.516
2026-07-13T21:41:54.852589+00:00,1422399745,-69.569
2026-07-13T21:41:54.852589+00:00,1422401210,-69.581
2026-07-13T21:41:54.852589+00:00,1422402675,-69.589
2026-07-13T21:41:54.852589+00:00,1422404139,-69.587
2026-07-13T21:41:54.852589+00:00,1422405604,-69.552
2026-07-13T21:41:54.852589+00:00,1422407069,-69.559
2026-07-13T21:41:54.852589+00:00,1422408534,-69.542
2026-07-13T21:41:54.852589+00:00,1422409999,-69.619
2026-07-13T21:41:54.852589+00:00,1422411464,-69.58
2026-07-13T21:41:54.852589+00:00,1422412928,-69.559
2026-07-13T21:41:54.852589+00:00,1422414393,-69.532
2026-07-13T21:41:54.852589+00:00,1422415858,-69.488
2026-07-13T21:41:54.852589+00:00,1422417323,-69.504
2026-07-13T21:41:54.852589+00:00,1422418788,-69.578
2026-07-13T21:41:54.852589+00:00,1422420253,-69.586
2026-07-13T21:41:54.852589+00:00,1422421717,-69.54
2026-07-13T21:41:54.852589+00:00,1422423182,-69.519
2026-07-13T21:41:54.852589+00:00,1422424647,-69.52
2026-07-13T21:41:54.852589+00:00,1422426112,-69.519
2026-07-13T21:41:54.852589+00:00,1422427577,-69.531
2026-07-13T21:41:54.852589+00:00,1422429042,-69.503
2026-07-13T21:41:54.852589+00:00,1422430507,-69.581
2026-07-13T21:41:54.852589+00:00,1422431971,-69.565
2026-07-13T21:41:54.852589+00:00,1422433436,-69.489
2026-07-13T21:41:54.852589+00:00,1422434901,-69.539
2026-07-13T21:41:54.852589+00:00,1422436366,-69.568
2026-07-13T21:41:54.852589+00:00,1422437831,-69.52
2026-07-13T21:41:54.852589+00:00,1422439296,-69.507
2026-07-13T21:41:54.852589+00:00,1422440760,-69.46
2026-07-13T21:41:54.852589+00:00,1422442225,-69.443
2026-07-13T21:41:54.852589+00:00,1422443690,-69.575
2026-07-13T21:41:54.852589+00:00,1422445155,-69.525
2026-07-13T21:41:54.852589+00:00,1422446620,-69.499
2026-07-13T21:41:54.852589+00:00,1422448085,-69.473
2026-07-13T21:41:54.852589+00:00,1422449550,-69.472
2026-07-13T21:41:54.852589+00:00,1422451014,-69.477
2026-07-13T21:41:54.852589+00:00,1422452479,-69.546
2026-07-13T21:41:54.852589+00:00,1422453944,-69.573
2026-07-13T21:41:54.852589+00:00,1422455409,-69.51
2026-07-13T21:41:54.852589+00:00,1422456874,-69.502
2026-07-13T21:41:54.852589+00:00,1422458339,-69.528
2026-07-13T21:41:54.852589+00:00,1422459803,-69.556
2026-07-13T21:41:54.852589+00:00,1422461268,-69.561
2026-07-13T21:41:54.852589+00:00,1422462733,-69.515
2026-07-13T21:41:54.852589+00:00,1422464198,-69.437
2026-07-13T21:41:54.852589+00:00,1422465663,-69.493
2026-07-13T21:41:54.852589+00:00,1422467128,-69.471
2026-07-13T21:41:54.852589+00:00,1422468592,-69.452
2026-07-13T21:41:54.852589+00:00,1422470057,-69.484
2026-07-13T21:41:54.852589+00:00,1422471522,-69.483
2026-07-13T21:41:54.852589+00:00,1422472987,-69.433
2026-07-13T21:41:54.852589+00:00,1422474452,-69.439
2026-07-13T21:41:54.852589+00:00,1422475917,-69.478
2026-07-13T21:41:54.852589+00:00,1422477382,-69.472
2026-07-13T21:41:54.852589+00:00,1422478846,-69.456
2026-07-13T21:41:54.852589+00:00,1422480311,-69.398
2026-07-13T21:41:54.852589+00:00,1422481776,-69.472
2026-07-13T21:41:54.852589+00:00,1422483241,-69.462
2026-07-13T21:41:54.852589+00:00,1422484706,-69.444
2026-07-13T21:41:54.852589+00:00,1422486171,-69.451
2026-07-13T21:41:54.852589+00:00,1422487635,-69.458
2026-07-13T21:41:54.852589+00:00,1422489100,-69.464
2026-07-13T21:41:54.852589+00:00,1422490565,-69.497
2026-07-13T21:41:54.852589+00:00,1422492030,-69.462
2026-07-13T21:41:54.852589+00:00,1422493495,-69.427
2026-07-13T21:41:54.852589+00:00,1422494960,-69.423
2026-07-13T21:41:54.852589+00:00,1422496425,-69.398
2026-07-13T21:41:54.852589+00:00,1422497889,-69.358
2026-07-13T21:41:54.852589+00:00,1422499354,-69.411
2026-07-13T21:41:54.852589+00:00,1422500819,-69.339
2026-07-13T21:41:54.852589+00:00,1422502284,-69.396
2026-07-13T21:41:54.852589+00:00,1422503749,-69.371
2026-07-13T21:41:54.852589+00:00,1422505214,-69.414
2026-07-13T21:41:54.852589+00:00,1422506678,-69.402
2026-07-13T21:41:54.852589+00:00,1422508143,-69.462
2026-07-13T21:41:54.852589+00:00,1422509608,-69.408
2026-07-13T21:41:54.852589+00:00,1422511073,-69.357
2026-07-13T21:41:54.852589+00:00,1422512538,-69.361
2026-07-13T21:41:54.852589+00:00,1422514003,-69.433
2026-07-13T21:41:54.852589+00:00,1422515467,-69.407
2026-07-13T21:41:54.852589+00:00,1422516932,-69.396
2026-07-13T21:41:54.852589+00:00,1422518397,-69.417
2026-07-13T21:41:54.852589+00:00,1422519862,-69.327
2026-07-13T21:41:54.852589+00:00,1422521327,-69.409
2026-07-13T21:41:54.852589+00:00,1422522792,-69.376
2026-07-13T21:41:54.852589+00:00,1422524257,-69.361
2026-07-13T21:41:54.852589+00:00,1422525721,-69.333
2026-07-13T21:41:54.852589+00:00,1422527186,-69.315
2026-07-13T21:41:54.852589+00:00,1422528651,-69.31
2026-07-13T21:41:54.852589+00:00,1422530116,-69.389
2026-07-13T21:41:54.852589+00:00,1422531581,-69.352
2026-07-13T21:41:54.852589+00:00,1422533046,-69.392
2026-07-13T21:41:54.852589+00:00,1422534510,-69.334
2026-07-13T21:41:54.852589+00:00,1422535975,-69.33
2026-07-13T21:41:54.852589+00:00,1422537440,-69.309
2026-07-13T21:41:54.852589+00:00,1422538905,-69.364
2026-07-13T21:41:54.852589+00:00,1422540370,-69.334
2026-07-13T21:41:54.852589+00:00,1422541835,-69.313
2026-07-13T21:41:54.852589+00:00,1422543300,-69.352
2026-07-13T21:41:54.852589+00:00,1422544764,-69.321
2026-07-13T21:41:54.852589+00:00,1422546229,-69.306
2026-07-13T21:41:54.852589+00:00,1422547694,-69.364
2026-07-13T21:41:54.852589+00:00,1422549159,-69.278
2026-07-13T21:41:54.852589+00:00,1422550624,-69.267
2026-07-13T21:41:54.852589+00:00,1422552089,-69.317
2026-07-13T21:41:54.852589+00:00,1422553553,-69.276
2026-07-13T21:41:54.852589+00:00,1422555018,-69.28
2026-07-13T21:41:54.852589+00:00,1422556483,-69.273
2026-07-13T21:41:54.852589+00:00,1422557948,-69.278
2026-07-13T21:41:54.852589+00:00,1422559413,-69.309
2026-07-13T21:41:54.852589+00:00,1422560878,-69.282
2026-07-13T21:41:54.852589+00:00,1422562342,-69.249
2026-07-13T21:41:54.852589+00:00,1422563807,-69.273
2026-07-13T21:41:54.852589+00:00,1422565272,-69.244
2026-07-13T21:41:54.852589+00:00,1422566737,-69.26
2026-07-13T21:41:54.852589+00:00,1422568202,-69.308
2026-07-13T21:41:54.852589+00:00,1422569667,-69.256
2026-07-13T21:41:54.852589+00:00,1422571132,-69.267
2026-07-13T21:41:54.852589+00:00,1422572596,-69.311
2026-07-13T21:41:54.852589+00:00,1422574061,-69.297
2026-07-13T21:41:54.852589+00:00,1422575526,-69.295
2026-07-13T21:41:54.852589+00:00,1422576991,-69.282
2026-07-13T21:41:54.852589+00:00,1422578456,-69.306
2026-07-13T21:41:54.852589+00:00,1422579921,-69.346
2026-07-13T21:41:54.852589+00:00,1422581385,-69.212
2026-07-13T21:41:54.852589+00:00,1422582850,-69.224
2026-07-13T21:41:54.852589+00:00,1422584315,-69.211
2026-07-13T21:41:54.852589+00:00,1422585780,-69.164
2026-07-13T21:41:54.852589+00:00,1422587245,-69.232
2026-07-13T21:41:54.852589+00:00,1422588710,-69.308
2026-07-13T21:41:54.852589+00:00,1422590175,-69.253
2026-07-13T21:41:54.852589+00:00,1422591639,-69.257
2026-07-13T21:41:54.852589+00:00,1422593104,-69.244
2026-07-13T21:41:54.852589+00:00,1422594569,-69.24
2026-07-13T21:41:54.852589+00:00,1422596034,-69.288
2026-07-13T21:41:54.852589+00:00,1422597499,-69.197
2026-07-13T21:41:54.852589+00:00,1422598964,-69.217
2026-07-13T21:41:54.852589+00:00,1422600428,-69.253
2026-07-13T21:41:54.852589+00:00,1422601893,-69.257
2026-07-13T21:41:54.852589+00:00,1422603358,-69.22
2026-07-13T21:41:54.852589+00:00,1422604823,-69.163
2026-07-13T21:41:54.852589+00:00,1422606288,-69.178
2026-07-13T21:41:54.852589+00:00,1422607753,-69.189
2026-07-13T21:41:54.852589+00:00,1422609217,-69.192
2026-07-13T21:41:54.852589+00:00,1422610682,-69.242
2026-07-13T21:41:54.852589+00:00,1422612147,-69.18
2026-07-13T21:41:54.852589+00:00,1422613612,-69.204
2026-07-13T21:41:54.852589+00:00,1422615077,-69.199
2026-07-13T21:41:54.852589+00:00,1422616542,-69.199
2026-07-13T21:41:54.852589+00:00,1422618007,-69.185
2026-07-13T21:41:54.852589+00:00,1422619471,-69.123
2026-07-13T21:41:54.852589+00:00,1422620936,-69.177
2026-07-13T21:41:54.852589+00:00,1422622401,-69.155
2026-07-13T21:41:54.852589+00:00,1422623866,-69.184
2026-07-13T21:41:54.852589+00:00,1422625331,-69.149
2026-07-13T21:41:54.852589+00:00,1422626796,-69.225
2026-07-13T21:41:54.852589+00:00,1422628260,-69.188
2026-07-13T21:41:54.852589+00:00,1422629725,-69.188
2026-07-13T21:41:54.852589+00:00,1422631190,-69.215
2026-07-13T21:41:54.852589+00:00,1422632655,-69.192
2026-07-13T21:41:54.852589+00:00,1422634120,-69.198
2026-07-13T21:41:54.852589+00:00,1422635585,-69.145
2026-07-13T21:41:54.852589+00:00,1422637050,-69.131
2026-07-13T21:41:54.852589+00:00,1422638514,-69.146
2026-07-13T21:41:54.852589+00:00,1422639979,-69.183
2026-07-13T21:41:54.852589+00:00,1422641444,-69.178
2026-07-13T21:41:54.852589+00:00,1422642909,-69.117
2026-07-13T21:41:54.852589+00:00,1422644374,-69.133
2026-07-13T21:41:54.852589+00:00,1422645839,-69.2
2026-07-13T21:41:54.852589+00:00,1422647303,-69.111
2026-07-13T21:41:54.852589+00:00,1422648768,-69.18
2026-07-13T21:41:54.852589+00:00,1422650233,-69.188
2026-07-13T21:41:54.852589+00:00,1422651698,-69.054
2026-07-13T21:41:54.852589+00:00,1422653163,-69.042
2026-07-13T21:41:54.852589+00:00,1422654628,-69.072
2026-07-13T21:41:54.852589+00:00,1422656092,-69.089
2026-07-13T21:41:54.852589+00:00,1422657557,-69.123
2026-07-13T21:41:54.852589+00:00,1422659022,-69.165
2026-07-13T21:41:54.852589+00:00,1422660487,-69.127
2026-07-13T21:41:54.852589+00:00,1422661952,-69.148
2026-07-13T21:41:54.852589+00:00,1422663417,-69.067
2026-07-13T21:41:54.852589+00:00,1422664882,-69.048
2026-07-13T21:41:54.852589+00:00,1422666346,-69.069
2026-07-13T21:41:54.852589+00:00,1422667811,-69.129
2026-07-13T21:41:54.852589+00:00,1422669276,-69.168
2026-07-13T21:41:54.852589+00:00,1422670741,-69.112
2026-07-13T21:41:54.852589+00:00,1422672206,-69.084
2026-07-13T21:41:54.852589+00:00,1422673671,-69.153
2026-07-13T21:41:54.852589+00:00,1422675135,-69.139
2026-07-13T21:41:54.852589+00:00,1422676600,-69.099
2026-07-13T21:41:54.852589+00:00,1422678065,-69.19
2026-07-13T21:41:54.852589+00:00,1422679530,-69.188
2026-07-13T21:41:54.852589+00:00,1422680995,-69.1
2026-07-13T21:41:54.852589+00:00,1422682460,-69.095
2026-07-13T21:41:54.852589+00:00,1422683925,-69.085
2026-07-13T21:41:54.852589+00:00,1422685389,-69.154
2026-07-13T21:41:54.852589+00:00,1422686854,-69.108
2026-07-13T21:41:54.852589+00:00,1422688319,-69.101
2026-07-13T21:41:54.852589+00:00,1422689784,-69.052
2026-07-13T21:41:54.852589+00:00,1422691249,-69.092
2026-07-13T21:41:54.852589+00:00,1422692714,-69.106
2026-07-13T21:41:54.852589+00:00,1422694178,-69.1
2026-07-13T21:41:54.852589+00:00,1422695643,-69.097
2026-07-13T21:41:54.852589+00:00,1422697108,-69.128
2026-07-13T21:41:54.852589+00:00,1422698573,-69.117
2026-07-13T21:41:54.852589+00:00,1422700038,-69.06
2026-07-13T21:41:54.852589+00:00,1422701503,-69.084
2026-07-13T21:41:54.852589+00:00,1422702967,-69.038
2026-07-13T21:41:54.852589+00:00,1422704432,-69.052
2026-07-13T21:41:54.852589+00:00,1422705897,-69.041
2026-07-13T21:41:54.852589+00:00,1422707362,-69.113
2026-07-13T21:41:54.852589+00:00,1422708827,-69.133
2026-07-13T21:41:54.852589+00:00,1422710292,-69.131
2026-07-13T21:41:54.852589+00:00,1422711757,-69.172
2026-07-13T21:41:54.852589+00:00,1422713221,-69.118
2026-07-13T21:41:54.852589+00:00,1422714686,-69.048
2026-07-13T21:41:54.852589+00:00,1422716151,-69.03
2026-07-13T21:41:54.852589+00:00,1422717616,-69.096
2026-07-13T21:41:54.852589+00:00,1422719081,-69.127
2026-07-13T21:41:54.852589+00:00,1422720546,-69.105
2026-07-13T21:41:54.852589+00:00,1422722010,-69.076
2026-07-13T21:41:54.852589+00:00,1422723475,-69.104
2026-07-13T21:41:54.852589+00:00,1422724940,-69.139
2026-07-13T21:41:54.852589+00:00,1422726405,-69.098
2026-07-13T21:41:54.852589+00:00,1422727870,-68.951
2026-07-13T21:41:54.852589+00:00,1422729335,-69.013
2026-07-13T21:41:54.852589+00:00,1422730800,-69.109
2026-07-13T21:41:54.852589+00:00,1422732264,-69.158
2026-07-13T21:41:54.852589+00:00,1422733729,-69.06
2026-07-13T21:41:54.852589+00:00,1422735194,-69.08
2026-07-13T21:41:54.852589+00:00,1422736659,-69.091
2026-07-13T21:41:54.852589+00:00,1422738124,-69.124
2026-07-13T21:41:54.852589+00:00,1422739589,-69.036
2026-07-13T21:41:54.852589+00:00,1422741053,-69.055
2026-07-13T21:41:54.852589+00:00,1422742518,-69.063
2026-07-13T21:41:54.852589+00:00,1422743983,-69.089
2026-07-13T21:41:54.852589+00:00,1422745448,-68.998
2026-07-13T21:41:54.852589+00:00,1422746913,-69.036
2026-07-13T21:41:54.852589+00:00,1422748378,-69.038
2026-07-13T21:41:54.852589+00:00,1422749842,-69.042
2026-07-13T21:41:54.852589+00:00,1422751307,-69.054
2026-07-13T21:41:54.852589+00:00,1422752772,-68.976
2026-07-13T21:41:54.852589+00:00,1422754237,-69.033
2026-07-13T21:41:54.852589+00:00,1422755702,-69.018
2026-07-13T21:41:54.852589+00:00,1422757167,-69.032
2026-07-13T21:41:54.852589+00:00,1422758632,-69.048
2026-07-13T21:41:54.852589+00:00,1422760096,-69.064
2026-07-13T21:41:54.852589+00:00,1422761561,-68.963
2026-07-13T21:41:54.852589+00:00,1422763026,-68.977
2026-07-13T21:41:54.852589+00:00,1422764491,-69.097
2026-07-13T21:41:54.852589+00:00,1422765956,-69.027
2026-07-13T21:41:54.852589+00:00,1422767421,-68.994
2026-07-13T21:41:54.852589+00:00,1422768885,-68.994
2026-07-13T21:41:54.852589+00:00,1422770350,-69.043
2026-07-13T21:41:54.852589+00:00,1422771815,-69.094
2026-07-13T21:41:54.852589+00:00,1422773280,-69.066
2026-07-13T21:41:54.852589+00:00,1422774745,-68.977
2026-07-13T21:41:54.852589+00:00,1422776210,-69.062
2026-07-13T21:41:54.852589+00:00,1422777675,-69.089
2026-07-13T21:41:54.852589+00:00,1422779139,-68.988
2026-07-13T21:41:54.852589+00:00,1422780604,-69.093
2026-07-13T21:41:54.852589+00:00,1422782069,-69.064
2026-07-13T21:41:54.852589+00:00,1422783534,-69.025
2026-07-13T21:41:54.852589+00:00,1422784999,-69.055
2026-07-13T21:41:54.852589+00:00,1422786464,-69.068
2026-07-13T21:41:54.852589+00:00,1422787928,-69.067
2026-07-13T21:41:54.852589+00:00,1422789393,-69.046
2026-07-13T21:41:54.852589+00:00,1422790858,-69.01
2026-07-13T21:41:54.852589+00:00,1422792323,-69.04
2026-07-13T21:41:54.852589+00:00,1422793788,-69.048
2026-07-13T21:41:54.852589+00:00,1422795253,-69.016
2026-07-13T21:41:54.852589+00:00,1422796717,-69.102
2026-07-13T21:41:54.852589+00:00,1422798182,-69.045
2026-07-13T21:41:54.852589+00:00,1422799647,-68.959
2026-07-13T21:41:54.852589+00:00,1422801112,-69.015
2026-07-13T21:41:54.852589+00:00,1422802577,-68.998
2026-07-13T21:41:54.852589+00:00,1422804042,-69.015
2026-07-13T21:41:54.852589+00:00,1422805507,-69.019
2026-07-13T21:41:54.852589+00:00,1422806971,-68.978
2026-07-13T21:41:54.852589+00:00,1422808436,-69.039
2026-07-13T21:41:54.852589+00:00,1422809901,-69.097
2026-07-13T21:41:54.852589+00:00,1422811366,-69.011
2026-07-13T21:41:54.852589+00:00,1422812831,-68.967
2026-07-13T21:41:54.852589+00:00,1422814296,-68.959
2026-07-13T21:41:54.852589+00:00,1422815760,-68.921
2026-07-13T21:41:54.852589+00:00,1422817225,-68.966
2026-07-13T21:41:54.852589+00:00,1422818690,-68.975
2026-07-13T21:41:54.852589+00:00,1422820155,-68.937
2026-07-13T21:41:54.852589+00:00,1422821620,-68.982
2026-07-13T21:41:54.852589+00:00,1422823085,-69.022
2026-07-13T21:41:54.852589+00:00,1422824550,-68.998
2026-07-13T21:41:54.852589+00:00,1422826014,-68.998
2026-07-13T21:41:54.852589+00:00,1422827479,-69.001
2026-07-13T21:41:54.852589+00:00,1422828944,-68.99
2026-07-13T21:41:54.852589+00:00,1422830409,-68.899
2026-07-13T21:41:54.852589+00:00,1422831874,-68.911
2026-07-13T21:41:54.852589+00:00,1422833339,-68.973
2026-07-13T21:41:54.852589+00:00,1422834803,-69.005
2026-07-13T21:41:54.852589+00:00,1422836268,-68.992
2026-07-13T21:41:54.852589+00:00,1422837733,-68.998
2026-07-13T21:41:54.852589+00:00,1422839198,-68.924
2026-07-13T21:41:54.852589+00:00,1422840663,-68.956
2026-07-13T21:41:54.852589+00:00,1422842128,-69.019
2026-07-13T21:41:54.852589+00:00,1422843592,-68.97
2026-07-13T21:41:54.852589+00:00,1422845057,-68.95
2026-07-13T21:41:54.852589+00:00,1422846522,-69.013
2026-07-13T21:41:54.852589+00:00,1422847987,-69.072
2026-07-13T21:41:54.852589+00:00,1422849452,-69.01
2026-07-13T21:41:54.852589+00:00,1422850917,-68.916
2026-07-13T21:41:54.852589+00:00,1422852382,-68.952
2026-07-13T21:41:54.852589+00:00,1422853846,-68.967
2026-07-13T21:41:54.852589+00:00,1422855311,-68.971
2026-07-13T21:41:54.852589+00:00,1422856776,-68.993
2026-07-13T21:41:54.852589+00:00,1422858241,-68.988
2026-07-13T21:41:54.852589+00:00,1422859706,-68.978
2026-07-13T21:41:54.852589+00:00,1422861171,-68.969
2026-07-13T21:41:54.852589+00:00,1422862635,-68.895
2026-07-13T21:41:54.852589+00:00,1422864100,-68.883
2026-07-13T21:41:54.852589+00:00,1422865565,-68.913
2026-07-13T21:41:54.852589+00:00,1422867030,-68.917
2026-07-13T21:41:54.852589+00:00,1422868495,-68.906
2026-07-13T21:41:54.852589+00:00,1422869960,-68.926
2026-07-13T21:41:54.852589+00:00,1422871425,-68.913
2026-07-13T21:41:54.852589+00:00,1422872889,-68.961
2026-07-13T21:41:54.852589+00:00,1422874354,-68.899
2026-07-13T21:41:54.852589+00:00,1422875819,-68.874
2026-07-13T21:41:54.852589+00:00,1422877284,-68.929
2026-07-13T21:41:54.852589+00:00,1422878749,-68.921
2026-07-13T21:41:54.852589+00:00,1422880214,-68.893
2026-07-13T21:41:54.852589+00:00,1422881678,-68.938
2026-07-13T21:41:54.852589+00:00,1422883143,-68.954
2026-07-13T21:41:54.852589+00:00,1422884608,-68.928
2026-07-13T21:41:54.852589+00:00,1422886073,-68.915
2026-07-13T21:41:54.852589+00:00,1422887538,-68.908
2026-07-13T21:41:54.852589+00:00,1422889003,-68.946
2026-07-13T21:41:54.852589+00:00,1422890467,-68.937
2026-07-13T21:41:54.852589+00:00,1422891932,-68.892
2026-07-13T21:41:54.852589+00:00,1422893397,-68.888
2026-07-13T21:41:54.852589+00:00,1422894862,-68.917
2026-07-13T21:41:54.852589+00:00,1422896327,-68.923
2026-07-13T21:41:54.852589+00:00,1422897792,-68.958
2026-07-13T21:41:54.852589+00:00,1422899257,-68.943
2026-07-13T21:41:54.852589+00:00,1422900721,-68.965
2026-07-13T21:41:54.852589+00:00,1422902186,-68.932
2026-07-13T21:41:54.852589+00:00,1422903651,-68.866
2026-07-13T21:41:54.852589+00:00,1422905116,-68.931
2026-07-13T21:41:54.852589+00:00,1422906581,-68.951
2026-07-13T21:41:54.852589+00:00,1422908046,-68.945
2026-07-13T21:41:54.852589+00:00,1422909510,-68.822
2026-07-13T21:41:54.852589+00:00,1422910975,-68.804
2026-07-13T21:41:54.852589+00:00,1422912440,-68.874
2026-07-13T21:41:54.852589+00:00,1422913905,-68.871
2026-07-13T21:41:54.852589+00:00,1422915370,-68.86
2026-07-13T21:41:54.852589+00:00,1422916835,-68.877
2026-07-13T21:41:54.852589+00:00,1422918300,-68.829
2026-07-13T21:41:54.852589+00:00,1422919764,-68.859
2026-07-13T21:41:54.852589+00:00,1422921229,-68.827
2026-07-13T21:41:54.852589+00:00,1422922694,-68.823
2026-07-13T21:41:54.852589+00:00,1422924159,-68.863
2026-07-13T21:41:54.852589+00:00,1422925624,-68.821
2026-07-13T21:41:54.852589+00:00,1422927089,-68.817
2026-07-13T21:41:54.852589+00:00,1422928553,-68.845
2026-07-13T21:41:54.852589+00:00,1422930018,-68.829
2026-07-13T21:41:54.852589+00:00,1422931483,-68.841
2026-07-13T21:41:54.852589+00:00,1422932948,-68.791
2026-07-13T21:41:54.852589+00:00,1422934413,-68.862
2026-07-13T21:41:54.852589+00:00,1422935878,-68.925
2026-07-13T21:41:54.852589+00:00,1422937342,-68.935
2026-07-13T21:41:54.852589+00:00,1422938807,-68.78
2026-07-13T21:41:54.852589+00:00,1422940272,-68.802
2026-07-13T21:41:54.852589+00:00,1422941737,-68.819
2026-07-13T21:41:54.852589+00:00,1422943202,-68.812
2026-07-13T21:41:54.852589+00:00,1422944667,-68.906
2026-07-13T21:41:54.852589+00:00,1422946132,-68.901
2026-07-13T21:41:54.852589+00:00,1422947596,-68.835
2026-07-13T21:41:54.852589+00:00,1422949061,-68.819
2026-07-13T21:41:54.852589+00:00,1422950526,-68.826
2026-07-13T21:41:54.852589+00:00,1422951991,-68.884
2026-07-13T21:41:54.852589+00:00,1422953456,-68.893
2026-07-13T21:41:54.852589+00:00,1422954921,-68.825
2026-07-13T21:41:54.852589+00:00,1422956385,-68.836
2026-07-13T21:41:54.852589+00:00,1422957850,-68.82
2026-07-13T21:41:54.852589+00:00,1422959315,-68.817
2026-07-13T21:41:54.852589+00:00,1422960780,-68.763
2026-07-13T21:41:54.852589+00:00,1422962245,-68.743
2026-07-13T21:41:54.852589+00:00,1422963710,-68.821
2026-07-13T21:41:54.852589+00:00,1422965175,-68.799
2026-07-13T21:41:54.852589+00:00,1422966639,-68.807
2026-07-13T21:41:54.852589+00:00,1422968104,-68.873
2026-07-13T21:41:54.852589+00:00,1422969569,-68.869
2026-07-13T21:41:54.852589+00:00,1422971034,-68.863
2026-07-13T21:41:54.852589+00:00,1422972499,-68.844
2026-07-13T21:41:54.852589+00:00,1422973964,-68.764
2026-07-13T21:41:54.852589+00:00,1422975428,-68.771
2026-07-13T21:41:54.852589+00:00,1422976893,-68.842
2026-07-13T21:41:54.852589+00:00,1422978358,-68.836
2026-07-13T21:41:54.852589+00:00,1422979823,-68.829
2026-07-13T21:41:54.852589+00:00,1422981288,-68.81
2026-07-13T21:41:54.852589+00:00,1422982753,-68.849
2026-07-13T21:41:54.852589+00:00,1422984217,-68.88
2026-07-13T21:41:54.852589+00:00,1422985682,-68.818
2026-07-13T21:41:54.852589+00:00,1422987147,-68.823
2026-07-13T21:41:54.852589+00:00,1422988612,-68.774
2026-07-13T21:41:54.852589+00:00,1422990077,-68.783
2026-07-13T21:41:54.852589+00:00,1422991542,-68.796
2026-07-13T21:41:54.852589+00:00,1422993007,-68.773
2026-07-13T21:41:54.852589+00:00,1422994471,-68.811
2026-07-13T21:41:54.852589+00:00,1422995936,-68.75
2026-07-13T21:41:54.852589+00:00,1422997401,-68.754
2026-07-13T21:41:54.852589+00:00,1422998866,-68.807
2026-07-13T21:41:54.852589+00:00,1423000331,-68.836
2026-07-13T21:41:54.852589+00:00,1423001796,-68.811
2026-07-13T21:41:54.852589+00:00,1423003260,-68.781
2026-07-13T21:41:54.852589+00:00,1423004725,-68.748
2026-07-13T21:41:54.852589+00:00,1423006190,-68.751
2026-07-13T21:41:54.852589+00:00,1423007655,-68.773
2026-07-13T21:41:54.852589+00:00,1423009120,-68.807
2026-07-13T21:41:54.852589+00:00,1423010585,-68.826
2026-07-13T21:41:54.852589+00:00,1423012050,-68.83
2026-07-13T21:41:54.852589+00:00,1423013514,-68.818
2026-07-13T21:41:54.852589+00:00,1423014979,-68.84
2026-07-13T21:41:54.852589+00:00,1423016444,-68.864
2026-07-13T21:41:54.852589+00:00,1423017909,-68.836
2026-07-13T21:41:54.852589+00:00,1423019374,-68.766
2026-07-13T21:41:54.852589+00:00,1423020839,-68.689
2026-07-13T21:41:54.852589+00:00,1423022303,-68.72
2026-07-13T21:41:54.852589+00:00,1423023768,-68.747
2026-07-13T21:41:54.852589+00:00,1423025233,-68.783
2026-07-13T21:41:54.852589+00:00,1423026698,-68.69
2026-07-13T21:41:54.852589+00:00,1423028163,-68.747
2026-07-13T21:41:54.852589+00:00,1423029628,-68.702
2026-07-13T21:41:54.852589+00:00,1423031092,-68.799
2026-07-13T21:41:54.852589+00:00,1423032557,-68.82
2026-07-13T21:41:54.852589+00:00,1423034022,-68.799
2026-07-13T21:41:54.852589+00:00,1423035487,-68.82
2026-07-13T21:41:54.852589+00:00,1423036952,-68.768
2026-07-13T21:41:54.852589+00:00,1423038417,-68.69
2026-07-13T21:41:54.852589+00:00,1423039882,-68.726
2026-07-13T21:41:54.852589+00:00,1423041346,-68.746
2026-07-13T21:41:54.852589+00:00,1423042811,-68.685
2026-07-13T21:41:54.852589+00:00,1423044276,-68.726
2026-07-13T21:41:54.852589+00:00,1423045741,-68.732
2026-07-13T21:41:54.852589+00:00,1423047206,-68.749
2026-07-13T21:41:54.852589+00:00,1423048671,-68.718
2026-07-13T21:41:54.852589+00:00,1423050135,-68.758
2026-07-13T21:41:54.852589+00:00,1423051600,-68.748
2026-07-13T21:41:54.852589+00:00,1423053065,-68.818
2026-07-13T21:41:54.852589+00:00,1423054530,-68.826
2026-07-13T21:41:54.852589+00:00,1423055995,-68.826
2026-07-13T21:41:54.852589+00:00,1423057460,-68.767
2026-07-13T21:41:54.852589+00:00,1423058925,-68.805
2026-07-13T21:41:54.852589+00:00,1423060389,-68.767
2026-07-13T21:41:54.852589+00:00,1423061854,-68.82
2026-07-13T21:41:54.852589+00:00,1423063319,-68.832
2026-07-13T21:41:54.852589+00:00,1423064784,-68.785
2026-07-13T21:41:54.852589+00:00,1423066249,-68.795
2026-07-13T21:41:54.852589+00:00,1423067714,-68.866
2026-07-13T21:41:54.852589+00:00,1423069178,-68.819
2026-07-13T21:41:54.852589+00:00,1423070643,-68.826
2026-07-13T21:41:54.852589+00:00,1423072108,-68.767
2026-07-13T21:41:54.852589+00:00,1423073573,-68.846
2026-07-13T21:41:54.852589+00:00,1423075038,-68.809
2026-07-13T21:41:54.852589+00:00,1423076503,-68.806
2026-07-13T21:41:54.852589+00:00,1423077967,-68.854
2026-07-13T21:41:54.852589+00:00,1423079432,-68.89
2026-07-13T21:41:54.852589+00:00,1423080897,-68.851
2026-07-13T21:41:54.852589+00:00,1423082362,-68.801
2026-07-13T21:41:54.852589+00:00,1423083827,-68.853
2026-07-13T21:41:54.852589+00:00,1423085292,-68.826
2026-07-13T21:41:54.852589+00:00,1423086757,-68.806
2026-07-13T21:41:54.852589+00:00,1423088221,-68.781
2026-07-13T21:41:54.852589+00:00,1423089686,-68.829
2026-07-13T21:41:54.852589+00:00,1423091151,-68.91
2026-07-13T21:41:54.852589+00:00,1423092616,-68.819
2026-07-13T21:41:54.852589+00:00,1423094081,-68.795
2026-07-13T21:41:54.852589+00:00,1423095546,-68.842
2026-07-13T21:41:54.852589+00:00,1423097010,-68.809
2026-07-13T21:41:54.852589+00:00,1423098475,-68.79
2026-07-13T21:41:54.852589+00:00,1423099940,-68.847
2026-07-13T21:41:54.852589+00:00,1423101405,-68.884
2026-07-13T21:41:54.852589+00:00,1423102870,-68.804
2026-07-13T21:41:54.852589+00:00,1423104335,-68.847
2026-07-13T21:41:54.852589+00:00,1423105800,-68.787
2026-07-13T21:41:54.852589+00:00,1423107264,-68.784
2026-07-13T21:41:54.852589+00:00,1423108729,-68.784
2026-07-13T21:41:54.852589+00:00,1423110194,-68.788
2026-07-13T21:41:54.852589+00:00,1423111659,-68.774
2026-07-13T21:41:54.852589+00:00,1423113124,-68.831
2026-07-13T21:41:54.852589+00:00,1423114589,-68.861
2026-07-13T21:41:54.852589+00:00,1423116053,-68.852
2026-07-13T21:41:54.852589+00:00,1423117518,-68.78
2026-07-13T21:41:54.852589+00:00,1423118983,-68.829
2026-07-13T21:41:54.852589+00:00,1423120448,-68.853
2026-07-13T21:41:54.852589+00:00,1423121913,-68.84
2026-07-13T21:41:54.852589+00:00,1423123378,-68.881
2026-07-13T21:41:54.852589+00:00,1423124842,-68.796
2026-07-13T21:41:54.852589+00:00,1423126307,-68.767
2026-07-13T21:41:54.852589+00:00,1423127772,-68.776
2026-07-13T21:41:54.852589+00:00,1423129237,-68.801
2026-07-13T21:41:54.852589+00:00,1423130702,-68.782
2026-07-13T21:41:54.852589+00:00,1423132167,-68.783
2026-07-13T21:41:54.852589+00:00,1423133632,-68.825
2026-07-13T21:41:54.852589+00:00,1423135096,-68.79
2026-07-13T21:41:54.852589+00:00,1423136561,-68.814
2026-07-13T21:41:54.852589+00:00,1423138026,-68.853
2026-07-13T21:41:54.852589+00:00,1423139491,-68.843
2026-07-13T21:41:54.852589+00:00,1423140956,-68.823
2026-07-13T21:41:54.852589+00:00,1423142421,-68.804
2026-07-13T21:41:54.852589+00:00,1423143885,-68.805
2026-07-13T21:41:54.852589+00:00,1423145350,-68.808
2026-07-13T21:41:54.852589+00:00,1423146815,-68.832
2026-07-13T21:41:54.852589+00:00,1423148280,-68.825
2026-07-13T21:41:54.852589+00:00,1423149745,-68.836
2026-07-13T21:41:54.852589+00:00,1423151210,-68.803
2026-07-13T21:41:54.852589+00:00,1423152675,-68.758
2026-07-13T21:41:54.852589+00:00,1423154139,-68.786
2026-07-13T21:41:54.852589+00:00,1423155604,-68.838
2026-07-13T21:41:54.852589+00:00,1423157069,-68.81
2026-07-13T21:41:54.852589+00:00,1423158534,-68.743
2026-07-13T21:41:54.852589+00:00,1423159999,-68.775
2026-07-13T21:41:54.852589+00:00,1423161464,-68.813
2026-07-13T21:41:54.852589+00:00,1423162928,-68.775
2026-07-13T21:41:54.852589+00:00,1423164393,-68.715
2026-07-13T21:41:54.852589+00:00,1423165858,-68.756
2026-07-13T21:41:54.852589+00:00,1423167323,-68.805
2026-07-13T21:41:54.852589+00:00,1423168788,-68.84
2026-07-13T21:41:54.852589+00:00,1423170253,-68.856
2026-07-13T21:41:54.852589+00:00,1423171717,-68.844
2026-07-13T21:41:54.852589+00:00,1423173182,-68.785
2026-07-13T21:41:54.852589+00:00,1423174647,-68.82
2026-07-13T21:41:54.852589+00:00,1423176112,-68.796
2026-07-13T21:41:54.852589+00:00,1423177577,-68.767
2026-07-13T21:41:54.852589+00:00,1423179042,-68.811
2026-07-13T21:41:54.852589+00:00,1423180507,-68.819
2026-07-13T21:41:54.852589+00:00,1423181971,-68.833
2026-07-13T21:41:54.852589+00:00,1423183436,-68.896
2026-07-13T21:41:54.852589+00:00,1423184901,-68.786
2026-07-13T21:41:54.852589+00:00,1423186366,-68.73
2026-07-13T21:41:54.852589+00:00,1423187831,-68.829
2026-07-13T21:41:54.852589+00:00,1423189296,-68.876
2026-07-13T21:41:54.852589+00:00,1423190760,-68.86
2026-07-13T21:41:54.852589+00:00,1423192225,-68.805
2026-07-13T21:41:54.852589+00:00,1423193690,-68.813
2026-07-13T21:41:54.852589+00:00,1423195155,-68.827
2026-07-13T21:41:54.852589+00:00,1423196620,-68.784
2026-07-13T21:41:54.852589+00:00,1423198085,-68.804
2026-07-13T21:41:54.852589+00:00,1423199550,-68.754
2026-07-13T21:41:54.852589+00:00,1423201014,-68.744
2026-07-13T21:41:54.852589+00:00,1423202479,-68.721
2026-07-13T21:41:54.852589+00:00,1423203944,-68.752
2026-07-13T21:41:54.852589+00:00,1423205409,-68.709
2026-07-13T21:41:54.852589+00:00,1423206874,-68.714
2026-07-13T21:41:54.852589+00:00,1423208339,-68.776
2026-07-13T21:41:54.852589+00:00,1423209803,-68.717
2026-07-13T21:41:54.852589+00:00,1423211268,-68.747
2026-07-13T21:41:54.852589+00:00,1423212733,-68.834
2026-07-13T21:41:54.852589+00:00,1423214198,-68.828
2026-07-13T21:41:54.852589+00:00,1423215663,-68.798
2026-07-13T21:41:54.852589+00:00,1423217128,-68.774
2026-07-13T21:41:54.852589+00:00,1423218592,-68.762
2026-07-13T21:41:54.852589+00:00,1423220057,-68.753
2026-07-13T21:41:54.852589+00:00,1423221522,-68.742
2026-07-13T21:41:54.852589+00:00,1423222987,-68.782
2026-07-13T21:41:54.852589+00:00,1423224452,-68.774
2026-07-13T21:41:54.852589+00:00,1423225917,-68.743
2026-07-13T21:41:54.852589+00:00,1423227382,-68.775
2026-07-13T21:41:54.852589+00:00,1423228846,-68.823
2026-07-13T21:41:54.852589+00:00,1423230311,-68.705
2026-07-13T21:41:54.852589+00:00,1423231776,-68.682
2026-07-13T21:41:54.852589+00:00,1423233241,-68.696
2026-07-13T21:41:54.852589+00:00,1423234706,-68.682
2026-07-13T21:41:54.852589+00:00,1423236171,-68.699
2026-07-13T21:41:54.852589+00:00,1423237635,-68.781
2026-07-13T21:41:54.852589+00:00,1423239100,-68.8
2026-07-13T21:41:54.852589+00:00,1423240565,-68.71
2026-07-13T21:41:54.852589+00:00,1423242030,-68.77
2026-07-13T21:41:54.852589+00:00,1423243495,-68.76
2026-07-13T21:41:54.852589+00:00,1423244960,-68.772
2026-07-13T21:41:54.852589+00:00,1423246425,-68.78
2026-07-13T21:41:54.852589+00:00,1423247889,-68.707
2026-07-13T21:41:54.852589+00:00,1423249354,-68.685
2026-07-13T21:41:54.852589+00:00,1423250819,-68.711
2026-07-13T21:41:54.852589+00:00,1423252284,-68.714
2026-07-13T21:41:54.852589+00:00,1423253749,-68.698
2026-07-13T21:41:54.852589+00:00,1423255214,-68.73
2026-07-13T21:41:54.852589+00:00,1423256678,-68.741
2026-07-13T21:41:54.852589+00:00,1423258143,-68.75
2026-07-13T21:41:54.852589+00:00,1423259608,-68.791
2026-07-13T21:41:54.852589+00:00,1423261073,-68.733
2026-07-13T21:41:54.852589+00:00,1423262538,-68.727
2026-07-13T21:41:54.852589+00:00,1423264003,-68.776
2026-07-13T21:41:54.852589+00:00,1423265467,-68.736
2026-07-13T21:41:54.852589+00:00,1423266932,-68.771
2026-07-13T21:41:54.852589+00:00,1423268397,-68.779
2026-07-13T21:41:54.852589+00:00,1423269862,-68.696
2026-07-13T21:41:54.852589+00:00,1423271327,-68.653
2026-07-13T21:41:54.852589+00:00,1423272792,-68.798
2026-07-13T21:41:54.852589+00:00,1423274257,-68.782
2026-07-13T21:41:54.852589+00:00,1423275721,-68.749
2026-07-13T21:41:54.852589+00:00,1423277186,-68.756
2026-07-13T21:41:54.852589+00:00,1423278651,-68.755
2026-07-13T21:41:54.852589+00:00,1423280116,-68.745
2026-07-13T21:41:54.852589+00:00,1423281581,-68.733
2026-07-13T21:41:54.852589+00:00,1423283046,-68.729
2026-07-13T21:41:54.852589+00:00,1423284510,-68.725
2026-07-13T21:41:54.852589+00:00,1423285975,-68.699
2026-07-13T21:41:54.852589+00:00,1423287440,-68.689
2026-07-13T21:41:54.852589+00:00,1423288905,-68.703
2026-07-13T21:41:54.852589+00:00,1423290370,-68.71
2026-07-13T21:41:54.852589+00:00,1423291835,-68.733
2026-07-13T21:41:54.852589+00:00,1423293300,-68.728
2026-07-13T21:41:54.852589+00:00,1423294764,-68.712
2026-07-13T21:41:54.852589+00:00,1423296229,-68.67
2026-07-13T21:41:54.852589+00:00,1423297694,-68.695
2026-07-13T21:41:54.852589+00:00,1423299159,-68.697
2026-07-13T21:41:54.852589+00:00,1423300624,-68.752
2026-07-13T21:41:54.852589+00:00,1423302089,-68.741
2026-07-13T21:41:54.852589+00:00,1423303553,-68.706
2026-07-13T21:41:54.852589+00:00,1423305018,-68.687
2026-07-13T21:41:54.852589+00:00,1423306483,-68.719
2026-07-13T21:41:54.852589+00:00,1423307948,-68.695
2026-07-13T21:41:54.852589+00:00,1423309413,-68.759
2026-07-13T21:41:54.852589+00:00,1423310878,-68.731
2026-07-13T21:41:54.852589+00:00,1423312342,-68.647
2026-07-13T21:41:54.852589+00:00,1423313807,-68.703
2026-07-13T21:41:54.852589+00:00,1423315272,-68.747
2026-07-13T21:41:54.852589+00:00,1423316737,-68.756
2026-07-13T21:41:54.852589+00:00,1423318202,-68.755
2026-07-13T21:41:54.852589+00:00,1423319667,-68.695
2026-07-13T21:41:54.852589+00:00,1423321132,-68.744
2026-07-13T21:41:54.852589+00:00,1423322596,-68.764
2026-07-13T21:41:54.852589+00:00,1423324061,-68.709
2026-07-13T21:41:54.852589+00:00,1423325526,-68.71
2026-07-13T21:41:54.852589+00:00,1423326991,-68.683
2026-07-13T21:41:54.852589+00:00,1423328456,-68.639
2026-07-13T21:41:54.852589+00:00,1423329921,-68.676
2026-07-13T21:41:54.852589+00:00,1423331385,-68.741
2026-07-13T21:41:54.852589+00:00,1423332850,-68.728
2026-07-13T21:41:54.852589+00:00,1423334315,-68.717
2026-07-13T21:41:54.852589+00:00,1423335780,-68.692
2026-07-13T21:41:54.852589+00:00,1423337245,-68.748
2026-07-13T21:41:54.852589+00:00,1423338710,-68.747
2026-07-13T21:41:54.852589+00:00,1423340175,-68.698
2026-07-13T21:41:54.852589+00:00,1423341639,-68.681
2026-07-13T21:41:54.852589+00:00,1423343104,-68.719
2026-07-13T21:41:54.852589+00:00,1423344569,-68.701
2026-07-13T21:41:54.852589+00:00,1423346034,-68.723
2026-07-13T21:41:54.852589+00:00,1423347499,-68.679
2026-07-13T21:41:54.852589+00:00,1423348964,-68.711
2026-07-13T21:41:54.852589+00:00,1423350428,-68.645
2026-07-13T21:41:54.852589+00:00,1423351893,-68.617
2026-07-13T21:41:54.852589+00:00,1423353358,-68.608
2026-07-13T21:41:54.852589+00:00,1423354823,-68.628
2026-07-13T21:41:54.852589+00:00,1423356288,-68.644
2026-07-13T21:41:54.852589+00:00,1423357753,-68.712
2026-07-13T21:41:54.852589+00:00,1423359217,-68.657
2026-07-13T21:41:54.852589+00:00,1423360682,-68.649
2026-07-13T21:41:54.852589+00:00,1423362147,-68.608
2026-07-13T21:41:54.852589+00:00,1423363612,-68.629
2026-07-13T21:41:54.852589+00:00,1423365077,-68.626
2026-07-13T21:41:54.852589+00:00,1423366542,-68.702
2026-07-13T21:41:54.852589+00:00,1423368007,-68.705
2026-07-13T21:41:54.852589+00:00,1423369471,-68.669
2026-07-13T21:41:54.852589+00:00,1423370936,-68.681
2026-07-13T21:41:54.852589+00:00,1423372401,-68.643
2026-07-13T21:41:54.852589+00:00,1423373866,-68.657
2026-07-13T21:41:54.852589+00:00,1423375331,-68.672
2026-07-13T21:41:54.852589+00:00,1423376796,-68.713
2026-07-13T21:41:54.852589+00:00,1423378260,-68.684
2026-07-13T21:41:54.852589+00:00,1423379725,-68.701
2026-07-13T21:41:54.852589+00:00,1423381190,-68.65
2026-07-13T21:41:54.852589+00:00,1423382655,-68.668
2026-07-13T21:41:54.852589+00:00,1423384120,-68.746
2026-07-13T21:41:54.852589+00:00,1423385585,-68.629
2026-07-13T21:41:54.852589+00:00,1423387050,-68.661
2026-07-13T21:41:54.852589+00:00,1423388514,-68.717
2026-07-13T21:41:54.852589+00:00,1423389979,-68.754
2026-07-13T21:41:54.852589+00:00,1423391444,-68.728
2026-07-13T21:41:54.852589+00:00,1423392909,-68.733
2026-07-13T21:41:54.852589+00:00,1423394374,-68.773
2026-07-13T21:41:54.852589+00:00,1423395839,-68.738
2026-07-13T21:41:54.852589+00:00,1423397303,-68.75
2026-07-13T21:41:54.852589+00:00,1423398768,-68.73
2026-07-13T21:41:54.852589+00:00,1423400233,-68.644
2026-07-13T21:41:54.852589+00:00,1423401698,-68.695
2026-07-13T21:41:54.852589+00:00,1423403163,-68.704
2026-07-13T21:41:54.852589+00:00,1423404628,-68.677
2026-07-13T21:41:54.852589+00:00,1423406092,-68.678
2026-07-13T21:41:54.852589+00:00,1423407557,-68.661
2026-07-13T21:41:54.852589+00:00,1423409022,-68.696
2026-07-13T21:41:54.852589+00:00,1423410487,-68.675
2026-07-13T21:41:54.852589+00:00,1423411952,-68.752
2026-07-13T21:41:54.852589+00:00,1423413417,-68.717
2026-07-13T21:41:54.852589+00:00,1423414882,-68.711
2026-07-13T21:41:54.852589+00:00,1423416346,-68.725
2026-07-13T21:41:54.852589+00:00,1423417811,-68.696
2026-07-13T21:41:54.852589+00:00,1423419276,-68.681
2026-07-13T21:41:54.852589+00:00,1423420741,-68.709
2026-07-13T21:41:54.852589+00:00,1423422206,-68.712
2026-07-13T21:41:54.852589+00:00,1423423671,-68.718
2026-07-13T21:41:54.852589+00:00,1423425135,-68.766
2026-07-13T21:41:54.852589+00:00,1423426600,-68.748
2026-07-13T21:41:54.852589+00:00,1423428065,-68.69
2026-07-13T21:41:54.852589+00:00,1423429530,-68.695
2026-07-13T21:41:54.852589+00:00,1423430995,-68.735
2026-07-13T21:41:54.852589+00:00,1423432460,-68.725
2026-07-13T21:41:54.852589+00:00,1423433925,-68.742
2026-07-13T21:41:54.852589+00:00,1423435389,-68.73
2026-07-13T21:41:54.852589+00:00,1423436854,-68.711
2026-07-13T21:41:54.852589+00:00,1423438319,-68.687
2026-07-13T21:41:54.852589+00:00,1423439784,-68.766
2026-07-13T21:41:54.852589+00:00,1423441249,-68.69
2026-07-13T21:41:54.852589+00:00,1423442714,-68.659
2026-07-13T21:41:54.852589+00:00,1423444178,-68.699
2026-07-13T21:41:54.852589+00:00,1423445643,-68.737
2026-07-13T21:41:54.852589+00:00,1423447108,-68.759
2026-07-13T21:41:54.852589+00:00,1423448573,-68.736
2026-07-13T21:41:54.852589+00:00,1423450038,-68.775
2026-07-13T21:41:54.852589+00:00,1423451503,-68.783
2026-07-13T21:41:54.852589+00:00,1423452967,-68.792
2026-07-13T21:41:54.852589+00:00,1423454432,-68.804
2026-07-13T21:41:54.852589+00:00,1423455897,-68.784
2026-07-13T21:41:54.852589+00:00,1423457362,-68.738
2026-07-13T21:41:54.852589+00:00,1423458827,-68.69
2026-07-13T21:41:54.852589+00:00,1423460292,-68.737
2026-07-13T21:41:54.852589+00:00,1423461757,-68.772
2026-07-13T21:41:54.852589+00:00,1423463221,-68.731
2026-07-13T21:41:54.852589+00:00,1423464686,-68.768
2026-07-13T21:41:54.852589+00:00,1423466151,-68.781
2026-07-13T21:41:54.852589+00:00,1423467616,-68.771
2026-07-13T21:41:54.852589+00:00,1423469081,-68.806
2026-07-13T21:41:54.852589+00:00,1423470546,-68.842
2026-07-13T21:41:54.852589+00:00,1423472010,-68.783
2026-07-13T21:41:54.852589+00:00,1423473475,-68.789
2026-07-13T21:41:54.852589+00:00,1423474940,-68.776
2026-07-13T21:41:54.852589+00:00,1423476405,-68.725
2026-07-13T21:41:54.852589+00:00,1423477870,-68.778
2026-07-13T21:41:54.852589+00:00,1423479335,-68.797
2026-07-13T21:41:54.852589+00:00,1423480800,-68.755
2026-07-13T21:41:54.852589+00:00,1423482264,-68.689
2026-07-13T21:41:54.852589+00:00,1423483729,-68.741
2026-07-13T21:41:54.852589+00:00,1423485194,-68.775
2026-07-13T21:41:54.852589+00:00,1423486659,-68.781
2026-07-13T21:41:54.852589+00:00,1423488124,-68.787
2026-07-13T21:41:54.852589+00:00,1423489589,-68.741
2026-07-13T21:41:54.852589+00:00,1423491053,-68.759
2026-07-13T21:41:54.852589+00:00,1423492518,-68.765
2026-07-13T21:41:54.852589+00:00,1423493983,-68.738
2026-07-13T21:41:54.852589+00:00,1423495448,-68.79
2026-07-13T21:41:54.852589+00:00,1423496913,-68.88
2026-07-13T21:41:54.852589+00:00,1423498378,-68.865
2026-07-13T21:41:54.852589+00:00,1423499842,-68.807
2026-07-13T21:41:54.852589+00:00,1423501307,-68.799
2026-07-13T21:41:54.852589+00:00,1423502772,-68.844
2026-07-13T21:41:54.852589+00:00,1423504237,-68.845
2026-07-13T21:41:54.852589+00:00,1423505702,-68.83
2026-07-13T21:41:54.852589+00:00,1423507167,-68.85
2026-07-13T21:41:54.852589+00:00,1423508632,-68.838
2026-07-13T21:41:54.852589+00:00,1423510096,-68.755
2026-07-13T21:41:54.852589+00:00,1423511561,-68.805
2026-07-13T21:41:54.852589+00:00,1423513026,-68.832
2026-07-13T21:41:54.852589+00:00,1423514491,-68.747
2026-07-13T21:41:54.852589+00:00,1423515956,-68.72
2026-07-13T21:41:54.852589+00:00,1423517421,-68.82
2026-07-13T21:41:54.852589+00:00,1423518885,-68.809
2026-07-13T21:41:54.852589+00:00,1423520350,-68.793
2026-07-13T21:41:54.852589+00:00,1423521815,-68.898
2026-07-13T21:41:54.852589+00:00,1423523280,-68.863
2026-07-13T21:41:54.852589+00:00,1423524745,-68.785
2026-07-13T21:41:54.852589+00:00,1423526210,-68.844
2026-07-13T21:41:54.852589+00:00,1423527675,-68.834
2026-07-13T21:41:54.852589+00:00,1423529139,-68.797
2026-07-13T21:41:54.852589+00:00,1423530604,-68.834
2026-07-13T21:41:54.852589+00:00,1423532069,-68.822
2026-07-13T21:41:54.852589+00:00,1423533534,-68.842
2026-07-13T21:41:54.852589+00:00,1423534999,-68.854
2026-07-13T21:41:54.852589+00:00,1423536464,-68.822
2026-07-13T21:41:54.852589+00:00,1423537928,-68.824
2026-07-13T21:41:54.852589+00:00,1423539393,-68.828
2026-07-13T21:41:54.852589+00:00,1423540858,-68.899
2026-07-13T21:41:54.852589+00:00,1423542323,-68.938
2026-07-13T21:41:54.852589+00:00,1423543788,-69.003
2026-07-13T21:41:54.852589+00:00,1423545253,-68.867
2026-07-13T21:41:54.852589+00:00,1423546717,-68.866
2026-07-13T21:41:54.852589+00:00,1423548182,-68.943
2026-07-13T21:41:54.852589+00:00,1423549647,-68.896
2026-07-13T21:41:54.852589+00:00,1423551112,-68.913
2026-07-13T21:41:54.852589+00:00,1423552577,-68.84
2026-07-13T21:41:54.852589+00:00,1423554042,-68.851
2026-07-13T21:41:54.852589+00:00,1423555507,-68.931
2026-07-13T21:41:54.852589+00:00,1423556971,-68.941
2026-07-13T21:41:54.852589+00:00,1423558436,-68.952
2026-07-13T21:41:54.852589+00:00,1423559901,-68.96
2026-07-13T21:41:54.852589+00:00,1423561366,-68.886
2026-07-13T21:41:54.852589+00:00,1423562831,-68.857
2026-07-13T21:41:54.852589+00:00,1423564296,-68.828
2026-07-13T21:41:54.852589+00:00,1423565760,-68.907
2026-07-13T21:41:54.852589+00:00,1423567225,-68.983
2026-07-13T21:41:54.852589+00:00,1423568690,-68.964
2026-07-13T21:41:54.852589+00:00,1423570155,-68.945
2026-07-13T21:41:54.852589+00:00,1423571620,-68.947
2026-07-13T21:41:54.852589+00:00,1423573085,-68.987
2026-07-13T21:41:54.852589+00:00,1423574550,-68.965
2026-07-13T21:41:54.852589+00:00,1423576014,-68.959
2026-07-13T21:41:54.852589+00:00,1423577479,-68.99
2026-07-13T21:41:54.852589+00:00,1423578944,-69.011
2026-07-13T21:41:54.852589+00:00,1423580409,-68.943
2026-07-13T21:41:54.852589+00:00,1423581874,-68.919
2026-07-13T21:41:54.852589+00:00,1423583339,-68.94
2026-07-13T21:41:54.852589+00:00,1423584803,-68.95
2026-07-13T21:41:54.852589+00:00,1423586268,-68.968
2026-07-13T21:41:54.852589+00:00,1423587733,-69.006
2026-07-13T21:41:54.852589+00:00,1423589198,-69.007
2026-07-13T21:41:54.852589+00:00,1423590663,-68.959
2026-07-13T21:41:54.852589+00:00,1423592128,-68.903
2026-07-13T21:41:54.852589+00:00,1423593592,-68.91
2026-07-13T21:41:54.852589+00:00,1423595057,-68.997
2026-07-13T21:41:54.852589+00:00,1423596522,-68.959
2026-07-13T21:41:54.852589+00:00,1423597987,-68.934
2026-07-13T21:41:54.852589+00:00,1423599452,-68.955
2026-07-13T21:41:54.852589+00:00,1423600917,-69.024
2026-07-13T21:41:54.852589+00:00,1423602382,-69.028
2026-07-13T21:41:54.852589+00:00,1423603846,-68.966
2026-07-13T21:41:54.852589+00:00,1423605311,-68.931
2026-07-13T21:41:54.852589+00:00,1423606776,-68.962
2026-07-13T21:41:54.852589+00:00,1423608241,-68.956
2026-07-13T21:41:54.852589+00:00,1423609706,-68.943
2026-07-13T21:41:54.852589+00:00,1423611171,-69.054
2026-07-13T21:41:54.852589+00:00,1423612635,-69.093
2026-07-13T21:41:54.852589+00:00,1423614100,-69.022
2026-07-13T21:41:54.852589+00:00,1423615565,-69.006
2026-07-13T21:41:54.852589+00:00,1423617030,-69.017
2026-07-13T21:41:54.852589+00:00,1423618495,-68.996
2026-07-13T21:41:54.852589+00:00,1423619960,-68.984
2026-07-13T21:41:54.852589+00:00,1423621425,-68.957
2026-07-13T21:41:54.852589+00:00,1423622889,-69.039
2026-07-13T21:41:54.852589+00:00,1423624354,-69.055
2026-07-13T21:41:54.852589+00:00,1423625819,-69.08
2026-07-13T21:41:54.852589+00:00,1423627284,-69.075
2026-07-13T21:41:54.852589+00:00,1423628749,-69.107
2026-07-13T21:41:54.852589+00:00,1423630214,-69.064
2026-07-13T21:41:54.852589+00:00,1423631678,-69.069
2026-07-13T21:41:54.852589+00:00,1423633143,-69.139
2026-07-13T21:41:54.852589+00:00,1423634608,-69.087
2026-07-13T21:41:54.852589+00:00,1423636073,-69.036
2026-07-13T21:41:54.852589+00:00,1423637538,-69.099
2026-07-13T21:41:54.852589+00:00,1423639003,-69.087
2026-07-13T21:41:54.852589+00:00,1423640467,-69.112
2026-07-13T21:41:54.852589+00:00,1423641932,-69.119
2026-07-13T21:41:54.852589+00:00,1423643397,-69.073
2026-07-13T21:41:54.852589+00:00,1423644862,-69.057
2026-07-13T21:41:54.852589+00:00,1423646327,-69.098
2026-07-13T21:41:54.852589+00:00,1423647792,-69.089
2026-07-13T21:41:54.852589+00:00,1423649257,-69.065
2026-07-13T21:41:54.852589+00:00,1423650721,-69.053
2026-07-13T21:41:54.852589+00:00,1423652186,-69.093
2026-07-13T21:41:54.852589+00:00,1423653651,-69.109
2026-07-13T21:41:54.852589+00:00,1423655116,-69.124
2026-07-13T21:41:54.852589+00:00,1423656581,-69.119
2026-07-13T21:41:54.852589+00:00,1423658046,-69.032
2026-07-13T21:41:54.852589+00:00,1423659510,-69.081
2026-07-13T21:41:54.852589+00:00,1423660975,-69.114
2026-07-13T21:41:54.852589+00:00,1423662440,-69.097
2026-07-13T21:41:54.852589+00:00,1423663905,-69.086
2026-07-13T21:41:54.852589+00:00,1423665370,-69.071
2026-07-13T21:41:54.852589+00:00,1423666835,-69.109
2026-07-13T21:41:54.852589+00:00,1423668300,-69.138
2026-07-13T21:41:54.852589+00:00,1423669764,-69.104
2026-07-13T21:41:54.852589+00:00,1423671229,-69.173
2026-07-13T21:41:54.852589+00:00,1423672694,-69.197
2026-07-13T21:41:54.852589+00:00,1423674159,-69.154
2026-07-13T21:41:54.852589+00:00,1423675624,-69.156
2026-07-13T21:41:54.852589+00:00,1423677089,-69.188
2026-07-13T21:41:54.852589+00:00,1423678553,-69.207
2026-07-13T21:41:54.852589+00:00,1423680018,-69.189
2026-07-13T21:41:54.852589+00:00,1423681483,-69.146
2026-07-13T21:41:54.852589+00:00,1423682948,-69.194
2026-07-13T21:41:54.852589+00:00,1423684413,-69.246
2026-07-13T21:41:54.852589+00:00,1423685878,-69.235
2026-07-13T21:41:54.852589+00:00,1423687342,-69.168
2026-07-13T21:41:54.852589+00:00,1423688807,-69.239
2026-07-13T21:41:54.852589+00:00,1423690272,-69.298
2026-07-13T21:41:54.852589+00:00,1423691737,-69.261
2026-07-13T21:41:54.852589+00:00,1423693202,-69.198
2026-07-13T21:41:54.852589+00:00,1423694667,-69.248
2026-07-13T21:41:54.852589+00:00,1423696132,-69.279
2026-07-13T21:41:54.852589+00:00,1423697596,-69.262
2026-07-13T21:41:54.852589+00:00,1423699061,-69.244
2026-07-13T21:41:54.852589+00:00,1423700526,-69.228
2026-07-13T21:41:54.852589+00:00,1423701991,-69.222
2026-07-13T21:41:54.852589+00:00,1423703456,-69.268
2026-07-13T21:41:54.852589+00:00,1423704921,-69.293
2026-07-13T21:41:54.852589+00:00,1423706385,-69.258
2026-07-13T21:41:54.852589+00:00,1423707850,-69.267
2026-07-13T21:41:54.852589+00:00,1423709315,-69.237
2026-07-13T21:41:54.852589+00:00,1423710780,-69.226
2026-07-13T21:41:54.852589+00:00,1423712245,-69.227
2026-07-13T21:41:54.852589+00:00,1423713710,-69.327
2026-07-13T21:41:54.852589+00:00,1423715175,-69.344
2026-07-13T21:41:54.852589+00:00,1423716639,-69.296
2026-07-13T21:41:54.852589+00:00,1423718104,-69.293
2026-07-13T21:41:54.852589+00:00,1423719569,-69.364
2026-07-13T21:41:54.852589+00:00,1423721034,-69.376
2026-07-13T21:41:54.852589+00:00,1423722499,-69.326
2026-07-13T21:41:54.852589+00:00,1423723964,-69.359
2026-07-13T21:41:54.852589+00:00,1423725428,-69.344
2026-07-13T21:41:54.852589+00:00,1423726893,-69.316
2026-07-13T21:41:54.852589+00:00,1423728358,-69.332
2026-07-13T21:41:54.852589+00:00,1423729823,-69.369
2026-07-13T21:41:54.852589+00:00,1423731288,-69.38
2026-07-13T21:41:54.852589+00:00,1423732753,-69.402
2026-07-13T21:41:54.852589+00:00,1423734217,-69.393
2026-07-13T21:41:54.852589+00:00,1423735682,-69.362
2026-07-13T21:41:54.852589+00:00,1423737147,-69.348
2026-07-13T21:41:54.852589+00:00,1423738612,-69.35
2026-07-13T21:41:54.852589+00:00,1423740077,-69.383
2026-07-13T21:41:54.852589+00:00,1423741542,-69.437
2026-07-13T21:41:54.852589+00:00,1423743007,-69.382
2026-07-13T21:41:54.852589+00:00,1423744471,-69.37
2026-07-13T21:41:54.852589+00:00,1423745936,-69.382
2026-07-13T21:41:54.852589+00:00,1423747401,-69.413
2026-07-13T21:41:54.852589+00:00,1423748866,-69.446
2026-07-13T21:41:54.852589+00:00,1423750331,-69.472
2026-07-13T21:41:54.852589+00:00,1423751796,-69.485
2026-07-13T21:41:54.852589+00:00,1423753260,-69.513
2026-07-13T21:41:54.852589+00:00,1423754725,-69.496
2026-07-13T21:41:54.852589+00:00,1423756190,-69.476
2026-07-13T21:41:54.852589+00:00,1423757655,-69.488
2026-07-13T21:41:54.852589+00:00,1423759120,-69.462
2026-07-13T21:41:54.852589+00:00,1423760585,-69.478
2026-07-13T21:41:54.852589+00:00,1423762050,-69.528
2026-07-13T21:41:54.852589+00:00,1423763514,-69.515
2026-07-13T21:41:54.852589+00:00,1423764979,-69.519
2026-07-13T21:41:54.852589+00:00,1423766444,-69.543
2026-07-13T21:41:54.852589+00:00,1423767909,-69.527
2026-07-13T21:41:54.852589+00:00,1423769374,-69.525
2026-07-13T21:41:54.852589+00:00,1423770839,-69.521
2026-07-13T21:41:54.852589+00:00,1423772303,-69.489
2026-07-13T21:41:54.852589+00:00,1423773768,-69.504
2026-07-13T21:41:54.852589+00:00,1423775233,-69.446
2026-07-13T21:41:54.852589+00:00,1423776698,-69.536
2026-07-13T21:41:54.852589+00:00,1423778163,-69.542
2026-07-13T21:41:54.852589+00:00,1423779628,-69.533
2026-07-13T21:41:54.852589+00:00,1423781092,-69.538
2026-07-13T21:41:54.852589+00:00,1423782557,-69.534
2026-07-13T21:41:54.852589+00:00,1423784022,-69.586
2026-07-13T21:41:54.852589+00:00,1423785487,-69.531
2026-07-13T21:41:54.852589+00:00,1423786952,-69.519
2026-07-13T21:41:54.852589+00:00,1423788417,-69.56
2026-07-13T21:41:54.852589+00:00,1423789882,-69.537
2026-07-13T21:41:54.852589+00:00,1423791346,-69.543
2026-07-13T21:41:54.852589+00:00,1423792811,-69.512
2026-07-13T21:41:54.852589+00:00,1423794276,-69.574
2026-07-13T21:41:54.852589+00:00,1423795741,-69.576
2026-07-13T21:41:54.852589+00:00,1423797206,-69.58
2026-07-13T21:41:54.852589+00:00,1423798671,-69.57
2026-07-13T21:41:54.852589+00:00,1423800135,-69.594
2026-07-13T21:41:54.852589+00:00,1423801600,-69.614
2026-07-13T21:41:54.852589+00:00,1423803065,-69.655
2026-07-13T21:41:54.852589+00:00,1423804530,-69.705
2026-07-13T21:41:54.852589+00:00,1423805995,-69.698
2026-07-13T21:41:54.852589+00:00,1423807460,-69.633
2026-07-13T21:41:54.852589+00:00,1423808925,-69.588
2026-07-13T21:41:54.852589+00:00,1423810389,-69.627
2026-07-13T21:41:54.852589+00:00,1423811854,-69.646
2026-07-13T21:41:54.852589+00:00,1423813319,-69.603
2026-07-13T21:41:54.852589+00:00,1423814784,-69.692
2026-07-13T21:41:54.852589+00:00,1423816249,-69.664
2026-07-13T21:41:54.852589+00:00,1423817714,-69.552
2026-07-13T21:41:54.852589+00:00,1423819178,-69.649
2026-07-13T21:41:54.852589+00:00,1423820643,-69.683
2026-07-13T21:41:54.852589+00:00,1423822108,-69.675
2026-07-13T21:41:54.852589+00:00,1423823573,-69.655
2026-07-13T21:41:54.852589+00:00,1423825038,-69.676
2026-07-13T21:41:54.852589+00:00,1423826503,-69.666
2026-07-13T21:41:54.852589+00:00,1423827967,-69.7
2026-07-13T21:41:54.852589+00:00,1423829432,-69.758
2026-07-13T21:41:54.852589+00:00,1423830897,-69.731
2026-07-13T21:41:54.852589+00:00,1423832362,-69.753
2026-07-13T21:41:54.852589+00:00,1423833827,-69.72
2026-07-13T21:41:54.852589+00:00,1423835292,-69.75
2026-07-13T21:41:54.852589+00:00,1423836757,-69.76
2026-07-13T21:41:54.852589+00:00,1423838221,-69.72
2026-07-13T21:41:54.852589+00:00,1423839686,-69.67
2026-07-13T21:41:54.852589+00:00,1423841151,-69.716
2026-07-13T21:41:54.852589+00:00,1423842616,-69.697
2026-07-13T21:41:54.852589+00:00,1423844081,-69.738
2026-07-13T21:41:54.852589+00:00,1423845546,-69.71
2026-07-13T21:41:54.852589+00:00,1423847010,-69.66
2026-07-13T21:41:54.852589+00:00,1423848475,-69.673
2026-07-13T21:41:54.852589+00:00,1423849940,-69.71
2026-07-13T21:41:54.852589+00:00,1423851405,-69.724
2026-07-13T21:41:54.852589+00:00,1423852870,-69.765
2026-07-13T21:41:54.852589+00:00,1423854335,-69.717
2026-07-13T21:41:54.852589+00:00,1423855800,-69.721
2026-07-13T21:41:54.852589+00:00,1423857264,-69.679
2026-07-13T21:41:54.852589+00:00,1423858729,-69.703
2026-07-13T21:41:54.852589+00:00,1423860194,-69.724
2026-07-13T21:41:54.852589+00:00,1423861659,-69.691
2026-07-13T21:41:54.852589+00:00,1423863124,-69.761
2026-07-13T21:41:54.852589+00:00,1423864589,-69.709
2026-07-13T21:41:54.852589+00:00,1423866053,-69.774
2026-07-13T21:41:54.852589+00:00,1423867518,-69.826
2026-07-13T21:41:54.852589+00:00,1423868983,-69.757
2026-07-13T21:41:54.852589+00:00,1423870448,-69.769
2026-07-13T21:41:54.852589+00:00,1423871913,-69.766
2026-07-13T21:41:54.852589+00:00,1423873378,-69.786
2026-07-13T21:41:54.852589+00:00,1423874842,-69.763
2026-07-13T21:41:54.852589+00:00,1423876307,-69.775
2026-07-13T21:41:54.852589+00:00,1423877772,-69.705
2026-07-13T21:41:54.852589+00:00,1423879237,-69.728
2026-07-13T21:41:54.852589+00:00,1423880702,-69.747
2026-07-13T21:41:54.852589+00:00,1423882167,-69.686
2026-07-13T21:41:54.852589+00:00,1423883632,-69.692
2026-07-13T21:41:54.852589+00:00,1423885096,-69.68
2026-07-13T21:41:54.852589+00:00,1423886561,-69.692
2026-07-13T21:41:54.852589+00:00,1423888026,-69.723
2026-07-13T21:41:54.852589+00:00,1423889491,-69.721
2026-07-13T21:41:54.852589+00:00,1423890956,-69.714
2026-07-13T21:41:54.852589+00:00,1423892421,-69.724
2026-07-13T21:41:54.852589+00:00,1423893885,-69.688
2026-07-13T21:41:54.852589+00:00,1423895350,-69.689
2026-07-13T21:41:54.852589+00:00,1423896815,-69.684
2026-07-13T21:41:54.852589+00:00,1423898280,-69.65
2026-07-13T21:41:54.852589+00:00,1423899745,-69.709
2026-07-13T21:41:54.852589+00:00,1423901210,-69.702
2026-07-13T21:41:54.852589+00:00,1423902675,-69.703
2026-07-13T21:41:54.852589+00:00,1423904139,-69.667
2026-07-13T21:41:54.852589+00:00,1423905604,-69.66
2026-07-13T21:41:54.852589+00:00,1423907069,-69.687
2026-07-13T21:41:54.852589+00:00,1423908534,-69.705
2026-07-13T21:41:54.852589+00:00,1423909999,-69.646
2026-07-13T21:41:54.852589+00:00,1423911464,-69.679
2026-07-13T21:41:54.852589+00:00,1423912928,-69.673
2026-07-13T21:41:54.852589+00:00,1423914393,-69.66
2026-07-13T21:41:54.852589+00:00,1423915858,-69.656
2026-07-13T21:41:54.852589+00:00,1423917323,-69.699
2026-07-13T21:41:54.852589+00:00,1423918788,-69.693
2026-07-13T21:41:54.852589+00:00,1423920253,-69.687
2026-07-13T21:41:54.852589+00:00,1423921717,-69.662
2026-07-13T21:41:54.852589+00:00,1423923182,-69.628
2026-07-13T21:41:54.852589+00:00,1423924647,-69.649
2026-07-13T21:41:54.852589+00:00,1423926112,-69.566
2026-07-13T21:41:54.852589+00:00,1423927577,-69.533
2026-07-13T21:41:54.852589+00:00,1423929042,-69.593
2026-07-13T21:41:54.852589+00:00,1423930507,-69.614
2026-07-13T21:41:54.852589+00:00,1423931971,-69.651
2026-07-13T21:41:54.852589+00:00,1423933436,-69.592
2026-07-13T21:41:54.852589+00:00,1423934901,-69.577
2026-07-13T21:41:54.852589+00:00,1423936366,-69.56
2026-07-13T21:41:54.852589+00:00,1423937831,-69.6
2026-07-13T21:41:54.852589+00:00,1423939296,-69.577
2026-07-13T21:41:54.852589+00:00,1423940760,-69.544
2026-07-13T21:41:54.852589+00:00,1423942225,-69.569
2026-07-13T21:41:54.852589+00:00,1423943690,-69.586
2026-07-13T21:41:54.852589+00:00,1423945155,-69.598
2026-07-13T21:41:54.852589+00:00,1423946620,-69.524
2026-07-13T21:41:54.852589+00:00,1423948085,-69.51
2026-07-13T21:41:54.852589+00:00,1423949550,-69.571
2026-07-13T21:41:54.852589+00:00,1423951014,-69.607
2026-07-13T21:41:54.852589+00:00,1423952479,-69.575
2026-07-13T21:41:54.852589+00:00,1423953944,-69.488
2026-07-13T21:41:54.852589+00:00,1423955409,-69.512
2026-07-13T21:41:54.852589+00:00,1423956874,-69.547
2026-07-13T21:41:54.852589+00:00,1423958339,-69.56
2026-07-13T21:41:54.852589+00:00,1423959803,-69.525
2026-07-13T21:41:54.852589+00:00,1423961268,-69.537
2026-07-13T21:41:54.852589+00:00,1423962733,-69.512
2026-07-13T21:41:54.852589+00:00,1423964198,-69.49
2026-07-13T21:41:54.852589+00:00,1423965663,-69.425
2026-07-13T21:41:54.852589+00:00,1423967128,-69.469
2026-07-13T21:41:54.852589+00:00,1423968592,-69.451
2026-07-13T21:41:54.852589+00:00,1423970057,-69.419
2026-07-13T21:41:54.852589+00:00,1423971522,-69.418
2026-07-13T21:41:54.852589+00:00,1423972987,-69.449
2026-07-13T21:41:54.852589+00:00,1423974452,-69.45
2026-07-13T21:41:54.852589+00:00,1423975917,-69.423
2026-07-13T21:41:54.852589+00:00,1423977382,-69.399
2026-07-13T21:41:54.852589+00:00,1423978846,-69.399
2026-07-13T21:41:54.852589+00:00,1423980311,-69.383
2026-07-13T21:41:54.852589+00:00,1423981776,-69.364
2026-07-13T21:41:54.852589+00:00,1423983241,-69.386
2026-07-13T21:41:54.852589+00:00,1423984706,-69.304
2026-07-13T21:41:54.852589+00:00,1423986171,-69.367
2026-07-13T21:41:54.852589+00:00,1423987635,-69.358
2026-07-13T21:41:54.852589+00:00,1423989100,-69.329
2026-07-13T21:41:54.852589+00:00,1423990565,-69.336
2026-07-13T21:41:54.852589+00:00,1423992030,-69.379
2026-07-13T21:41:54.852589+00:00,1423993495,-69.336
2026-07-13T21:41:54.852589+00:00,1423994960,-69.306
2026-07-13T21:41:54.852589+00:00,1423996425,-69.322
2026-07-13T21:41:54.852589+00:00,1423997889,-69.342
2026-07-13T21:41:54.852589+00:00,1423999354,-69.328
2026-07-13T21:41:54.852589+00:00,1424000819,-69.369
2026-07-13T21:41:54.852589+00:00,1424002284,-69.359
2026-07-13T21:41:54.852589+00:00,1424003749,-69.356
2026-07-13T21:41:54.852589+00:00,1424005214,-69.408
2026-07-13T21:41:54.852589+00:00,1424006678,-69.292
2026-07-13T21:41:54.852589+00:00,1424008143,-69.195
2026-07-13T21:41:54.852589+00:00,1424009608,-69.276
2026-07-13T21:41:54.852589+00:00,1424011073,-69.327
2026-07-13T21:41:54.852589+00:00,1424012538,-69.259
2026-07-13T21:41:54.852589+00:00,1424014003,-69.277
2026-07-13T21:41:54.852589+00:00,1424015467,-69.283
2026-07-13T21:41:54.852589+00:00,1424016932,-69.286
2026-07-13T21:41:54.852589+00:00,1424018397,-69.271
2026-07-13T21:41:54.852589+00:00,1424019862,-69.265
2026-07-13T21:41:54.852589+00:00,1424021327,-69.302
2026-07-13T21:41:54.852589+00:00,1424022792,-69.284
2026-07-13T21:41:54.852589+00:00,1424024257,-69.273
2026-07-13T21:41:54.852589+00:00,1424025721,-69.195
2026-07-13T21:41:54.852589+00:00,1424027186,-69.21
2026-07-13T21:41:54.852589+00:00,1424028651,-69.264
2026-07-13T21:41:54.852589+00:00,1424030116,-69.338
2026-07-13T21:41:54.852589+00:00,1424031581,-69.283
2026-07-13T21:41:54.852589+00:00,1424033046,-69.221
2026-07-13T21:41:54.852589+00:00,1424034510,-69.217
2026-07-13T21:41:54.852589+00:00,1424035975,-69.215
2026-07-13T21:41:54.852589+00:00,1424037440,-69.249
2026-07-13T21:41:54.852589+00:00,1424038905,-69.211
2026-07-13T21:41:54.852589+00:00,1424040370,-69.163
2026-07-13T21:41:54.852589+00:00,1424041835,-69.25
2026-07-13T21:41:54.852589+00:00,1424043300,-69.256
2026-07-13T21:41:54.852589+00:00,1424044764,-69.154
2026-07-13T21:41:54.852589+00:00,1424046229,-69.21
2026-07-13T21:41:54.852589+00:00,1424047694,-69.259
2026-07-13T21:41:54.852589+00:00,1424049159,-69.164
2026-07-13T21:41:54.852589+00:00,1424050624,-69.098
2026-07-13T21:41:54.852589+00:00,1424052089,-69.146
2026-07-13T21:41:54.852589+00:00,1424053553,-69.192
2026-07-13T21:41:54.852589+00:00,1424055018,-69.152
2026-07-13T21:41:54.852589+00:00,1424056483,-69.124
2026-07-13T21:41:54.852589+00:00,1424057948,-69.185
2026-07-13T21:41:54.852589+00:00,1424059413,-69.164
2026-07-13T21:41:54.852589+00:00,1424060878,-69.125
2026-07-13T21:41:54.852589+00:00,1424062342,-69.278
2026-07-13T21:41:54.852589+00:00,1424063807,-69.282
2026-07-13T21:41:54.852589+00:00,1424065272,-69.184
2026-07-13T21:41:54.852589+00:00,1424066737,-69.097
2026-07-13T21:41:54.852589+00:00,1424068202,-69.107
2026-07-13T21:41:54.852589+00:00,1424069667,-69.234
2026-07-13T21:41:54.852589+00:00,1424071132,-69.222
2026-07-13T21:41:54.852589+00:00,1424072596,-69.205
2026-07-13T21:41:54.852589+00:00,1424074061,-69.158
2026-07-13T21:41:54.852589+00:00,1424075526,-69.196
2026-07-13T21:41:54.852589+00:00,1424076991,-69.255
2026-07-13T21:41:54.852589+00:00,1424078456,-69.283
2026-07-13T21:41:54.852589+00:00,1424079921,-69.296
2026-07-13T21:41:54.852589+00:00,1424081385,-69.315
2026-07-13T21:41:54.852589+00:00,1424082850,-69.278
2026-07-13T21:41:54.852589+00:00,1424084315,-69.269
2026-07-13T21:41:54.852589+00:00,1424085780,-69.231
2026-07-13T21:41:54.852589+00:00,1424087245,-69.28
2026-07-13T21:41:54.852589+00:00,1424088710,-69.345
2026-07-13T21:41:54.852589+00:00,1424090175,-69.302
2026-07-13T21:41:54.852589+00:00,1424091639,-69.275
2026-07-13T21:41:54.852589+00:00,1424093104,-69.207
2026-07-13T21:41:54.852589+00:00,1424094569,-69.246
2026-07-13T21:41:54.852589+00:00,1424096034,-69.258
2026-07-13T21:41:54.852589+00:00,1424097499,-69.278
2026-07-13T21:41:54.852589+00:00,1424098964,-69.328
2026-07-13T21:41:54.852589+00:00,1424100428,-69.371
2026-07-13T21:41:54.852589+00:00,1424101893,-69.311
2026-07-13T21:41:54.852589+00:00,1424103358,-69.215
2026-07-13T21:41:54.852589+00:00,1424104823,-69.295
2026-07-13T21:41:54.852589+00:00,1424106288,-69.307
2026-07-13T21:41:54.852589+00:00,1424107753,-69.375
2026-07-13T21:41:54.852589+00:00,1424109217,-69.425
2026-07-13T21:41:54.852589+00:00,1424110682,-69.464
2026-07-13T21:41:54.852589+00:00,1424112147,-69.403
2026-07-13T21:41:54.852589+00:00,1424113612,-69.402
2026-07-13T21:41:54.852589+00:00,1424115077,-69.379
2026-07-13T21:41:54.852589+00:00,1424116542,-69.325
2026-07-13T21:41:54.852589+00:00,1424118007,-69.376
2026-07-13T21:41:54.852589+00:00,1424119471,-69.441
2026-07-13T21:41:54.852589+00:00,1424120936,-69.439
2026-07-13T21:41:54.852589+00:00,1424122401,-69.411
2026-07-13T21:41:54.852589+00:00,1424123866,-69.387
2026-07-13T21:41:54.852589+00:00,1424125331,-69.475
2026-07-13T21:41:54.852589+00:00,1424126796,-69.514
2026-07-13T21:41:54.852589+00:00,1424128260,-69.521
2026-07-13T21:41:54.852589+00:00,1424129725,-69.56
2026-07-13T21:41:54.852589+00:00,1424131190,-69.54
2026-07-13T21:41:54.852589+00:00,1424132655,-69.578
2026-07-13T21:41:54.852589+00:00,1424134120,-69.594
2026-07-13T21:41:54.852589+00:00,1424135585,-69.596
2026-07-13T21:41:54.852589+00:00,1424137050,-69.549
2026-07-13T21:41:54.852589+00:00,1424138514,-69.526
2026-07-13T21:41:54.852589+00:00,1424139979,-69.585
2026-07-13T21:41:54.852589+00:00,1424141444,-69.633
2026-07-13T21:41:54.852589+00:00,1424142909,-69.75
2026-07-13T21:41:54.852589+00:00,1424144374,-69.819
2026-07-13T21:41:54.852589+00:00,1424145839,-69.784
2026-07-13T21:41:54.852589+00:00,1424147303,-69.668
2026-07-13T21:41:54.852589+00:00,1424148768,-69.685
2026-07-13T21:41:54.852589+00:00,1424150233,-69.802
2026-07-13T21:41:54.852589+00:00,1424151698,-69.825
2026-07-13T21:41:54.852589+00:00,1424153163,-69.836
2026-07-13T21:41:54.852589+00:00,1424154628,-69.905
2026-07-13T21:41:54.852589+00:00,1424156092,-69.925
2026-07-13T21:41:54.852589+00:00,1424157557,-69.897
2026-07-13T21:41:54.852589+00:00,1424159022,-69.898
2026-07-13T21:41:54.852589+00:00,1424160487,-69.931
2026-07-13T21:41:54.852589+00:00,1424161952,-69.99
2026-07-13T21:41:54.852589+00:00,1424163417,-69.998
2026-07-13T21:41:54.852589+00:00,1424164882,-70.001
2026-07-13T21:41:54.852589+00:00,1424166346,-70.1
2026-07-13T21:41:54.852589+00:00,1424167811,-70.075
2026-07-13T21:41:54.852589+00:00,1424169276,-70.075
2026-07-13T21:41:54.852589+00:00,1424170741,-70.167
2026-07-13T21:41:54.852589+00:00,1424172206,-70.219
2026-07-13T21:41:54.852589+00:00,1424173671,-70.257
2026-07-13T21:41:54.852589+00:00,1424175135,-70.259
2026-07-13T21:41:54.852589+00:00,1424176600,-70.242
2026-07-13T21:41:54.852589+00:00,1424178065,-70.297
2026-07-13T21:41:54.852589+00:00,1424179530,-70.362
2026-07-13T21:41:54.852589+00:00,1424180995,-70.403
2026-07-13T21:41:54.852589+00:00,1424182460,-70.464
2026-07-13T21:41:54.852589+00:00,1424183925,-70.515
2026-07-13T21:41:54.852589+00:00,1424185389,-70.522
2026-07-13T21:41:54.852589+00:00,1424186854,-70.504
2026-07-13T21:41:54.852589+00:00,1424188319,-70.488
2026-07-13T21:41:54.852589+00:00,1424189784,-70.541
2026-07-13T21:41:54.852589+00:00,1424191249,-70.583
2026-07-13T21:41:54.852589+00:00,1424192714,-70.672
2026-07-13T21:41:54.852589+00:00,1424194178,-70.682
2026-07-13T21:41:54.852589+00:00,1424195643,-70.722
2026-07-13T21:41:54.852589+00:00,1424197108,-70.797
2026-07-13T21:41:54.852589+00:00,1424198573,-70.856
2026-07-13T21:41:54.852589+00:00,1424200038,-70.83
2026-07-13T21:41:54.852589+00:00,1424201503,-70.874
2026-07-13T21:41:54.852589+00:00,1424202967,-70.925
2026-07-13T21:41:54.852589+00:00,1424204432,-70.918
2026-07-13T21:41:54.852589+00:00,1424205897,-71.035
2026-07-13T21:41:54.852589+00:00,1424207362,-71.108
2026-07-13T21:41:54.852589+00:00,1424208827,-71.08
2026-07-13T21:41:54.852589+00:00,1424210292,-71.103
2026-07-13T21:41:54.852589+00:00,1424211757,-71.176
2026-07-13T21:41:54.852589+00:00,1424213221,-71.244
2026-07-13T21:41:54.852589+00:00,1424214686,-71.318
2026-07-13T21:41:54.852589+00:00,1424216151,-71.324
2026-07-13T21:41:54.852589+00:00,1424217616,-71.356
2026-07-13T21:41:54.852589+00:00,1424219081,-71.405
2026-07-13T21:41:54.852589+00:00,1424220546,-71.534
2026-07-13T21:41:54.852589+00:00,1424222010,-71.579
2026-07-13T21:41:54.852589+00:00,1424223475,-71.623
2026-07-13T21:41:54.852589+00:00,1424224940,-71.645
2026-07-13T21:41:54.852589+00:00,1424226405,-71.667
2026-07-13T21:41:54.852589+00:00,1424227870,-71.711
2026-07-13T21:41:54.852589+00:00,1424229335,-71.831
2026-07-13T21:41:54.852589+00:00,1424230800,-71.857
2026-07-13T21:41:54.852589+00:00,1424232264,-71.86
2026-07-13T21:41:54.852589+00:00,1424233729,-71.974
2026-07-13T21:41:54.852589+00:00,1424235194,-72.037
2026-07-13T21:41:54.852589+00:00,1424236659,-72.081
2026-07-13T21:41:54.852589+00:00,1424238124,-72.085
2026-07-13T21:41:54.852589+00:00,1424239589,-72.193
2026-07-13T21:41:54.852589+00:00,1424241053,-72.251
2026-07-13T21:41:54.852589+00:00,1424242518,-72.314
2026-07-13T21:41:54.852589+00:00,1424243983,-72.401
2026-07-13T21:41:54.852589+00:00,1424245448,-72.45
2026-07-13T21:41:54.852589+00:00,1424246913,-72.501
2026-07-13T21:41:54.852589+00:00,1424248378,-72.557
2026-07-13T21:41:54.852589+00:00,1424249842,-72.596
2026-07-13T21:41:54.852589+00:00,1424251307,-72.675
2026-07-13T21:41:54.852589+00:00,1424252772,-72.737
2026-07-13T21:41:54.852589+00:00,1424254237,-72.837
2026-07-13T21:41:54.852589+00:00,1424255702,-72.964
2026-07-13T21:41:54.852589+00:00,1424257167,-73.05
2026-07-13T21:41:54.852589+00:00,1424258632,-73.063
2026-07-13T21:41:54.852589+00:00,1424260096,-73.121
2026-07-13T21:41:54.852589+00:00,1424261561,-73.177
2026-07-13T21:41:54.852589+00:00,1424263026,-73.276
2026-07-13T21:41:54.852589+00:00,1424264491,-73.392
2026-07-13T21:41:54.852589+00:00,1424265956,-73.476
2026-07-13T21:41:54.852589+00:00,1424267421,-73.58
2026-07-13T21:41:54.852589+00:00,1424268885,-73.639
2026-07-13T21:41:54.852589+00:00,1424270350,-73.64
2026-07-13T21:41:54.852589+00:00,1424271815,-73.736
2026-07-13T21:41:54.852589+00:00,1424273280,-73.781
2026-07-13T21:41:54.852589+00:00,1424274745,-73.911
2026-07-13T21:41:54.852589+00:00,1424276210,-74.011
2026-07-13T21:41:54.852589+00:00,1424277675,-74.092
2026-07-13T21:41:54.852589+00:00,1424279139,-74.204
2026-07-13T21:41:54.852589+00:00,1424280604,-74.303
2026-07-13T21:41:54.852589+00:00,1424282069,-74.396
2026-07-13T21:41:54.852589+00:00,1424283534,-74.526
2026-07-13T21:41:54.852589+00:00,1424284999,-74.604
2026-07-13T21:41:54.852589+00:00,1424286464,-74.683
2026-07-13T21:41:54.852589+00:00,1424287928,-74.844
2026-07-13T21:41:54.852589+00:00,1424289393,-74.896
2026-07-13T21:41:54.852589+00:00,1424290858,-74.947
2026-07-13T21:41:54.852589+00:00,1424292323,-74.956
2026-07-13T21:41:54.852589+00:00,1424293788,-75.035
2026-07-13T21:41:54.852589+00:00,1424295253,-75.228
2026-07-13T21:41:54.852589+00:00,1424296717,-75.311
2026-07-13T21:41:54.852589+00:00,1424298182,-75.379
2026-07-13T21:41:54.852589+00:00,1424299647,-75.489
2026-07-13T21:41:54.852589+00:00,1424301112,-75.591
2026-07-13T21:41:54.852589+00:00,1424302577,-75.701
2026-07-13T21:41:54.852589+00:00,1424304042,-75.815
2026-07-13T21:41:54.852589+00:00,1424305507,-75.915
2026-07-13T21:41:54.852589+00:00,1424306971,-76.039
2026-07-13T21:41:54.852589+00:00,1424308436,-76.113
2026-07-13T21:41:54.852589+00:00,1424309901,-76.261
2026-07-13T21:41:54.852589+00:00,1424311366,-76.407
2026-07-13T21:41:54.852589+00:00,1424312831,-76.536
2026-07-13T21:41:54.852589+00:00,1424314296,-76.607
2026-07-13T21:41:54.852589+00:00,1424315760,-76.702
2026-07-13T21:41:54.852589+00:00,1424317225,-76.81
2026-07-13T21:41:54.852589+00:00,1424318690,-76.885
2026-07-13T21:41:54.852589+00:00,1424320155,-77.025
2026-07-13T21:41:54.852589+00:00,1424321620,-77.179
2026-07-13T21:41:54.852589+00:00,1424323085,-77.275
2026-07-13T21:41:54.852589+00:00,1424324550,-77.443
2026-07-13T21:41:54.852589+00:00,1424326014,-77.516
2026-07-13T21:41:54.852589+00:00,1424327479,-77.593
2026-07-13T21:41:54.852589+00:00,1424328944,-77.759
2026-07-13T21:41:54.852589+00:00,1424330409,-77.851
2026-07-13T21:41:54.852589+00:00,1424331874,-78.001
2026-07-13T21:41:54.852589+00:00,1424333339,-78.146
2026-07-13T21:41:54.852589+00:00,1424334803,-78.261
2026-07-13T21:41:54.852589+00:00,1424336268,-78.382
2026-07-13T21:41:54.852589+00:00,1424337733,-78.603
2026-07-13T21:41:54.852589+00:00,1424339198,-78.776
2026-07-13T21:41:54.852589+00:00,1424340663,-78.908
2026-07-13T21:41:54.852589+00:00,1424342128,-79.023
2026-07-13T21:41:54.852589+00:00,1424343592,-79.149
2026-07-13T21:41:54.852589+00:00,1424345057,-79.356
2026-07-13T21:41:54.852589+00:00,1424346522,-79.509
2026-07-13T21:41:54.852589+00:00,1424347987,-79.668
2026-07-13T21:41:54.852589+00:00,1424349452,-79.781
2026-07-13T21:41:54.852589+00:00,1424350917,-79.88
2026-07-13T21:41:54.852589+00:00,1424352382,-80.072
2026-07-13T21:41:54.852589+00:00,1424353846,-80.178
2026-07-13T21:41:54.852589+00:00,1424355311,-80.319
2026-07-13T21:41:54.852589+00:00,1424356776,-80.495
2026-07-13T21:41:54.852589+00:00,1424358241,-80.641
2026-07-13T21:41:54.852589+00:00,1424359706,-80.81
2026-07-13T21:41:54.852589+00:00,1424361171,-80.974
2026-07-13T21:41:54.852589+00:00,1424362635,-81.097
2026-07-13T21:41:54.852589+00:00,1424364100,-81.259
2026-07-13T21:41:54.852589+00:00,1424365565,-81.453
2026-07-13T21:41:54.852589+00:00,1424367030,-81.624
2026-07-13T21:41:54.852589+00:00,1424368495,-81.797
2026-07-13T21:41:54.852589+00:00,1424369960,-81.906
2026-07-13T21:41:54.852589+00:00,1424371425,-82.115
2026-07-13T21:41:54.852589+00:00,1424372889,-82.323
2026-07-13T21:41:54.852589+00:00,1424374354,-82.511
2026-07-13T21:41:54.852589+00:00,1424375819,-82.665
2026-07-13T21:41:54.852589+00:00,1424377284,-82.773
2026-07-13T21:41:54.852589+00:00,1424378749,-82.948
2026-07-13T21:41:54.852589+00:00,1424380214,-83.154
2026-07-13T21:41:54.852589+00:00,1424381678,-83.336
2026-07-13T21:41:54.852589+00:00,1424383143,-83.51
2026-07-13T21:41:54.852589+00:00,1424384608,-83.733
2026-07-13T21:41:54.852589+00:00,1424386073,-83.931
2026-07-13T21:41:54.852589+00:00,1424387538,-84.146
2026-07-13T21:41:54.852589+00:00,1424389003,-84.349
2026-07-13T21:41:54.852589+00:00,1424390467,-84.508
2026-07-13T21:41:54.852589+00:00,1424391932,-84.652
2026-07-13T21:41:54.852589+00:00,1424393397,-84.896
2026-07-13T21:41:54.852589+00:00,1424394862,-85.064
2026-07-13T21:41:54.852589+00:00,1424396327,-85.259
2026-07-13T21:41:54.852589+00:00,1424397792,-85.495
2026-07-13T21:41:54.852589+00:00,1424399257,-85.757
2026-07-13T21:41:54.852589+00:00,1424400721,-85.886
2026-07-13T21:41:54.852589+00:00,1424402186,-86.028
2026-07-13T21:41:54.852589+00:00,1424403651,-86.229
2026-07-13T21:41:54.852589+00:00,1424405116,-86.401
2026-07-13T21:41:54.852589+00:00,1424406581,-86.65
2026-07-13T21:41:54.852589+00:00,1424408046,-86.857
2026-07-13T21:41:54.852589+00:00,1424409510,-87.011
2026-07-13T21:41:54.852589+00:00,1424410975,-87.188
2026-07-13T21:41:54.852589+00:00,1424412440,-87.379
2026-07-13T21:41:54.852589+00:00,1424413905,-87.465
2026-07-13T21:41:54.852589+00:00,1424415370,-87.672
2026-07-13T21:41:54.852589+00:00,1424416835,-87.8
2026-07-13T21:41:54.852589+00:00,1424418300,-87.89
2026-07-13T21:41:54.852589+00:00,1424419764,-88.063
2026-07-13T21:41:54.852589+00:00,1424421229,-88.275
2026-07-13T21:41:54.852589+00:00,1424422694,-88.51
2026-07-13T21:41:54.852589+00:00,1424424159,-88.602
2026-07-13T21:41:54.852589+00:00,1424425624,-88.749
2026-07-13T21:41:54.852589+00:00,1424427089,-88.847
2026-07-13T21:41:54.852589+00:00,1424428553,-89.042
2026-07-13T21:41:54.852589+00:00,1424430018,-89.167
2026-07-13T21:41:54.852589+00:00,1424431483,-89.29
2026-07-13T21:41:54.852589+00:00,1424432948,-89.378
2026-07-13T21:41:54.852589+00:00,1424434413,-89.513
2026-07-13T21:41:54.852589+00:00,1424435878,-89.604
2026-07-13T21:41:54.852589+00:00,1424437342,-89.664
2026-07-13T21:41:54.852589+00:00,1424438807,-89.717
2026-07-13T21:41:54.852589+00:00,1424440272,-89.764
2026-07-13T21:41:54.852589+00:00,1424441737,-89.806
2026-07-13T21:41:54.852589+00:00,1424443202,-89.914
2026-07-13T21:41:54.852589+00:00,1424444667,-89.984
2026-07-13T21:41:54.852589+00:00,1424446132,-89.996
2026-07-13T21:41:54.852589+00:00,1424447596,-90.053
2026-07-13T21:41:54.852589+00:00,1424449061,-90.075
2026-07-13T21:41:54.852589+00:00,1424450526,-90.053
2026-07-13T21:41:54.852589+00:00,1424451991,-89.981
2026-07-13T21:41:54.852589+00:00,1424453456,-90.027
2026-07-13T21:41:54.852589+00:00,1424454921,-90.013
2026-07-13T21:41:54.852589+00:00,1424456385,-90.01
2026-07-13T21:41:54.852589+00:00,1424457850,-89.943
2026-07-13T21:41:54.852589+00:00,1424459315,-89.995
2026-07-13T21:41:54.852589+00:00,1424460780,-89.992
2026-07-13T21:41:54.852589+00:00,1424462245,-89.99
2026-07-13T21:41:54.852589+00:00,1424463710,-89.905
2026-07-13T21:41:54.852589+00:00,1424465175,-89.853
2026-07-13T21:41:54.852589+00:00,1424466639,-89.784
2026-07-13T21:41:54.852589+00:00,1424468104,-89.681
2026-07-13T21:41:54.852589+00:00,1424469569,-89.67
2026-07-13T21:41:54.852589+00:00,1424471034,-89.585
2026-07-13T21:41:54.852589+00:00,1424472499,-89.549
2026-07-13T21:41:54.852589+00:00,1424473964,-89.524
2026-07-13T21:41:54.852589+00:00,1424475428,-89.415
2026-07-13T21:41:54.852589+00:00,1424476893,-89.346
2026-07-13T21:41:54.852589+00:00,1424478358,-89.23
2026-07-13T21:41:54.852589+00:00,1424479823,-89.218
2026-07-13T21:41:54.852589+00:00,1424481288,-89.157
2026-07-13T21:41:54.852589+00:00,1424482753,-89.05
2026-07-13T21:41:54.852589+00:00,1424484217,-89.049
2026-07-13T21:41:54.852589+00:00,1424485682,-89.013
2026-07-13T21:41:54.852589+00:00,1424487147,-88.959
2026-07-13T21:41:54.852589+00:00,1424488612,-88.859
2026-07-13T21:41:54.852589+00:00,1424490077,-88.746
2026-07-13T21:41:54.852589+00:00,1424491542,-88.692
2026-07-13T21:41:54.852589+00:00,1424493007,-88.597
2026-07-13T21:41:54.852589+00:00,1424494471,-88.518
2026-07-13T21:41:54.852589+00:00,1424495936,-88.508
2026-07-13T21:41:54.852589+00:00,1424497401,-88.528
2026-07-13T21:41:54.852589+00:00,1424498866,-88.423
2026-07-13T21:41:54.852589+00:00,1424500331,-88.354
2026-07-13T21:41:54.852589+00:00,1424501796,-88.36
2026-07-13T21:41:54.852589+00:00,1424503260,-88.284
2026-07-13T21:41:54.852589+00:00,1424504725,-88.178
2026-07-13T21:41:54.852589+00:00,1424506190,-88.057
2026-07-13T21:41:54.852589+00:00,1424507655,-87.971
2026-07-13T21:41:54.852589+00:00,1424509120,-87.935
2026-07-13T21:41:54.852589+00:00,1424510585,-87.982
2026-07-13T21:41:54.852589+00:00,1424512050,-87.89
2026-07-13T21:41:54.852589+00:00,1424513514,-87.826
2026-07-13T21:41:54.852589+00:00,1424514979,-87.788
2026-07-13T21:41:54.852589+00:00,1424516444,-87.716
2026-07-13T21:41:54.852589+00:00,1424517909,-87.696
2026-07-13T21:41:54.852589+00:00,1424519374,-87.713
2026-07-13T21:41:54.852589+00:00,1424520839,-87.642
2026-07-13T21:41:54.852589+00:00,1424522303,-87.671
2026-07-13T21:41:54.852589+00:00,1424523768,-87.61
2026-07-13T21:41:54.852589+00:00,1424525233,-87.513
2026-07-13T21:41:54.852589+00:00,1424526698,-87.446
2026-07-13T21:41:54.852589+00:00,1424528163,-87.456
2026-07-13T21:41:54.852589+00:00,1424529628,-87.451
2026-07-13T21:41:54.852589+00:00,1424531092,-87.402
2026-07-13T21:41:54.852589+00:00,1424532557,-87.341
2026-07-13T21:41:54.852589+00:00,1424534022,-87.287
2026-07-13T21:41:54.852589+00:00,1424535487,-87.323
2026-07-13T21:41:54.852589+00:00,1424536952,-87.271
2026-07-13T21:41:54.852589+00:00,1424538417,-87.226
2026-07-13T21:41:54.852589+00:00,1424539882,-87.154
2026-07-13T21:41:54.852589+00:00,1424541346,-87.143
2026-07-13T21:41:54.852589+00:00,1424542811,-87.133
2026-07-13T21:41:54.852589+00:00,1424544276,-87.095
2026-07-13T21:41:54.852589+00:00,1424545741,-87.081
2026-07-13T21:41:54.852589+00:00,1424547206,-87.087
2026-07-13T21:41:54.852589+00:00,1424548671,-87.036
2026-07-13T21:41:54.852589+00:00,1424550135,-86.992
2026-07-13T21:41:54.852589+00:00,1424551600,-86.976
2026-07-13T21:41:54.852589+00:00,1424553065,-86.894
2026-07-13T21:41:54.852589+00:00,1424554530,-86.915
2026-07-13T21:41:54.852589+00:00,1424555995,-86.91
2026-07-13T21:41:54.852589+00:00,1424557460,-86.88
2026-07-13T21:41:54.852589+00:00,1424558925,-86.897
2026-07-13T21:41:54.852589+00:00,1424560389,-86.903
2026-07-13T21:41:54.852589+00:00,1424561854,-86.874
2026-07-13T21:41:54.852589+00:00,1424563319,-86.883
2026-07-13T21:41:54.852589+00:00,1424564784,-86.829
2026-07-13T21:41:54.852589+00:00,1424566249,-86.784
2026-07-13T21:41:54.852589+00:00,1424567714,-86.789
2026-07-13T21:41:54.852589+00:00,1424569178,-86.789
2026-07-13T21:41:54.852589+00:00,1424570643,-86.74
2026-07-13T21:41:54.852589+00:00,1424572108,-86.739
2026-07-13T21:41:54.852589+00:00,1424573573,-86.744
2026-07-13T21:41:54.852589+00:00,1424575038,-86.719
2026-07-13T21:41:54.852589+00:00,1424576503,-86.727
2026-07-13T21:41:54.852589+00:00,1424577967,-86.699
2026-07-13T21:41:54.852589+00:00,1424579432,-86.69
2026-07-13T21:41:54.852589+00:00,1424580897,-86.733
2026-07-13T21:41:54.852589+00:00,1424582362,-86.733
2026-07-13T21:41:54.852589+00:00,1424583827,-86.713
2026-07-13T21:41:54.852589+00:00,1424585292,-86.694
2026-07-13T21:41:54.852589+00:00,1424586757,-86.647
2026-07-13T21:41:54.852589+00:00,1424588221,-86.631
2026-07-13T21:41:54.852589+00:00,1424589686,-86.6
2026-07-13T21:41:54.852589+00:00,1424591151,-86.646
2026-07-13T21:41:54.852589+00:00,1424592616,-86.631
2026-07-13T21:41:54.852589+00:00,1424594081,-86.619
2026-07-13T21:41:54.852589+00:00,1424595546,-86.636
2026-07-13T21:41:54.852589+00:00,1424597010,-86.668
2026-07-13T21:41:54.852589+00:00,1424598475,-86.635
2026-07-13T21:41:54.852589+00:00,1424599940,-86.614
2026-07-13T21:41:54.852589+00:00,1424601405,-86.634
2026-07-13T21:41:54.852589+00:00,1424602870,-86.626
2026-07-13T21:41:54.852589+00:00,1424604335,-86.639
